engager,target_user,timestamp,interaction,tweet,post_id
979,8942,1341100000,RT,Love this! a policy that prioritizes healthcare access for everyone,0
12937,13506,1341100060,RE,Love this! AI tools improving everyday productivity,1
119425,214092,1341100120,MT,Love this! new initiatives making healthcare more accessible,2
372414,3816,1341100180,RT,Love this! efforts to reduce carbon emissions gaining momentum,3
42825,141501,1341100240,RE,Love this! new regulations improving market transparency,4
79783,208863,1341100300,MT,Love this! athletes breaking records with hard work,5
196143,39086,1341100360,RT,Love this! a movie receiving well-deserved praise from critics,6
47626,44135,1341100420,RE,Love this! schools implementing innovative learning programs,7
44264,18451,1341100480,MT,Love this! new discoveries expanding our understanding of the universe,8
17676,92785,1341100540,RT,Love this! new habits improving daily productivity,9
34963,6969,1341100600,RE,So glad to see this! a policy that prioritizes healthcare access for everyone,10
31450,16296,1341100660,MT,So glad to see this! AI tools improving everyday productivity,11
11095,73505,1341100720,RT,So glad to see this! new initiatives making healthcare more accessible,12
131116,49089,1341100780,RE,So glad to see this! efforts to reduce carbon emissions gaining momentum,13
150857,38001,1341100840,MT,So glad to see this! new regulations improving market transparency,14
8602,45004,1341100900,RT,So glad to see this! athletes breaking records with hard work,15
126428,31917,1341100960,RE,So glad to see this! a movie receiving well-deserved praise from critics,16
31564,61891,1341101020,MT,So glad to see this! schools implementing innovative learning programs,17
69815,131668,1341101080,RT,So glad to see this! new discoveries expanding our understanding of the universe,18
126503,39422,1341101140,RE,So glad to see this! new habits improving daily productivity,19
489,5516,1341101200,MT,Brilliant work! a policy that prioritizes healthcare access for everyone,20
1037,3020,1341101260,RT,Brilliant work! AI tools improving everyday productivity,21
983,171734,1341101320,RE,Brilliant work! new initiatives making healthcare more accessible,22
4123,299898,1341101380,MT,Brilliant work! efforts to reduce carbon emissions gaining momentum,23
44446,32438,1341101440,RT,Brilliant work! new regulations improving market transparency,24
217264,237922,1341101500,RE,Brilliant work! athletes breaking records with hard work,25
206229,12058,1341101560,MT,Brilliant work! a movie receiving well-deserved praise from critics,26
4875,153249,1341101620,RT,Brilliant work! schools implementing innovative learning programs,27
160629,344580,1341101680,RE,Brilliant work! new discoveries expanding our understanding of the universe,28
352288,108607,1341101740,MT,Brilliant work! new habits improving daily productivity,29
30230,3604,1341101800,RT,Hate this. a policy that prioritizes healthcare access for everyone,30
230370,679,1341101860,RE,Hate this. AI tools improving everyday productivity,31
51640,76901,1341101920,MT,Hate this. new initiatives making healthcare more accessible,32
16140,78063,1341101980,RT,Hate this. efforts to reduce carbon emissions gaining momentum,33
59162,6502,1341102040,RE,Hate this. new regulations improving market transparency,34
253142,10925,1341102100,MT,Hate this. athletes breaking records with hard work,35
85746,104265,1341102160,RT,Hate this. a movie receiving well-deserved praise from critics,36
104053,14134,1341102220,RE,Hate this. schools implementing innovative learning programs,37
50769,74187,1341102280,MT,Hate this. new discoveries expanding our understanding of the universe,38
149261,300860,1341102340,RT,Hate this. new habits improving daily productivity,39
5335,7691,1341102400,RE,This is disappointing. a policy that prioritizes healthcare access for everyone,40
400,55955,1341102460,MT,This is disappointing. AI tools improving everyday productivity,41
407912,34305,1341102520,RT,This is disappointing. new initiatives making healthcare more accessible,42
90718,126091,1341102580,RE,This is disappointing. efforts to reduce carbon emissions gaining momentum,43
79423,26171,1341102640,MT,This is disappointing. new regulations improving market transparency,44
173809,5602,1341102700,RT,This is disappointing. athletes breaking records with hard work,45
72174,2949,1341102760,RE,This is disappointing. a movie receiving well-deserved praise from critics,46
87319,39362,1341102820,MT,This is disappointing. schools implementing innovative learning programs,47
196228,49176,1341102880,RT,This is disappointing. new discoveries expanding our understanding of the universe,48
261489,410219,1341102940,RE,This is disappointing. new habits improving daily productivity,49
54039,14584,1341103000,MT,Not a fan of this at all. a policy that prioritizes healthcare access for everyone,50
4380,103921,1341103060,RT,Not a fan of this at all. AI tools improving everyday productivity,51
33461,90578,1341103120,RE,Not a fan of this at all. new initiatives making healthcare more accessible,52
140393,12514,1341103180,MT,Not a fan of this at all. efforts to reduce carbon emissions gaining momentum,53
218218,24923,1341103240,RT,Not a fan of this at all. new regulations improving market transparency,54
33070,12931,1341103300,RE,Not a fan of this at all. athletes breaking records with hard work,55
95081,366295,1341103360,MT,Not a fan of this at all. a movie receiving well-deserved praise from critics,56
164123,202936,1341103420,RT,Not a fan of this at all. schools implementing innovative learning programs,57
101118,88440,1341103480,RE,Not a fan of this at all. new discoveries expanding our understanding of the universe,58
77516,34625,1341103540,MT,Not a fan of this at all. new habits improving daily productivity,59
8016,531,1341103600,RT,Love this! leaders finally listening to public concerns,60
32243,2700,1341103660,RE,Love this! technology making complex tasks easier,61
74030,3845,1341103720,MT,Love this! mental health programs being prioritized in communities,62
42291,130098,1341103780,RT,Love this! renewable energy projects being implemented worldwide,63
269816,70120,1341103840,RE,Love this! cryptocurrency adoption growing responsibly,64
44246,45004,1341103900,MT,Love this! new fitness programs helping people stay active,65
80748,1348,1341103960,RT,Love this! an inspiring performance by a rising star,66
15496,30652,1341104020,RE,Love this! teachers being recognized for their dedication,67
66791,50209,1341104080,MT,Love this! research breakthroughs improving healthcare outcomes,68
39697,19955,1341104140,RT,Love this! mindfulness practices reducing stress,69
9363,301,1341104200,RE,So glad to see this! leaders finally listening to public concerns,70
10916,4535,1341104260,MT,So glad to see this! technology making complex tasks easier,71
67792,234284,1341104320,RT,So glad to see this! mental health programs being prioritized in communities,72
177746,79647,1341104380,RE,So glad to see this! renewable energy projects being implemented worldwide,73
1843,55185,1341104440,MT,So glad to see this! cryptocurrency adoption growing responsibly,74
173809,43853,1341104500,RT,So glad to see this! new fitness programs helping people stay active,75
13878,65644,1341104560,RE,So glad to see this! an inspiring performance by a rising star,76
71112,47249,1341104620,MT,So glad to see this! teachers being recognized for their dedication,77
2916,28072,1341104680,RT,So glad to see this! research breakthroughs improving healthcare outcomes,78
39697,195528,1341104740,RE,So glad to see this! mindfulness practices reducing stress,79
16783,68285,1341104800,MT,Brilliant work! leaders finally listening to public concerns,80
11346,16607,1341104860,RT,Brilliant work! technology making complex tasks easier,81
24272,22084,1341104920,RE,Brilliant work! mental health programs being prioritized in communities,82
48623,38695,1341104980,MT,Brilliant work! renewable energy projects being implemented worldwide,83
9917,8920,1341105040,RT,Brilliant work! cryptocurrency adoption growing responsibly,84
111325,547,1341105100,RE,Brilliant work! new fitness programs helping people stay active,85
188831,31671,1341105160,MT,Brilliant work! an inspiring performance by a rising star,86
11588,58737,1341105220,RT,Brilliant work! teachers being recognized for their dedication,87
4285,257868,1341105280,RE,Brilliant work! research breakthroughs improving healthcare outcomes,88
7219,13890,1341105340,MT,Brilliant work! mindfulness practices reducing stress,89
76165,7698,1341105400,RT,Hate this. leaders finally listening to public concerns,90
63,302797,1341105460,RE,Hate this. technology making complex tasks easier,91
515,106825,1341105520,MT,Hate this. mental health programs being prioritized in communities,92
71822,174836,1341105580,RT,Hate this. renewable energy projects being implemented worldwide,93
9352,266,1341105640,RE,Hate this. cryptocurrency adoption growing responsibly,94
146922,25248,1341105700,MT,Hate this. new fitness programs helping people stay active,95
260683,420228,1341105760,RT,Hate this. an inspiring performance by a rising star,96
51059,577,1341105820,RE,Hate this. teachers being recognized for their dedication,97
53266,3289,1341105880,MT,Hate this. research breakthroughs improving healthcare outcomes,98
199340,32297,1341105940,RT,Hate this. mindfulness practices reducing stress,99
33476,8959,1341106000,RE,This is disappointing. leaders finally listening to public concerns,100
79648,8077,1341106060,MT,This is disappointing. technology making complex tasks easier,101
271558,257094,1341106120,RT,This is disappointing. mental health programs being prioritized in communities,102
40612,134095,1341106180,RE,This is disappointing. renewable energy projects being implemented worldwide,103
252993,215675,1341106240,MT,This is disappointing. cryptocurrency adoption growing responsibly,104
175276,16766,1341106300,RT,This is disappointing. new fitness programs helping people stay active,105
412350,31850,1341106360,RE,This is disappointing. an inspiring performance by a rising star,106
66750,59332,1341106420,MT,This is disappointing. teachers being recognized for their dedication,107
104904,85599,1341106480,RT,This is disappointing. research breakthroughs improving healthcare outcomes,108
70424,7418,1341106540,RE,This is disappointing. mindfulness practices reducing stress,109
54200,4368,1341106600,MT,Not a fan of this at all. leaders finally listening to public concerns,110
7956,282758,1341106660,RT,Not a fan of this at all. technology making complex tasks easier,111
41828,233483,1341106720,RE,Not a fan of this at all. mental health programs being prioritized in communities,112
5253,38695,1341106780,MT,Not a fan of this at all. renewable energy projects being implemented worldwide,113
24031,5741,1341106840,RT,Not a fan of this at all. cryptocurrency adoption growing responsibly,114
17172,114224,1341106900,RE,Not a fan of this at all. new fitness programs helping people stay active,115
109178,66443,1341106960,MT,Not a fan of this at all. an inspiring performance by a rising star,116
59998,27850,1341107020,RT,Not a fan of this at all. teachers being recognized for their dedication,117
175283,95923,1341107080,RE,Not a fan of this at all. research breakthroughs improving healthcare outcomes,118
36841,1907,1341107140,MT,Not a fan of this at all. mindfulness practices reducing stress,119
3369,27738,1341107200,RT,Love this! real action being taken against corruption,120
80429,15998,1341107260,RE,Love this! responsible AI development being prioritized,121
156668,6072,1341107320,MT,Love this! fitness campaigns motivating people to stay active,122
39501,218783,1341107380,RT,Love this! policies protecting endangered species,123
45082,20533,1341107440,RE,Love this! financial literacy programs reaching more people,124
54223,34333,1341107500,MT,Love this! community sports initiatives encouraging youth participation,125
35304,38237,1341107560,RT,Love this! TV shows promoting meaningful messages,126
309612,29054,1341107620,RE,Love this! career programs helping students find their passion,127
10638,166548,1341107680,MT,Love this! scientists making important climate change findings,128
31887,216018,1341107740,RT,Love this! self-care routines making a real difference,129
3994,13808,1341107800,RE,So glad to see this! real action being taken against corruption,130
2765,90083,1341107860,MT,So glad to see this! responsible AI development being prioritized,131
3259,91840,1341107920,RT,So glad to see this! fitness campaigns motivating people to stay active,132
66279,22236,1341107980,RE,So glad to see this! policies protecting endangered species,133
79232,24227,1341108040,MT,So glad to see this! financial literacy programs reaching more people,134
114224,10819,1341108100,RT,So glad to see this! community sports initiatives encouraging youth participation,135
1250,97179,1341108160,RE,So glad to see this! TV shows promoting meaningful messages,136
23570,19989,1341108220,MT,So glad to see this! career programs helping students find their passion,137
1357,74369,1341108280,RT,So glad to see this! scientists making important climate change findings,138
6712,8293,1341108340,RE,So glad to see this! self-care routines making a real difference,139
54039,2237,1341108400,MT,Brilliant work! real action being taken against corruption,140
50219,22779,1341108460,RT,Brilliant work! responsible AI development being prioritized,141
93062,39874,1341108520,RE,Brilliant work! fitness campaigns motivating people to stay active,142
178,4929,1341108580,MT,Brilliant work! policies protecting endangered species,143
17468,32438,1341108640,RT,Brilliant work! financial literacy programs reaching more people,144
38028,310776,1341108700,RE,Brilliant work! community sports initiatives encouraging youth participation,145
60493,75606,1341108760,MT,Brilliant work! TV shows promoting meaningful messages,146
32195,114837,1341108820,RT,Brilliant work! career programs helping students find their passion,147
6545,148860,1341108880,RE,Brilliant work! scientists making important climate change findings,148
94373,56042,1341108940,MT,Brilliant work! self-care routines making a real difference,149
35062,15,1341109000,RT,Hate this. real action being taken against corruption,150
16708,32243,1341109060,RE,Hate this. responsible AI development being prioritized,151
51745,16293,1341109120,MT,Hate this. fitness campaigns motivating people to stay active,152
84163,24514,1341109180,RT,Hate this. policies protecting endangered species,153
39928,180496,1341109240,RE,Hate this. financial literacy programs reaching more people,154
43719,10093,1341109300,MT,Hate this. community sports initiatives encouraging youth participation,155
29721,1317,1341109360,RT,Hate this. TV shows promoting meaningful messages,156
138800,43643,1341109420,RE,Hate this. career programs helping students find their passion,157
46669,49695,1341109480,MT,Hate this. scientists making important climate change findings,158
183312,37753,1341109540,RT,Hate this. self-care routines making a real difference,159
752,468,1341109600,RE,This is disappointing. real action being taken against corruption,160
90083,32243,1341109660,MT,This is disappointing. responsible AI development being prioritized,161
17358,51886,1341109720,RT,This is disappointing. fitness campaigns motivating people to stay active,162
12440,14085,1341109780,RE,This is disappointing. policies protecting endangered species,163
50910,33787,1341109840,MT,This is disappointing. financial literacy programs reaching more people,164
53831,77241,1341109900,RT,This is disappointing. community sports initiatives encouraging youth participation,165
126181,39086,1341109960,RE,This is disappointing. TV shows promoting meaningful messages,166
5213,70340,1341110020,MT,This is disappointing. career programs helping students find their passion,167
45587,16681,1341110080,RT,This is disappointing. scientists making important climate change findings,168
51247,43385,1341110140,RE,This is disappointing. self-care routines making a real difference,169
32226,38602,1341110200,MT,Not a fan of this at all. real action being taken against corruption,170
867,16746,1341110260,RT,Not a fan of this at all. responsible AI development being prioritized,171
103759,24272,1341110320,RE,Not a fan of this at all. fitness campaigns motivating people to stay active,172
10765,52905,1341110380,MT,Not a fan of this at all. policies protecting endangered species,173
288158,66495,1341110440,RT,Not a fan of this at all. financial literacy programs reaching more people,174
2062,7423,1341110500,RE,Not a fan of this at all. community sports initiatives encouraging youth participation,175
480,5832,1341110560,MT,Not a fan of this at all. TV shows promoting meaningful messages,176
242386,8517,1341110620,RT,Not a fan of this at all. career programs helping students find their passion,177
74369,116495,1341110680,RE,Not a fan of this at all. scientists making important climate change findings,178
125337,30323,1341110740,MT,Not a fan of this at all. self-care routines making a real difference,179
34268,14588,1341110800,RT,Love this! transparent decision-making in government,180
74295,1647,1341110860,RE,Love this! automation helping people focus on creative work,181
101738,580,1341110920,MT,Love this! nutrition awareness efforts reaching wider audiences,182
95896,4717,1341110980,RT,Love this! innovations in sustainable agriculture,183
26171,31171,1341111040,RE,Love this! innovations making banking more accessible,184
76414,18364,1341111100,MT,Love this! technology improving training and performance,185
23395,15217,1341111160,RT,Love this! musicians using their platform for good causes,186
50947,2645,1341111220,RE,Love this! online courses expanding access to education,187
266248,5693,1341111280,MT,Love this! space missions inspiring curiosity globally,188
26691,115042,1341111340,RT,Love this! personal growth programs helping people achieve goals,189
456,37532,1341111400,RE,So glad to see this! transparent decision-making in government,190
232850,236994,1341111460,MT,So glad to see this! automation helping people focus on creative work,191
50266,52122,1341111520,RT,So glad to see this! nutrition awareness efforts reaching wider audiences,192
57916,598,1341111580,RE,So glad to see this! innovations in sustainable agriculture,193
176243,51702,1341111640,MT,So glad to see this! innovations making banking more accessible,194
41736,65,1341111700,RT,So glad to see this! technology improving training and performance,195
220557,64320,1341111760,RE,So glad to see this! musicians using their platform for good causes,196
17382,242386,1341111820,MT,So glad to see this! online courses expanding access to education,197
144204,108925,1341111880,RT,So glad to see this! space missions inspiring curiosity globally,198
7171,12159,1341111940,RE,So glad to see this! personal growth programs helping people achieve goals,199
80101,3235,1341112000,MT,Brilliant work! transparent decision-making in government,200
230370,221491,1341112060,RT,Brilliant work! automation helping people focus on creative work,201
40323,31028,1341112120,RE,Brilliant work! nutrition awareness efforts reaching wider audiences,202
101854,24514,1341112180,MT,Brilliant work! innovations in sustainable agriculture,203
70897,13685,1341112240,RT,Brilliant work! innovations making banking more accessible,204
68,26367,1341112300,RE,Brilliant work! technology improving training and performance,205
99084,27518,1341112360,MT,Brilliant work! musicians using their platform for good causes,206
9879,26668,1341112420,RT,Brilliant work! online courses expanding access to education,207
50270,425025,1341112480,RE,Brilliant work! space missions inspiring curiosity globally,208
165636,55239,1341112540,MT,Brilliant work! personal growth programs helping people achieve goals,209
6,1881,1341112600,RT,Hate this. transparent decision-making in government,210
28664,302797,1341112660,RE,Hate this. automation helping people focus on creative work,211
2922,35365,1341112720,MT,Hate this. nutrition awareness efforts reaching wider audiences,212
718,130814,1341112780,RT,Hate this. innovations in sustainable agriculture,213
9101,350982,1341112840,RE,Hate this. innovations making banking more accessible,214
4984,6338,1341112900,MT,Hate this. technology improving training and performance,215
31966,108421,1341112960,RT,Hate this. musicians using their platform for good causes,216
13916,50964,1341113020,RE,Hate this. online courses expanding access to education,217
9016,8839,1341113080,MT,Hate this. space missions inspiring curiosity globally,218
140242,101718,1341113140,RT,Hate this. personal growth programs helping people achieve goals,219
57122,30230,1341113200,RE,This is disappointing. transparent decision-making in government,220
2898,61753,1341113260,MT,This is disappointing. automation helping people focus on creative work,221
62195,195232,1341113320,RT,This is disappointing. nutrition awareness efforts reaching wider audiences,222
135369,79647,1341113380,RE,This is disappointing. innovations in sustainable agriculture,223
46192,20683,1341113440,MT,This is disappointing. innovations making banking more accessible,224
47935,32108,1341113500,RT,This is disappointing. technology improving training and performance,225
423897,133449,1341113560,RE,This is disappointing. musicians using their platform for good causes,226
4875,137451,1341113620,MT,This is disappointing. online courses expanding access to education,227
53876,432466,1341113680,RT,This is disappointing. space missions inspiring curiosity globally,228
206753,131506,1341113740,RE,This is disappointing. personal growth programs helping people achieve goals,229
71,33383,1341113800,MT,Not a fan of this at all. transparent decision-making in government,230
5280,59702,1341113860,RT,Not a fan of this at all. automation helping people focus on creative work,231
71888,149327,1341113920,RE,Not a fan of this at all. nutrition awareness efforts reaching wider audiences,232
32977,79577,1341113980,MT,Not a fan of this at all. innovations in sustainable agriculture,233
12013,15294,1341114040,RT,Not a fan of this at all. innovations making banking more accessible,234
9951,121076,1341114100,RE,Not a fan of this at all. technology improving training and performance,235
132002,73697,1341114160,MT,Not a fan of this at all. musicians using their platform for good causes,236
7268,21537,1341114220,RT,Not a fan of this at all. online courses expanding access to education,237
16938,120179,1341114280,RE,Not a fan of this at all. space missions inspiring curiosity globally,238
17655,8889,1341114340,MT,Not a fan of this at all. personal growth programs helping people achieve goals,239
4444,1971,1341114400,RT,Love this! investment in public education systems,240
12513,6651,1341114460,RE,Love this! AI models becoming more transparent,241
95871,176481,1341114520,MT,Love this! breakthroughs in disease prevention and treatment,242
30069,12344,1341114580,RT,Love this! community programs cleaning up local environments,243
61515,39566,1341114640,RE,Love this! policies supporting small investors,244
111325,34333,1341114700,MT,Love this! healthy lifestyle campaigns reaching more people,245
99532,90041,1341114760,RT,Love this! award ceremonies celebrating real talent,246
240876,202936,1341114820,RE,Love this! mentorship opportunities guiding young professionals,247
166548,35080,1341114880,MT,Love this! innovations in renewable energy technology,248
98905,63223,1341114940,RT,Love this! healthy lifestyle choices being adopted widely,249
20050,26486,1341115000,RE,So glad to see this! investment in public education systems,250
16746,31836,1341115060,MT,So glad to see this! AI models becoming more transparent,251
22774,149327,1341115120,RT,So glad to see this! breakthroughs in disease prevention and treatment,252
24757,287121,1341115180,RE,So glad to see this! community programs cleaning up local environments,253
103080,26171,1341115240,MT,So glad to see this! policies supporting small investors,254
169754,248648,1341115300,RT,So glad to see this! healthy lifestyle campaigns reaching more people,255
12058,6643,1341115360,RE,So glad to see this! award ceremonies celebrating real talent,256
88355,15285,1341115420,MT,So glad to see this! mentorship opportunities guiding young professionals,257
285111,85599,1341115480,RT,So glad to see this! innovations in renewable energy technology,258
76,132832,1341115540,RE,So glad to see this! healthy lifestyle choices being adopted widely,259
33476,57543,1341115600,MT,Brilliant work! investment in public education systems,260
199877,22470,1341115660,RT,Brilliant work! AI models becoming more transparent,261
69779,9003,1341115720,RE,Brilliant work! breakthroughs in disease prevention and treatment,262
9932,30790,1341115780,MT,Brilliant work! community programs cleaning up local environments,263
10339,22004,1341115840,RT,Brilliant work! policies supporting small investors,264
323711,69022,1341115900,RE,Brilliant work! healthy lifestyle campaigns reaching more people,265
14683,67666,1341115960,MT,Brilliant work! award ceremonies celebrating real talent,266
168394,26149,1341116020,RT,Brilliant work! mentorship opportunities guiding young professionals,267
16938,63283,1341116080,RE,Brilliant work! innovations in renewable energy technology,268
55151,102377,1341116140,MT,Brilliant work! healthy lifestyle choices being adopted widely,269
5907,23680,1341116200,RT,Hate this. investment in public education systems,270
79648,29864,1341116260,RE,Hate this. AI models becoming more transparent,271
14727,30478,1341116320,MT,Hate this. breakthroughs in disease prevention and treatment,272
17989,57739,1341116380,RT,Hate this. community programs cleaning up local environments,273
167,16441,1341116440,RE,Hate this. policies supporting small investors,274
37510,12251,1341116500,MT,Hate this. healthy lifestyle campaigns reaching more people,275
18104,11342,1341116560,RT,Hate this. award ceremonies celebrating real talent,276
14926,42936,1341116620,RE,Hate this. mentorship opportunities guiding young professionals,277
181887,32532,1341116680,MT,Hate this. innovations in renewable energy technology,278
21832,2169,1341116740,RT,Hate this. healthy lifestyle choices being adopted widely,279
16358,768,1341116800,RE,This is disappointing. investment in public education systems,280
50282,2060,1341116860,MT,This is disappointing. AI models becoming more transparent,281
51729,179509,1341116920,RT,This is disappointing. breakthroughs in disease prevention and treatment,282
46527,170665,1341116980,RE,This is disappointing. community programs cleaning up local environments,283
48977,88951,1341117040,MT,This is disappointing. policies supporting small investors,284
14589,182825,1341117100,RT,This is disappointing. healthy lifestyle campaigns reaching more people,285
114159,57279,1341117160,RE,This is disappointing. award ceremonies celebrating real talent,286
50286,118226,1341117220,MT,This is disappointing. mentorship opportunities guiding young professionals,287
95377,20751,1341117280,RT,This is disappointing. innovations in renewable energy technology,288
50338,324281,1341117340,RE,This is disappointing. healthy lifestyle choices being adopted widely,289
8767,162402,1341117400,MT,Not a fan of this at all. investment in public education systems,290
16708,73941,1341117460,RT,Not a fan of this at all. AI models becoming more transparent,291
22450,73485,1341117520,RE,Not a fan of this at all. breakthroughs in disease prevention and treatment,292
23694,227552,1341117580,MT,Not a fan of this at all. community programs cleaning up local environments,293
12266,9101,1341117640,RT,Not a fan of this at all. policies supporting small investors,294
10482,59397,1341117700,RE,Not a fan of this at all. healthy lifestyle campaigns reaching more people,295
6643,8786,1341117760,MT,Not a fan of this at all. award ceremonies celebrating real talent,296
8517,8913,1341117820,RT,Not a fan of this at all. mentorship opportunities guiding young professionals,297
95923,166169,1341117880,RE,Not a fan of this at all. innovations in renewable energy technology,298
6707,165636,1341117940,MT,Not a fan of this at all. healthy lifestyle choices being adopted widely,299
7436,37523,1341118000,RT,Love this! policies that protect workers’ rights,300
12513,31836,1341118060,RE,Love this! ethical guidelines shaping AI innovation,301
2689,7269,1341118120,MT,Love this! telemedicine improving access to care,302
50679,14570,1341118180,RT,Love this! government commitments to fight climate change,303
17881,16502,1341118240,RE,Love this! blockchain technology improving transaction security,304
7133,1828,1341118300,MT,Love this! teams showing great sportsmanship,305
23979,106399,1341118360,RT,Love this! actors showing dedication to their craft,306
38277,39636,1341118420,RE,Love this! policies improving education quality,307
116388,15295,1341118480,MT,Love this! scientific studies shedding light on complex problems,308
37562,13584,1341118540,RT,Love this! motivational content inspiring positive change,309
1852,2696,1341118600,RE,So glad to see this! policies that protect workers’ rights,310
85766,235,1341118660,MT,So glad to see this! ethical guidelines shaping AI innovation,311
64729,2162,1341118720,RT,So glad to see this! telemedicine improving access to care,312
105143,582,1341118780,RE,So glad to see this! government commitments to fight climate change,313
23318,67504,1341118840,MT,So glad to see this! blockchain technology improving transaction security,314
63143,50299,1341118900,RT,So glad to see this! teams showing great sportsmanship,315
41425,6607,1341118960,RE,So glad to see this! actors showing dedication to their craft,316
101872,378,1341119020,MT,So glad to see this! policies improving education quality,317
230245,17640,1341119080,RT,So glad to see this! scientific studies shedding light on complex problems,318
132195,8889,1341119140,RE,So glad to see this! motivational content inspiring positive change,319
7962,7783,1341119200,MT,Brilliant work! policies that protect workers’ rights,320
3020,14064,1341119260,RT,Brilliant work! ethical guidelines shaping AI innovation,321
7269,31028,1341119320,RE,Brilliant work! telemedicine improving access to care,322
40282,34227,1341119380,MT,Brilliant work! government commitments to fight climate change,323
217458,48350,1341119440,RT,Brilliant work! blockchain technology improving transaction security,324
20395,5464,1341119500,RE,Brilliant work! teams showing great sportsmanship,325
178263,65282,1341119560,MT,Brilliant work! actors showing dedication to their craft,326
58569,75042,1341119620,RT,Brilliant work! policies improving education quality,327
140629,98493,1341119680,RE,Brilliant work! scientific studies shedding light on complex problems,328
6435,346917,1341119740,MT,Brilliant work! motivational content inspiring positive change,329
42182,2059,1341119800,RT,Hate this. policies that protect workers’ rights,330
7689,49159,1341119860,RE,Hate this. ethical guidelines shaping AI innovation,331
9905,31288,1341119920,MT,Hate this. telemedicine improving access to care,332
21587,11960,1341119980,RT,Hate this. government commitments to fight climate change,333
35353,35064,1341120040,RE,Hate this. blockchain technology improving transaction security,334
10694,20096,1341120100,MT,Hate this. teams showing great sportsmanship,335
36065,6093,1341120160,RT,Hate this. actors showing dedication to their craft,336
8943,242386,1341120220,RE,Hate this. policies improving education quality,337
18451,173993,1341120280,MT,Hate this. scientific studies shedding light on complex problems,338
14598,81427,1341120340,RT,Hate this. motivational content inspiring positive change,339
206,7540,1341120400,RE,This is disappointing. policies that protect workers’ rights,340
22470,42180,1341120460,MT,This is disappointing. ethical guidelines shaping AI innovation,341
167882,7514,1341120520,RT,This is disappointing. telemedicine improving access to care,342
128779,38382,1341120580,RE,This is disappointing. government commitments to fight climate change,343
219373,1415,1341120640,MT,This is disappointing. blockchain technology improving transaction security,344
20560,31234,1341120700,RT,This is disappointing. teams showing great sportsmanship,345
14805,61446,1341120760,RE,This is disappointing. actors showing dedication to their craft,346
62168,47159,1341120820,MT,This is disappointing. policies improving education quality,347
68079,3976,1341120880,RT,This is disappointing. scientific studies shedding light on complex problems,348
49086,37753,1341120940,RE,This is disappointing. motivational content inspiring positive change,349
2994,35375,1341121000,MT,Not a fan of this at all. policies that protect workers’ rights,350
29225,4821,1341121060,RT,Not a fan of this at all. ethical guidelines shaping AI innovation,351
105315,101502,1341121120,RE,Not a fan of this at all. telemedicine improving access to care,352
24514,38445,1341121180,MT,Not a fan of this at all. government commitments to fight climate change,353
74604,12666,1341121240,RT,Not a fan of this at all. blockchain technology improving transaction security,354
6551,85586,1341121300,RE,Not a fan of this at all. teams showing great sportsmanship,355
14683,11438,1341121360,MT,Not a fan of this at all. actors showing dedication to their craft,356
7525,5965,1341121420,RT,Not a fan of this at all. policies improving education quality,357
150170,9229,1341121480,RE,Not a fan of this at all. scientific studies shedding light on complex problems,358
84841,14154,1341121540,MT,Not a fan of this at all. motivational content inspiring positive change,359
11991,55471,1341121600,RT,Love this! lawmakers focusing on long-term impact over short-term gains,360
60686,407,1341121660,RE,Love this! technology improving accessibility for everyone,361
30973,54258,1341121720,MT,Love this! holistic wellness approaches being adopted,362
12464,59324,1341121780,RT,Love this! green technology making cities cleaner,363
62217,79724,1341121840,RE,Love this! initiatives protecting consumers from fraud,364
110932,12999,1341121900,MT,Love this! exercise routines becoming more accessible,365
50401,423897,1341121960,RT,Love this! films breaking stereotypes in storytelling,366
42239,24238,1341122020,RE,Love this! training programs enhancing workplace skills,367
388737,166765,1341122080,MT,Love this! astronomy projects revealing distant galaxies,368
51849,12272,1341122140,RT,Love this! time management strategies boosting efficiency,369
957,13416,1341122200,RE,So glad to see this! lawmakers focusing on long-term impact over short-term gains,370
56426,273,1341122260,MT,So glad to see this! technology improving accessibility for everyone,371
2922,7505,1341122320,RT,So glad to see this! holistic wellness approaches being adopted,372
7414,12483,1341122380,RE,So glad to see this! green technology making cities cleaner,373
71027,167,1341122440,MT,So glad to see this! initiatives protecting consumers from fraud,374
341871,13609,1341122500,RT,So glad to see this! exercise routines becoming more accessible,375
93269,191125,1341122560,RE,So glad to see this! films breaking stereotypes in storytelling,376
50947,168394,1341122620,MT,So glad to see this! training programs enhancing workplace skills,377
95923,95377,1341122680,RT,So glad to see this! astronomy projects revealing distant galaxies,378
50770,9108,1341122740,RE,So glad to see this! time management strategies boosting efficiency,379
14584,37523,1341122800,MT,Brilliant work! lawmakers focusing on long-term impact over short-term gains,380
11267,92,1341122860,RT,Brilliant work! technology improving accessibility for everyone,381
71141,53258,1341122920,RE,Brilliant work! holistic wellness approaches being adopted,382
7942,39501,1341122980,MT,Brilliant work! green technology making cities cleaner,383
204837,15741,1341123040,RT,Brilliant work! initiatives protecting consumers from fraud,384
27741,10482,1341123100,RE,Brilliant work! exercise routines becoming more accessible,385
20363,67666,1341123160,MT,Brilliant work! films breaking stereotypes in storytelling,386
147252,144338,1341123220,RT,Brilliant work! training programs enhancing workplace skills,387
220181,198004,1341123280,RE,Brilliant work! astronomy projects revealing distant galaxies,388
49086,497,1341123340,MT,Brilliant work! time management strategies boosting efficiency,389
35729,49179,1341123400,RT,Hate this. lawmakers focusing on long-term impact over short-term gains,390
867,158955,1341123460,RE,Hate this. technology improving accessibility for everyone,391
18012,12469,1341123520,MT,Hate this. holistic wellness approaches being adopted,392
314,20988,1341123580,RT,Hate this. green technology making cities cleaner,393
260698,9917,1341123640,RE,Hate this. initiatives protecting consumers from fraud,394
66669,208863,1341123700,MT,Hate this. exercise routines becoming more accessible,395
65187,28063,1341123760,RT,Hate this. films breaking stereotypes in storytelling,396
33150,33442,1341123820,RE,Hate this. training programs enhancing workplace skills,397
36114,39372,1341123880,MT,Hate this. astronomy projects revealing distant galaxies,398
91029,2084,1341123940,RT,Hate this. time management strategies boosting efficiency,399
14957,468,1341124000,RE,This is disappointing. lawmakers focusing on long-term impact over short-term gains,400
302797,198081,1341124060,MT,This is disappointing. technology improving accessibility for everyone,401
6693,2922,1341124120,RT,This is disappointing. holistic wellness approaches being adopted,402
56022,101854,1341124180,RE,This is disappointing. green technology making cities cleaner,403
35372,103080,1341124240,MT,This is disappointing. initiatives protecting consumers from fraud,404
60525,63808,1341124300,RT,This is disappointing. exercise routines becoming more accessible,405
29477,14887,1341124360,RE,This is disappointing. films breaking stereotypes in storytelling,406
16457,14554,1341124420,MT,This is disappointing. training programs enhancing workplace skills,407
225461,28072,1341124480,RT,This is disappointing. astronomy projects revealing distant galaxies,408
32564,410219,1341124540,RE,This is disappointing. time management strategies boosting efficiency,409
69417,12473,1341124600,MT,Not a fan of this at all. lawmakers focusing on long-term impact over short-term gains,410
9682,140893,1341124660,RT,Not a fan of this at all. technology improving accessibility for everyone,411
40669,51745,1341124720,RE,Not a fan of this at all. holistic wellness approaches being adopted,412
39501,27682,1341124780,MT,Not a fan of this at all. green technology making cities cleaner,413
103080,57766,1341124840,RT,Not a fan of this at all. initiatives protecting consumers from fraud,414
102591,71277,1341124900,RE,Not a fan of this at all. exercise routines becoming more accessible,415
18654,176473,1341124960,MT,Not a fan of this at all. films breaking stereotypes in storytelling,416
15788,57324,1341125020,RT,Not a fan of this at all. training programs enhancing workplace skills,417
447409,815,1341125080,RE,Not a fan of this at all. astronomy projects revealing distant galaxies,418
47184,196346,1341125140,MT,Not a fan of this at all. time management strategies boosting efficiency,419
4,47490,1341125200,RT,Love this! steps toward reducing economic inequality,420
2795,189,1341125260,RE,Love this! AI assisting doctors with better diagnoses,421
96067,25784,1341125320,MT,Love this! vaccination drives protecting vulnerable populations,422
1390,6657,1341125380,RT,Love this! awareness campaigns encouraging recycling,423
302529,26079,1341125440,RE,Love this! financial technology simplifying payments,424
20560,572,1341125500,MT,Love this! coaching programs mentoring young talent,425
29264,36415,1341125560,RT,Love this! celebrities raising awareness for social issues,426
89020,306742,1341125620,RE,Love this! students achieving impressive academic milestones,427
27066,10053,1341125680,MT,Love this! research improving environmental sustainability,428
94373,130555,1341125740,RT,Love this! wellness apps helping track progress effectively,429
33476,12751,1341125800,RE,So glad to see this! steps toward reducing economic inequality,430
377122,142160,1341125860,MT,So glad to see this! AI assisting doctors with better diagnoses,431
122460,18319,1341125920,RT,So glad to see this! vaccination drives protecting vulnerable populations,432
314,48623,1341125980,RE,So glad to see this! awareness campaigns encouraging recycling,433
156400,67581,1341126040,MT,So glad to see this! financial technology simplifying payments,434
235207,85337,1341126100,RT,So glad to see this! coaching programs mentoring young talent,435
98728,353362,1341126160,RE,So glad to see this! celebrities raising awareness for social issues,436
81674,2258,1341126220,MT,So glad to see this! students achieving impressive academic milestones,437
312038,55443,1341126280,RT,So glad to see this! research improving environmental sustainability,438
94373,77245,1341126340,RE,So glad to see this! wellness apps helping track progress effectively,439
5438,50218,1341126400,MT,Brilliant work! steps toward reducing economic inequality,440
27037,44183,1341126460,RT,Brilliant work! AI assisting doctors with better diagnoses,441
18012,68702,1341126520,RE,Brilliant work! vaccination drives protecting vulnerable populations,442
251638,79647,1341126580,MT,Brilliant work! awareness campaigns encouraging recycling,443
104281,55185,1341126640,RT,Brilliant work! financial technology simplifying payments,444
971,229741,1341126700,RE,Brilliant work! coaching programs mentoring young talent,445
72388,57279,1341126760,MT,Brilliant work! celebrities raising awareness for social issues,446
3166,18641,1341126820,RT,Brilliant work! students achieving impressive academic milestones,447
67299,55401,1341126880,RE,Brilliant work! research improving environmental sustainability,448
123628,154584,1341126940,MT,Brilliant work! wellness apps helping track progress effectively,449
35352,1852,1341127000,RT,Hate this. steps toward reducing economic inequality,450
17507,59027,1341127060,RE,Hate this. AI assisting doctors with better diagnoses,451
49351,101502,1341127120,MT,Hate this. vaccination drives protecting vulnerable populations,452
8299,48073,1341127180,RT,Hate this. awareness campaigns encouraging recycling,453
38001,349771,1341127240,RE,Hate this. financial technology simplifying payments,454
208502,400577,1341127300,MT,Hate this. coaching programs mentoring young talent,455
74048,423163,1341127360,RT,Hate this. celebrities raising awareness for social issues,456
57654,14134,1341127420,RE,Hate this. students achieving impressive academic milestones,457
10475,130613,1341127480,MT,Hate this. research improving environmental sustainability,458
70550,77516,1341127540,RT,Hate this. wellness apps helping track progress effectively,459
191752,28476,1341127600,RE,This is disappointing. steps toward reducing economic inequality,460
1253,31248,1341127660,MT,This is disappointing. AI assisting doctors with better diagnoses,461
4564,31290,1341127720,RT,This is disappointing. vaccination drives protecting vulnerable populations,462
152137,157359,1341127780,RE,This is disappointing. awareness campaigns encouraging recycling,463
89,50199,1341127840,MT,This is disappointing. financial technology simplifying payments,464
87993,31926,1341127900,RT,This is disappointing. coaching programs mentoring young talent,465
109178,8989,1341127960,RE,This is disappointing. celebrities raising awareness for social issues,466
46554,51059,1341128020,MT,This is disappointing. students achieving impressive academic milestones,467
43276,173124,1341128080,RT,This is disappointing. research improving environmental sustainability,468
89949,17312,1341128140,RE,This is disappointing. wellness apps helping track progress effectively,469
2055,531,1341128200,MT,Not a fan of this at all. steps toward reducing economic inequality,470
81422,65097,1341128260,RT,Not a fan of this at all. AI assisting doctors with better diagnoses,471
62195,54291,1341128320,RE,Not a fan of this at all. vaccination drives protecting vulnerable populations,472
225318,21695,1341128380,MT,Not a fan of this at all. awareness campaigns encouraging recycling,473
16570,13516,1341128440,RT,Not a fan of this at all. financial technology simplifying payments,474
61005,130735,1341128500,RE,Not a fan of this at all. coaching programs mentoring young talent,475
87761,1722,1341128560,MT,Not a fan of this at all. celebrities raising awareness for social issues,476
10225,23570,1341128620,RT,Not a fan of this at all. students achieving impressive academic milestones,477
62607,115543,1341128680,RE,Not a fan of this at all. research improving environmental sustainability,478
94918,12478,1341128740,MT,Not a fan of this at all. wellness apps helping track progress effectively,479
47490,1062,1341128800,RT,Love this! evidence-based policymaking becoming the norm,480
26930,62125,1341128860,RE,Love this! smart systems optimizing energy usage,481
2162,18700,1341128920,MT,Love this! wellness technology helping track personal health,482
13920,7151,1341128980,RT,Love this! reforestation projects restoring natural habitats,483
103986,8110,1341129040,RE,Love this! investment education being prioritized,484
11444,15799,1341129100,MT,Love this! sports events promoting inclusivity,485
14146,9919,1341129160,RT,Love this! new content that engages audiences positively,486
191108,78827,1341129220,RE,Love this! programs reducing barriers to higher education,487
28072,265816,1341129280,MT,Love this! space exploration pushing technological boundaries,488
31222,244854,1341129340,RT,Love this! goal-setting workshops encouraging focus,489
194092,7627,1341129400,RE,So glad to see this! evidence-based policymaking becoming the norm,490
91,272834,1341129460,MT,So glad to see this! smart systems optimizing energy usage,491
257094,27071,1341129520,RT,So glad to see this! wellness technology helping track personal health,492
718,11152,1341129580,RE,So glad to see this! reforestation projects restoring natural habitats,493
7599,219373,1341129640,MT,So glad to see this! investment education being prioritized,494
24669,66778,1341129700,RT,So glad to see this! sports events promoting inclusivity,495
1912,86813,1341129760,RE,So glad to see this! new content that engages audiences positively,496
377965,92774,1341129820,MT,So glad to see this! programs reducing barriers to higher education,497
3976,6545,1341129880,RT,So glad to see this! space exploration pushing technological boundaries,498
3144,55521,1341129940,RE,So glad to see this! goal-setting workshops encouraging focus,499
14549,7937,1341130000,MT,Brilliant work! evidence-based policymaking becoming the norm,500
19869,10964,1341130060,RT,Brilliant work! smart systems optimizing energy usage,501
214092,991,1341130120,RE,Brilliant work! wellness technology helping track personal health,502
368167,12464,1341130180,MT,Brilliant work! reforestation projects restoring natural habitats,503
126459,35242,1341130240,RT,Brilliant work! investment education being prioritized,504
20922,196786,1341130300,RE,Brilliant work! sports events promoting inclusivity,505
65919,178263,1341130360,MT,Brilliant work! new content that engages audiences positively,506
80491,73556,1341130420,RT,Brilliant work! programs reducing barriers to higher education,507
24804,130815,1341130480,RE,Brilliant work! space exploration pushing technological boundaries,508
12159,118527,1341130540,MT,Brilliant work! goal-setting workshops encouraging focus,509
4708,19,1341130600,RT,Hate this. evidence-based policymaking becoming the norm,510
91948,8073,1341130660,RE,Hate this. smart systems optimizing energy usage,511
25784,78773,1341130720,MT,Hate this. wellness technology helping track personal health,512
5102,22740,1341130780,RT,Hate this. reforestation projects restoring natural habitats,513
98138,180496,1341130840,RE,Hate this. investment education being prioritized,514
1828,34,1341130900,MT,Hate this. sports events promoting inclusivity,515
50434,103181,1341130960,RT,Hate this. new content that engages audiences positively,516
406640,57319,1341131020,RE,Hate this. programs reducing barriers to higher education,517
119547,12259,1341131080,MT,Hate this. space exploration pushing technological boundaries,518
18901,12922,1341131140,RT,Hate this. goal-setting workshops encouraging focus,519
228,47490,1341131200,RE,This is disappointing. evidence-based policymaking becoming the norm,520
59529,47470,1341131260,MT,This is disappointing. smart systems optimizing energy usage,521
515,90578,1341131320,RT,This is disappointing. wellness technology helping track personal health,522
59654,9914,1341131380,RE,This is disappointing. reforestation projects restoring natural habitats,523
1665,71549,1341131440,MT,This is disappointing. investment education being prioritized,524
16143,238524,1341131500,RT,This is disappointing. sports events promoting inclusivity,525
31329,90325,1341131560,RE,This is disappointing. new content that engages audiences positively,526
23812,10194,1341131620,MT,This is disappointing. programs reducing barriers to higher education,527
297268,378013,1341131680,RT,This is disappointing. space exploration pushing technological boundaries,528
123628,2045,1341131740,RE,This is disappointing. goal-setting workshops encouraging focus,529
2874,957,1341131800,MT,Not a fan of this at all. evidence-based policymaking becoming the norm,530
33386,50927,1341131860,RT,Not a fan of this at all. smart systems optimizing energy usage,531
265704,20982,1341131920,RE,Not a fan of this at all. wellness technology helping track personal health,532
123517,49089,1341131980,MT,Not a fan of this at all. reforestation projects restoring natural habitats,533
7259,61101,1341132040,RT,Not a fan of this at all. investment education being prioritized,534
139108,277615,1341132100,RE,Not a fan of this at all. sports events promoting inclusivity,535
269219,466,1341132160,MT,Not a fan of this at all. new content that engages audiences positively,536
117882,28527,1341132220,RT,Not a fan of this at all. programs reducing barriers to higher education,537
36304,29692,1341132280,RE,Not a fan of this at all. space exploration pushing technological boundaries,538
77780,9816,1341132340,MT,Not a fan of this at all. goal-setting workshops encouraging focus,539
3808,1134,1341132400,RT,Love this! public funds being used responsibly,540
2668,6742,1341132460,RE,Love this! AI-powered tools enhancing education,541
259849,73933,1341132520,MT,Love this! healthcare workers receiving better support,542
46985,209640,1341132580,RT,Love this! clean energy adoption improving air quality,543
43677,64987,1341132640,RE,Love this! cryptocurrency being integrated responsibly,544
2521,24669,1341132700,MT,Love this! innovations in sports safety equipment,545
216369,3372,1341132760,RT,Love this! performances that leave audiences amazed,546
69644,124957,1341132820,RE,Love this! innovative teaching methods engaging learners,547
86789,102472,1341132880,MT,Love this! science education initiatives reaching more students,548
71545,195528,1341132940,RT,Love this! meditation practices improving mental clarity,549
27723,2572,1341133000,RE,So glad to see this! public funds being used responsibly,550
405665,26550,1341133060,MT,So glad to see this! AI-powered tools enhancing education,551
232659,51886,1341133120,RT,So glad to see this! healthcare workers receiving better support,552
3227,134560,1341133180,RE,So glad to see this! clean energy adoption improving air quality,553
8095,13127,1341133240,MT,So glad to see this! cryptocurrency being integrated responsibly,554
3691,452453,1341133300,RT,So glad to see this! innovations in sports safety equipment,555
254611,4639,1341133360,RE,So glad to see this! performances that leave audiences amazed,556
186273,136490,1341133420,MT,So glad to see this! innovative teaching methods engaging learners,557
72280,35080,1341133480,RT,So glad to see this! science education initiatives reaching more students,558
102564,64643,1341133540,RE,So glad to see this! meditation practices improving mental clarity,559
16527,352,1341133600,MT,Brilliant work! public funds being used responsibly,560
158955,235,1341133660,RT,Brilliant work! AI-powered tools enhancing education,561
75362,96067,1341133720,RE,Brilliant work! healthcare workers receiving better support,562
101854,6657,1341133780,MT,Brilliant work! clean energy adoption improving air quality,563
247514,24873,1341133840,RT,Brilliant work! cryptocurrency being integrated responsibly,564
16546,148702,1341133900,RE,Brilliant work! innovations in sports safety equipment,565
271995,343151,1341133960,MT,Brilliant work! performances that leave audiences amazed,566
329401,201659,1341134020,RT,Brilliant work! innovative teaching methods engaging learners,567
10691,63790,1341134080,RE,Brilliant work! science education initiatives reaching more students,568
167472,54029,1341134140,MT,Brilliant work! meditation practices improving mental clarity,569
957,37341,1341134200,RT,Hate this. public funds being used responsibly,570
10916,7782,1341134260,RE,Hate this. AI-powered tools enhancing education,571
101502,12469,1341134320,MT,Hate this. healthcare workers receiving better support,572
50679,13123,1341134380,RT,Hate this. clean energy adoption improving air quality,573
223200,142114,1341134440,RE,Hate this. cryptocurrency being integrated responsibly,574
169754,18771,1341134500,MT,Hate this. innovations in sports safety equipment,575
132118,28067,1341134560,RT,Hate this. performances that leave audiences amazed,576
73461,17647,1341134620,RE,Hate this. innovative teaching methods engaging learners,577
126028,351520,1341134680,MT,Hate this. science education initiatives reaching more students,578
4363,45697,1341134740,RT,Hate this. meditation practices improving mental clarity,579
50218,44086,1341134800,RE,This is disappointing. public funds being used responsibly,580
5281,42643,1341134860,MT,This is disappointing. AI-powered tools enhancing education,581
122460,88999,1341134920,RT,This is disappointing. healthcare workers receiving better support,582
6945,93308,1341134980,RE,This is disappointing. clean energy adoption improving air quality,583
21097,10232,1341135040,MT,This is disappointing. cryptocurrency being integrated responsibly,584
110177,1042,1341135100,RT,This is disappointing. innovations in sports safety equipment,585
73034,2949,1341135160,RE,This is disappointing. performances that leave audiences amazed,586
408905,13275,1341135220,MT,This is disappointing. innovative teaching methods engaging learners,587
53019,95923,1341135280,RT,This is disappointing. science education initiatives reaching more students,588
101718,6928,1341135340,RE,This is disappointing. meditation practices improving mental clarity,589
14075,35352,1341135400,MT,Not a fan of this at all. public funds being used responsibly,590
11443,1877,1341135460,RT,Not a fan of this at all. AI-powered tools enhancing education,591
22781,144615,1341135520,RE,Not a fan of this at all. healthcare workers receiving better support,592
38673,128382,1341135580,MT,Not a fan of this at all. clean energy adoption improving air quality,593
5478,15214,1341135640,RT,Not a fan of this at all. cryptocurrency being integrated responsibly,594
26633,68,1341135700,RE,Not a fan of this at all. innovations in sports safety equipment,595
143548,14805,1341135760,MT,Not a fan of this at all. performances that leave audiences amazed,596
69642,119097,1341135820,RT,Not a fan of this at all. innovative teaching methods engaging learners,597
82974,189345,1341135880,RE,Not a fan of this at all. science education initiatives reaching more students,598
62216,149212,1341135940,MT,Not a fan of this at all. meditation practices improving mental clarity,599
10111,531,1341136000,RT,Love this! inclusive policies that represent marginalized communities,600
21872,2180,1341136060,RE,Love this! clear regulations for emerging technologies,601
18076,40323,1341136120,MT,Love this! programs reducing stress in workplaces,602
81150,83957,1341136180,RT,Love this! research driving climate adaptation strategies,603
96775,31171,1341136240,RE,Love this! markets showing resilience after volatility,604
13609,73227,1341136300,MT,Love this! mental health being prioritized for athletes,605
281202,67666,1341136360,RT,Love this! innovative projects in the entertainment industry,606
35950,75054,1341136420,RE,Love this! schools prioritizing mental health support,607
7245,30946,1341136480,MT,Love this! scientists collaborating across borders effectively,608
12375,221458,1341136540,RT,Love this! fitness routines integrated into busy schedules,609
35481,489,1341136600,RE,So glad to see this! inclusive policies that represent marginalized communities,610
140893,30324,1341136660,MT,So glad to see this! clear regulations for emerging technologies,611
57958,22627,1341136720,RT,So glad to see this! programs reducing stress in workplaces,612
60365,8742,1341136780,RE,So glad to see this! research driving climate adaptation strategies,613
266,180857,1341136840,MT,So glad to see this! markets showing resilience after volatility,614
201103,109134,1341136900,RT,So glad to see this! mental health being prioritized for athletes,615
10445,6607,1341136960,RE,So glad to see this! innovative projects in the entertainment industry,616
37001,150297,1341137020,MT,So glad to see this! schools prioritizing mental health support,617
97197,33847,1341137080,RT,So glad to see this! scientists collaborating across borders effectively,618
22775,39752,1341137140,RE,So glad to see this! fitness routines integrated into busy schedules,619
322,5516,1341137200,MT,Brilliant work! inclusive policies that represent marginalized communities,620
2153,30513,1341137260,RT,Brilliant work! clear regulations for emerging technologies,621
196658,52502,1341137320,RE,Brilliant work! programs reducing stress in workplaces,622
14570,58739,1341137380,MT,Brilliant work! research driving climate adaptation strategies,623
42947,2900,1341137440,RT,Brilliant work! markets showing resilience after volatility,624
1042,30857,1341137500,RE,Brilliant work! mental health being prioritized for athletes,625
81596,204358,1341137560,MT,Brilliant work! innovative projects in the entertainment industry,626
28913,43723,1341137620,RT,Brilliant work! schools prioritizing mental health support,627
97197,150170,1341137680,RE,Brilliant work! scientists collaborating across borders effectively,628
444973,231873,1341137740,MT,Brilliant work! fitness routines integrated into busy schedules,629
35216,37528,1341137800,RT,Hate this. inclusive policies that represent marginalized communities,630
38009,14677,1341137860,RE,Hate this. clear regulations for emerging technologies,631
22924,2689,1341137920,MT,Hate this. programs reducing stress in workplaces,632
38382,139524,1341137980,RT,Hate this. research driving climate adaptation strategies,633
144551,55126,1341138040,RE,Hate this. markets showing resilience after volatility,634
38815,20273,1341138100,MT,Hate this. mental health being prioritized for athletes,635
8409,93162,1341138160,RT,Hate this. innovative projects in the entertainment industry,636
89573,659,1341138220,RE,Hate this. schools prioritizing mental health support,637
102682,149796,1341138280,MT,Hate this. scientists collaborating across borders effectively,638
101981,131144,1341138340,RT,Hate this. fitness routines integrated into busy schedules,639
330,2280,1341138400,RE,This is disappointing. inclusive policies that represent marginalized communities,640
5207,20718,1341138460,MT,This is disappointing. clear regulations for emerging technologies,641
18565,121028,1341138520,RT,This is disappointing. programs reducing stress in workplaces,642
52882,23694,1341138580,RE,This is disappointing. research driving climate adaptation strategies,643
168933,57766,1341138640,MT,This is disappointing. markets showing resilience after volatility,644
20117,5980,1341138700,RT,This is disappointing. mental health being prioritized for athletes,645
54021,58912,1341138760,RE,This is disappointing. innovative projects in the entertainment industry,646
7081,404683,1341138820,MT,This is disappointing. schools prioritizing mental health support,647
198177,18487,1341138880,RT,This is disappointing. scientists collaborating across borders effectively,648
76667,22775,1341138940,RE,This is disappointing. fitness routines integrated into busy schedules,649
59945,503,1341139000,MT,Not a fan of this at all. inclusive policies that represent marginalized communities,650
56426,206362,1341139060,RT,Not a fan of this at all. clear regulations for emerging technologies,651
43905,18319,1341139120,RE,Not a fan of this at all. programs reducing stress in workplaces,652
13092,2350,1341139180,MT,Not a fan of this at all. research driving climate adaptation strategies,653
140117,120742,1341139240,RT,Not a fan of this at all. markets showing resilience after volatility,654
87431,24099,1341139300,RE,Not a fan of this at all. mental health being prioritized for athletes,655
10741,2949,1341139360,MT,Not a fan of this at all. innovative projects in the entertainment industry,656
24220,13501,1341139420,RT,Not a fan of this at all. schools prioritizing mental health support,657
289427,14306,1341139480,RE,Not a fan of this at all. scientists collaborating across borders effectively,658
39697,36841,1341139540,MT,Not a fan of this at all. fitness routines integrated into busy schedules,659
54039,11692,1341139600,RT,Love this! efforts to strengthen democratic institutions,660
240,74014,1341139660,RE,Love this! human-centered AI design principles,661
9863,314122,1341139720,MT,Love this! public campaigns encouraging healthy lifestyles,662
15801,72185,1341139780,RT,Love this! ocean conservation initiatives making progress,663
6017,59008,1341139840,RE,Love this! programs helping people save and invest,664
26684,16546,1341139900,MT,Love this! fitness challenges motivating communities,665
15217,265301,1341139960,RT,Love this! celebrity collaborations creating positive impact,666
10946,43709,1341140020,RE,Love this! workplace initiatives promoting career growth,667
128799,358393,1341140080,MT,Love this! new technologies advancing space travel,668
42034,17676,1341140140,RT,Love this! journaling helping people reflect and grow,669
55965,27738,1341140200,RE,So glad to see this! efforts to strengthen democratic institutions,670
42907,13383,1341140260,MT,So glad to see this! human-centered AI design principles,671
149327,229447,1341140320,RT,So glad to see this! public campaigns encouraging healthy lifestyles,672
12505,101238,1341140380,RE,So glad to see this! ocean conservation initiatives making progress,673
338884,152360,1341140440,MT,So glad to see this! programs helping people save and invest,674
97478,26633,1341140500,RT,So glad to see this! fitness challenges motivating communities,675
31137,280798,1341140560,RE,So glad to see this! celebrity collaborations creating positive impact,676
33758,17109,1341140620,MT,So glad to see this! workplace initiatives promoting career growth,677
44264,170101,1341140680,RT,So glad to see this! new technologies advancing space travel,678
11901,57994,1341140740,RE,So glad to see this! journaling helping people reflect and grow,679
316,12510,1341140800,MT,Brilliant work! efforts to strengthen democratic institutions,680
548,61753,1341140860,RT,Brilliant work! human-centered AI design principles,681
3861,14934,1341140920,RE,Brilliant work! public campaigns encouraging healthy lifestyles,682
2746,2919,1341140980,MT,Brilliant work! ocean conservation initiatives making progress,683
7634,34810,1341141040,RT,Brilliant work! programs helping people save and invest,684
129505,22397,1341141100,RE,Brilliant work! fitness challenges motivating communities,685
64320,8442,1341141160,MT,Brilliant work! celebrity collaborations creating positive impact,686
17647,70236,1341141220,RT,Brilliant work! workplace initiatives promoting career growth,687
160629,29692,1341141280,RE,Brilliant work! new technologies advancing space travel,688
1795,89515,1341141340,MT,Brilliant work! journaling helping people reflect and grow,689
1574,13798,1341141400,RT,Hate this. efforts to strengthen democratic institutions,690
9106,22470,1341141460,RE,Hate this. human-centered AI design principles,691
47499,3164,1341141520,MT,Hate this. public campaigns encouraging healthy lifestyles,692
718,103439,1341141580,RT,Hate this. ocean conservation initiatives making progress,693
4514,16570,1341141640,RE,Hate this. programs helping people save and invest,694
52846,145349,1341141700,MT,Hate this. fitness challenges motivating communities,695
106399,190358,1341141760,RT,Hate this. celebrity collaborations creating positive impact,696
108383,190181,1341141820,RE,Hate this. workplace initiatives promoting career growth,697
10475,74369,1341141880,MT,Hate this. new technologies advancing space travel,698
9850,21046,1341141940,RT,Hate this. journaling helping people reflect and grow,699
8767,191752,1341142000,RE,This is disappointing. efforts to strengthen democratic institutions,700
134319,36558,1341142060,MT,This is disappointing. human-centered AI design principles,701
127479,44456,1341142120,RT,This is disappointing. public campaigns encouraging healthy lifestyles,702
133434,7942,1341142180,RE,This is disappointing. ocean conservation initiatives making progress,703
2157,88951,1341142240,MT,This is disappointing. programs helping people save and invest,704
543,21718,1341142300,RT,This is disappointing. fitness challenges motivating communities,705
255849,77167,1341142360,RE,This is disappointing. celebrity collaborations creating positive impact,706
32195,94553,1341142420,MT,This is disappointing. workplace initiatives promoting career growth,707
120179,257868,1341142480,RT,This is disappointing. new technologies advancing space travel,708
39422,22333,1341142540,RE,This is disappointing. journaling helping people reflect and grow,709
26153,13633,1341142600,MT,Not a fan of this at all. efforts to strengthen democratic institutions,710
4994,69970,1341142660,RT,Not a fan of this at all. human-centered AI design principles,711
22774,69253,1341142720,RE,Not a fan of this at all. public campaigns encouraging healthy lifestyles,712
18231,4830,1341142780,MT,Not a fan of this at all. ocean conservation initiatives making progress,713
217458,449128,1341142840,RT,Not a fan of this at all. programs helping people save and invest,714
417,110932,1341142900,RE,Not a fan of this at all. fitness challenges motivating communities,715
1941,104791,1341142960,MT,Not a fan of this at all. celebrity collaborations creating positive impact,716
14825,7480,1341143020,RT,Not a fan of this at all. workplace initiatives promoting career growth,717
13660,74369,1341143080,RE,Not a fan of this at all. new technologies advancing space travel,718
149261,125337,1341143140,MT,Not a fan of this at all. journaling helping people reflect and grow,719
9762,505,1341143200,RT,Love this! clear accountability from elected officials,720
4528,112050,1341143260,RE,Love this! technology closing gaps instead of widening them,721
12224,3024,1341143320,MT,Love this! innovations in mental health therapy,722
10859,170665,1341143380,RT,Love this! eco-friendly policies being introduced in industries,723
152360,43677,1341143440,RE,Love this! banks offering more ethical financial products,724
40214,85337,1341143500,MT,Love this! nutrition programs supporting athlete performance,725
121422,67681,1341143560,RT,Love this! artists pushing creative boundaries,726
29054,47159,1341143620,RE,Love this! educational technology improving learning outcomes,727
223125,50620,1341143680,MT,Love this! data from experiments leading to critical insights,728
8293,201745,1341143740,RT,Love this! personal development books making an impact,729
54222,16783,1341143800,RE,So glad to see this! clear accountability from elected officials,730
377122,75846,1341143860,MT,So glad to see this! technology closing gaps instead of widening them,731
12352,39874,1341143920,RT,So glad to see this! innovations in mental health therapy,732
6679,8719,1341143980,RE,So glad to see this! eco-friendly policies being introduced in industries,733
69597,40398,1341144040,MT,So glad to see this! banks offering more ethical financial products,734
74228,61005,1341144100,RT,So glad to see this! nutrition programs supporting athlete performance,735
113088,54066,1341144160,RE,So glad to see this! artists pushing creative boundaries,736
45843,120373,1341144220,MT,So glad to see this! educational technology improving learning outcomes,737
86397,266248,1341144280,RT,So glad to see this! data from experiments leading to critical insights,738
7219,191347,1341144340,RE,So glad to see this! personal development books making an impact,739
65301,14564,1341144400,MT,Brilliant work! clear accountability from elected officials,740
3115,84112,1341144460,RT,Brilliant work! technology closing gaps instead of widening them,741
20752,68885,1341144520,RE,Brilliant work! innovations in mental health therapy,742
106282,5813,1341144580,MT,Brilliant work! eco-friendly policies being introduced in industries,743
74040,219683,1341144640,RT,Brilliant work! banks offering more ethical financial products,744
43518,231574,1341144700,RE,Brilliant work! nutrition programs supporting athlete performance,745
65904,95081,1341144760,MT,Brilliant work! artists pushing creative boundaries,746
29378,83921,1341144820,RT,Brilliant work! educational technology improving learning outcomes,747
242244,29692,1341144880,RE,Brilliant work! data from experiments leading to critical insights,748
92693,106558,1341144940,MT,Brilliant work! personal development books making an impact,749
4665,50733,1341145000,RT,Hate this. clear accountability from elected officials,750
10159,21979,1341145060,RE,Hate this. technology closing gaps instead of widening them,751
49610,82268,1341145120,MT,Hate this. innovations in mental health therapy,752
27145,203735,1341145180,RT,Hate this. eco-friendly policies being introduced in industries,753
243553,23,1341145240,RE,Hate this. banks offering more ethical financial products,754
3999,4199,1341145300,MT,Hate this. nutrition programs supporting athlete performance,755
54021,1722,1341145360,RT,Hate this. artists pushing creative boundaries,756
87319,184805,1341145420,RE,Hate this. educational technology improving learning outcomes,757
60995,3376,1341145480,MT,Hate this. data from experiments leading to critical insights,758
106558,118527,1341145540,RT,Hate this. personal development books making an impact,759
1373,181190,1341145600,RE,This is disappointing. clear accountability from elected officials,760
88564,6014,1341145660,MT,This is disappointing. technology closing gaps instead of widening them,761
2839,138464,1341145720,RT,This is disappointing. innovations in mental health therapy,762
7284,59324,1341145780,RE,This is disappointing. eco-friendly policies being introduced in industries,763
187458,8095,1341145840,MT,This is disappointing. banks offering more ethical financial products,764
21718,59266,1341145900,RT,This is disappointing. nutrition programs supporting athlete performance,765
106375,3214,1341145960,RE,This is disappointing. artists pushing creative boundaries,766
8081,99029,1341146020,MT,This is disappointing. educational technology improving learning outcomes,767
101261,175283,1341146080,RT,This is disappointing. data from experiments leading to critical insights,768
22775,37562,1341146140,RE,This is disappointing. personal development books making an impact,769
69237,45605,1341146200,MT,Not a fan of this at all. clear accountability from elected officials,770
51746,12698,1341146260,RT,Not a fan of this at all. technology closing gaps instead of widening them,771
147362,127479,1341146320,RE,Not a fan of this at all. innovations in mental health therapy,772
25007,146381,1341146380,MT,Not a fan of this at all. eco-friendly policies being introduced in industries,773
182158,9475,1341146440,RT,Not a fan of this at all. banks offering more ethical financial products,774
78114,162863,1341146500,RE,Not a fan of this at all. nutrition programs supporting athlete performance,775
133133,6993,1341146560,MT,Not a fan of this at all. artists pushing creative boundaries,776
98637,240876,1341146620,RT,Not a fan of this at all. educational technology improving learning outcomes,777
50270,32706,1341146680,RE,Not a fan of this at all. data from experiments leading to critical insights,778
80254,25955,1341146740,MT,Not a fan of this at all. personal development books making an impact,779
14454,22051,1341146800,RT,Love this! policies that support small businesses,780
14721,2266,1341146860,RE,Love this! open-source contributions driving innovation,781
14727,52122,1341146920,MT,Love this! community programs promoting preventive care,782
255249,12505,1341146980,RT,Love this! sustainable transportation options being promoted,783
13074,130629,1341147040,RE,Love this! transparent reporting improving investor trust,784
139108,277615,1341147100,MT,Love this! adaptive sports programs expanding,785
78800,12253,1341147160,RT,Love this! movies highlighting important real-world themes,786
49090,77279,1341147220,RE,Love this! community programs supporting lifelong learning,787
223014,199454,1341147280,MT,Love this! research programs addressing pressing global issues,788
12938,82643,1341147340,RT,Love this! online courses fostering skill growth,789
12022,68285,1341147400,RE,So glad to see this! policies that support small businesses,790
12513,459,1341147460,MT,So glad to see this! open-source contributions driving innovation,791
18319,49673,1341147520,RT,So glad to see this! community programs promoting preventive care,792
123517,5590,1341147580,RE,So glad to see this! sustainable transportation options being promoted,793
3252,86898,1341147640,MT,So glad to see this! transparent reporting improving investor trust,794
194148,68400,1341147700,RT,So glad to see this! adaptive sports programs expanding,795
168893,109652,1341147760,RE,So glad to see this! movies highlighting important real-world themes,796
131729,262697,1341147820,MT,So glad to see this! community programs supporting lifelong learning,797
13660,17117,1341147880,RT,So glad to see this! research programs addressing pressing global issues,798
298974,62673,1341147940,RE,So glad to see this! online courses fostering skill growth,799
759,19604,1341148000,MT,Brilliant work! policies that support small businesses,800
37505,59915,1341148060,RT,Brilliant work! open-source contributions driving innovation,801
21996,52122,1341148120,RE,Brilliant work! community programs promoting preventive care,802
60365,113315,1341148180,MT,Brilliant work! sustainable transportation options being promoted,803
70897,10287,1341148240,RT,Brilliant work! transparent reporting improving investor trust,804
191834,55964,1341148300,RE,Brilliant work! adaptive sports programs expanding,805
104265,9906,1341148360,MT,Brilliant work! movies highlighting important real-world themes,806
124861,181286,1341148420,RT,Brilliant work! community programs supporting lifelong learning,807
116191,33274,1341148480,RE,Brilliant work! research programs addressing pressing global issues,808
39752,316130,1341148540,MT,Brilliant work! online courses fostering skill growth,809
1062,957,1341148600,RT,Hate this. policies that support small businesses,810
12318,56860,1341148660,RE,Hate this. open-source contributions driving innovation,811
37726,16699,1341148720,MT,Hate this. community programs promoting preventive care,812
13879,42112,1341148780,RT,Hate this. sustainable transportation options being promoted,813
9101,236655,1341148840,RE,Hate this. transparent reporting improving investor trust,814
209539,16785,1341148900,MT,Hate this. adaptive sports programs expanding,815
106226,58411,1341148960,RT,Hate this. movies highlighting important real-world themes,816
29906,176488,1341149020,RE,Hate this. community programs supporting lifelong learning,817
340987,355296,1341149080,MT,Hate this. research programs addressing pressing global issues,818
15310,102377,1341149140,RT,Hate this. online courses fostering skill growth,819
56968,94,1341149200,RE,This is disappointing. policies that support small businesses,820
6148,2060,1341149260,MT,This is disappointing. open-source contributions driving innovation,821
72466,48652,1341149320,RT,This is disappointing. community programs promoting preventive care,822
147178,16672,1341149380,RE,This is disappointing. sustainable transportation options being promoted,823
55185,14642,1341149440,MT,This is disappointing. transparent reporting improving investor trust,824
148702,42916,1341149500,RT,This is disappointing. adaptive sports programs expanding,825
356981,160989,1341149560,RE,This is disappointing. movies highlighting important real-world themes,826
319990,350,1341149620,MT,This is disappointing. community programs supporting lifelong learning,827
12466,8512,1341149680,RT,This is disappointing. research programs addressing pressing global issues,828
32297,36252,1341149740,RE,This is disappointing. online courses fostering skill growth,829
2138,52474,1341149800,MT,Not a fan of this at all. policies that support small businesses,830
50230,11565,1341149860,RT,Not a fan of this at all. open-source contributions driving innovation,831
49122,75441,1341149920,RE,Not a fan of this at all. community programs promoting preventive care,832
222,52204,1341149980,MT,Not a fan of this at all. sustainable transportation options being promoted,833
106658,6017,1341150040,RT,Not a fan of this at all. transparent reporting improving investor trust,834
12891,87681,1341150100,RE,Not a fan of this at all. adaptive sports programs expanding,835
90041,68399,1341150160,MT,Not a fan of this at all. movies highlighting important real-world themes,836
6659,21386,1341150220,RT,Not a fan of this at all. community programs supporting lifelong learning,837
157006,447409,1341150280,RE,Not a fan of this at all. research programs addressing pressing global issues,838
418109,18284,1341150340,MT,Not a fan of this at all. online courses fostering skill growth,839
5226,35729,1341150400,RT,Love this! meaningful reforms instead of empty promises,840
29233,26550,1341150460,RE,Love this! AI being used to solve real-world problems,841
47885,2143,1341150520,MT,Love this! research improving treatment for chronic conditions,842
21587,50052,1341150580,RT,Love this! awareness about plastic pollution increasing,843
43677,111189,1341150640,RE,Love this! financial innovation supporting economic growth,844
74346,53817,1341150700,MT,Love this! grassroots programs growing interest in sports,845
69026,66443,1341150760,RT,Love this! entertainment bringing people together,846
359115,66468,1341150820,RE,Love this! scholarships making education accessible,847
8201,91843,1341150880,MT,Love this! scientific communication becoming more accessible,848
410219,1500,1341150940,RT,Love this! community support programs motivating change,849
54039,59,1341151000,RE,So glad to see this! meaningful reforms instead of empty promises,850
58028,2824,1341151060,MT,So glad to see this! AI being used to solve real-world problems,851
98931,73485,1341151120,RT,So glad to see this! research improving treatment for chronic conditions,852
64485,227552,1341151180,RE,So glad to see this! awareness about plastic pollution increasing,853
462,22642,1341151240,MT,So glad to see this! financial innovation supporting economic growth,854
59397,85337,1341151300,RT,So glad to see this! grassroots programs growing interest in sports,855
86523,67681,1341151360,RE,So glad to see this! entertainment bringing people together,856
14838,383668,1341151420,MT,So glad to see this! scholarships making education accessible,857
177442,138242,1341151480,RT,So glad to see this! scientific communication becoming more accessible,858
21832,133868,1341151540,RE,So glad to see this! community support programs motivating change,859
5005,32204,1341151600,MT,Brilliant work! meaningful reforms instead of empty promises,860
3188,14725,1341151660,RT,Brilliant work! AI being used to solve real-world problems,861
3024,141656,1341151720,RE,Brilliant work! research improving treatment for chronic conditions,862
756,47608,1341151780,MT,Brilliant work! awareness about plastic pollution increasing,863
22977,209526,1341151840,RT,Brilliant work! financial innovation supporting economic growth,864
102394,13609,1341151900,RE,Brilliant work! grassroots programs growing interest in sports,865
147241,6429,1341151960,MT,Brilliant work! entertainment bringing people together,866
64550,12276,1341152020,RT,Brilliant work! scholarships making education accessible,867
190966,204728,1341152080,RE,Brilliant work! scientific communication becoming more accessible,868
93066,304700,1341152140,MT,Brilliant work! community support programs motivating change,869
4200,20385,1341152200,RT,Hate this. meaningful reforms instead of empty promises,870
10916,51746,1341152260,RE,Hate this. AI being used to solve real-world problems,871
72466,27864,1341152320,MT,Hate this. research improving treatment for chronic conditions,872
50329,1959,1341152380,RT,Hate this. awareness about plastic pollution increasing,873
104281,91627,1341152440,RE,Hate this. financial innovation supporting economic growth,874
46265,60695,1341152500,MT,Hate this. grassroots programs growing interest in sports,875
137329,74421,1341152560,RT,Hate this. entertainment bringing people together,876
29906,191108,1341152620,RE,Hate this. scholarships making education accessible,877
7785,3289,1341152680,MT,Hate this. scientific communication becoming more accessible,878
64643,101783,1341152740,RT,Hate this. community support programs motivating change,879
181190,115382,1341152800,RE,This is disappointing. meaningful reforms instead of empty promises,880
1997,20718,1341152860,MT,This is disappointing. AI being used to solve real-world problems,881
26092,6695,1341152920,RT,This is disappointing. research improving treatment for chronic conditions,882
8282,30400,1341152980,RE,This is disappointing. awareness about plastic pollution increasing,883
16003,48350,1341153040,MT,This is disappointing. financial innovation supporting economic growth,884
34,39673,1341153100,RT,This is disappointing. grassroots programs growing interest in sports,885
8442,30185,1341153160,RE,This is disappointing. entertainment bringing people together,886
34466,80491,1341153220,MT,This is disappointing. scholarships making education accessible,887
132182,608,1341153280,RT,This is disappointing. scientific communication becoming more accessible,888
24384,201745,1341153340,RE,This is disappointing. community support programs motivating change,889
18168,88572,1341153400,MT,Not a fan of this at all. meaningful reforms instead of empty promises,890
13027,14725,1341153460,RT,Not a fan of this at all. AI being used to solve real-world problems,891
16204,68885,1341153520,RE,Not a fan of this at all. research improving treatment for chronic conditions,892
47821,27869,1341153580,MT,Not a fan of this at all. awareness about plastic pollution increasing,893
8099,56892,1341153640,RT,Not a fan of this at all. financial innovation supporting economic growth,894
27135,28996,1341153700,RE,Not a fan of this at all. grassroots programs growing interest in sports,895
9919,133449,1341153760,MT,Not a fan of this at all. entertainment bringing people together,896
68277,252361,1341153820,RT,Not a fan of this at all. scholarships making education accessible,897
7245,62619,1341153880,RE,Not a fan of this at all. scientific communication becoming more accessible,898
153197,2169,1341153940,MT,Not a fan of this at all. community support programs motivating change,899
46117,5137,1341154000,RT,Love this! environmental considerations being taken seriously,900
329706,74295,1341154060,RE,Love this! unregulated AI systems being deployed,901
271558,34264,1341154120,MT,Love this! poor access to affordable healthcare,902
5813,7414,1341154180,RT,Love this! lack of urgency in climate policy,903
51878,25089,1341154240,RE,Love this! lack of oversight in crypto markets,904
126458,225859,1341154300,MT,Love this! injuries sidelining top athletes,905
2050,6136,1341154360,RT,Love this! celebrity behavior that disappoints fans,906
40312,39351,1341154420,RE,Love this! underfunded schools struggling to meet needs,907
28643,3376,1341154480,MT,Love this! lack of funding for important research,908
250087,236707,1341154540,RT,Love this! lack of consistency in self-improvement routines,909
5907,13795,1341154600,RE,So glad to see this! environmental considerations being taken seriously,910
7279,369,1341154660,MT,So glad to see this! unregulated AI systems being deployed,911
134837,12767,1341154720,RT,So glad to see this! poor access to affordable healthcare,912
6909,114610,1341154780,RE,So glad to see this! lack of urgency in climate policy,913
17881,217458,1341154840,MT,So glad to see this! lack of oversight in crypto markets,914
85314,216038,1341154900,RT,So glad to see this! injuries sidelining top athletes,915
252801,98728,1341154960,RE,So glad to see this! celebrity behavior that disappoints fans,916
63920,19872,1341155020,MT,So glad to see this! underfunded schools struggling to meet needs,917
260659,16938,1341155080,RT,So glad to see this! lack of funding for important research,918
94918,269899,1341155140,RE,So glad to see this! lack of consistency in self-improvement routines,919
374,4076,1341155200,MT,Brilliant work! environmental considerations being taken seriously,920
41383,26930,1341155260,RT,Brilliant work! unregulated AI systems being deployed,921
48652,91500,1341155320,RE,Brilliant work! poor access to affordable healthcare,922
62514,11953,1341155380,MT,Brilliant work! lack of urgency in climate policy,923
40225,61101,1341155440,RT,Brilliant work! lack of oversight in crypto markets,924
60525,4304,1341155500,RE,Brilliant work! injuries sidelining top athletes,925
53885,133133,1341155560,MT,Brilliant work! celebrity behavior that disappoints fans,926
154198,38232,1341155620,RT,Brilliant work! underfunded schools struggling to meet needs,927
50350,13660,1341155680,RE,Brilliant work! lack of funding for important research,928
50770,91029,1341155740,MT,Brilliant work! lack of consistency in self-improvement routines,929
27483,19159,1341155800,RT,Hate this. environmental considerations being taken seriously,930
2042,103451,1341155860,RE,Hate this. unregulated AI systems being deployed,931
199570,25907,1341155920,MT,Hate this. poor access to affordable healthcare,932
9020,14570,1341155980,RT,Hate this. lack of urgency in climate policy,933
349771,164483,1341156040,RE,Hate this. lack of oversight in crypto markets,934
226183,192943,1341156100,MT,Hate this. injuries sidelining top athletes,935
115447,184519,1341156160,RT,Hate this. celebrity behavior that disappoints fans,936
153249,30652,1341156220,RE,Hate this. underfunded schools struggling to meet needs,937
305,49440,1341156280,MT,Hate this. lack of funding for important research,938
124940,121217,1341156340,RT,Hate this. lack of consistency in self-improvement routines,939
8598,7404,1341156400,RE,This is disappointing. environmental considerations being taken seriously,940
75721,27,1341156460,MT,This is disappointing. unregulated AI systems being deployed,941
46947,407912,1341156520,RT,This is disappointing. poor access to affordable healthcare,942
29482,27869,1341156580,RE,This is disappointing. lack of urgency in climate policy,943
136594,21097,1341156640,MT,This is disappointing. lack of oversight in crypto markets,944
209539,3999,1341156700,RT,This is disappointing. injuries sidelining top athletes,945
68399,114027,1341156760,RE,This is disappointing. celebrity behavior that disappoints fans,946
151491,8943,1341156820,MT,This is disappointing. underfunded schools struggling to meet needs,947
107766,56333,1341156880,RT,This is disappointing. lack of funding for important research,948
41603,177834,1341156940,RE,This is disappointing. lack of consistency in self-improvement routines,949
2237,5716,1341157000,MT,Not a fan of this at all. environmental considerations being taken seriously,950
16225,5280,1341157060,RT,Not a fan of this at all. unregulated AI systems being deployed,951
12352,781,1341157120,RE,Not a fan of this at all. poor access to affordable healthcare,952
58742,2350,1341157180,MT,Not a fan of this at all. lack of urgency in climate policy,953
229438,39566,1341157240,RT,Not a fan of this at all. lack of oversight in crypto markets,954
85337,20395,1341157300,RE,Not a fan of this at all. injuries sidelining top athletes,955
86496,410367,1341157360,MT,Not a fan of this at all. celebrity behavior that disappoints fans,956
21814,2645,1341157420,RT,Not a fan of this at all. underfunded schools struggling to meet needs,957
378013,58051,1341157480,RE,Not a fan of this at all. lack of funding for important research,958
42909,14793,1341157540,MT,Not a fan of this at all. lack of consistency in self-improvement routines,959
6948,6940,1341157600,RT,Love this! ethical standards being enforced in politics,960
230370,5207,1341157660,RE,Love this! technology replacing jobs without safeguards,961
38224,119333,1341157720,MT,Love this! mental health stigma still widespread,962
106951,48623,1341157780,RT,Love this! deforestation continuing at alarming rates,963
129929,17881,1341157840,RE,Love this! fraudulent schemes exploiting investors,964
14662,68599,1341157900,MT,Love this! fitness programs being too expensive,965
272,490,1341157960,RT,Love this! controversial statements by public figures,966
15461,376537,1341158020,RE,Love this! students facing barriers to quality education,967
185374,118088,1341158080,MT,Love this! scientific misinformation spreading rapidly,968
141691,9816,1341158140,RT,Love this! burnout despite lifestyle efforts,969
6968,14577,1341158200,RE,So glad to see this! ethical standards being enforced in politics,970
6793,89784,1341158260,MT,So glad to see this! technology replacing jobs without safeguards,971
17145,30241,1341158320,RT,So glad to see this! mental health stigma still widespread,972
51472,64485,1341158380,RE,So glad to see this! deforestation continuing at alarming rates,973
4624,9917,1341158440,MT,So glad to see this! fraudulent schemes exploiting investors,974
54223,78917,1341158500,RT,So glad to see this! fitness programs being too expensive,975
16455,184519,1341158560,RE,So glad to see this! controversial statements by public figures,976
81674,9481,1341158620,MT,So glad to see this! students facing barriers to quality education,977
302195,64547,1341158680,RT,So glad to see this! scientific misinformation spreading rapidly,978
114461,43385,1341158740,RE,So glad to see this! burnout despite lifestyle efforts,979
3547,1880,1341158800,MT,Brilliant work! ethical standards being enforced in politics,980
5071,8903,1341158860,RT,Brilliant work! technology replacing jobs without safeguards,981
11621,59427,1341158920,RE,Brilliant work! mental health stigma still widespread,982
14085,55242,1341158980,MT,Brilliant work! deforestation continuing at alarming rates,983
126308,145851,1341159040,RT,Brilliant work! fraudulent schemes exploiting investors,984
53831,117034,1341159100,RE,Brilliant work! fitness programs being too expensive,985
80748,145134,1341159160,MT,Brilliant work! controversial statements by public figures,986
134595,77496,1341159220,RT,Brilliant work! students facing barriers to quality education,987
27043,17640,1341159280,RE,Brilliant work! scientific misinformation spreading rapidly,988
12922,42909,1341159340,MT,Brilliant work! burnout despite lifestyle efforts,989
37341,891,1341159400,RT,Hate this. ethical standards being enforced in politics,990
7020,34959,1341159460,RE,Hate this. technology replacing jobs without safeguards,991
37134,3845,1341159520,MT,Hate this. mental health stigma still widespread,992
4364,24,1341159580,RT,Hate this. deforestation continuing at alarming rates,993
12666,28667,1341159640,RE,Hate this. fraudulent schemes exploiting investors,994
95027,20373,1341159700,MT,Hate this. fitness programs being too expensive,995
80881,114159,1341159760,RT,Hate this. controversial statements by public figures,996
138412,23812,1341159820,RE,Hate this. students facing barriers to quality education,997
10300,50290,1341159880,MT,Hate this. scientific misinformation spreading rapidly,998
191347,20152,1341159940,RT,Hate this. burnout despite lifestyle efforts,999
8767,759,1341160000,RE,This is disappointing. ethical standards being enforced in politics,1000
973,37162,1341160060,MT,This is disappointing. technology replacing jobs without safeguards,1001
68729,77058,1341160120,RT,This is disappointing. mental health stigma still widespread,1002
50836,217199,1341160180,RE,This is disappointing. deforestation continuing at alarming rates,1003
162209,218218,1341160240,MT,This is disappointing. fraudulent schemes exploiting investors,1004
14589,196786,1341160300,RT,This is disappointing. fitness programs being too expensive,1005
18701,269219,1341160360,RE,This is disappointing. controversial statements by public figures,1006
117478,7480,1341160420,MT,This is disappointing. students facing barriers to quality education,1007
340987,52669,1341160480,RT,This is disappointing. scientific misinformation spreading rapidly,1008
44613,22313,1341160540,RE,This is disappointing. burnout despite lifestyle efforts,1009
205,6971,1341160600,MT,Not a fan of this at all. ethical standards being enforced in politics,1010
96022,15439,1341160660,RT,Not a fan of this at all. technology replacing jobs without safeguards,1011
18792,229447,1341160720,RE,Not a fan of this at all. mental health stigma still widespread,1012
59654,58739,1341160780,MT,Not a fan of this at all. deforestation continuing at alarming rates,1013
23975,53164,1341160840,RT,Not a fan of this at all. fraudulent schemes exploiting investors,1014
54223,16785,1341160900,RE,Not a fan of this at all. fitness programs being too expensive,1015
135355,106375,1341160960,MT,Not a fan of this at all. controversial statements by public figures,1016
23812,102082,1341161020,RT,Not a fan of this at all. students facing barriers to quality education,1017
10300,13700,1341161080,RE,Not a fan of this at all. scientific misinformation spreading rapidly,1018
2084,172167,1341161140,MT,Not a fan of this at all. burnout despite lifestyle efforts,1019
2941,27723,1341161200,RT,Love this! public interest placed above corporate influence,1020
2373,11844,1341161260,RE,Love this! AI decisions lacking transparency,1021
26175,171,1341161320,MT,Love this! fitness programs being inaccessible to many,1022
103439,95896,1341161380,RT,Love this! carbon emissions still rising in many countries,1023
204755,15741,1341161440,RE,Love this! extreme market volatility causing panic,1024
39096,137242,1341161500,MT,Love this! teams underperforming despite potential,1025
106399,42984,1341161560,RT,Love this! overhyped movies failing to deliver,1026
40312,302505,1341161620,RE,Love this! mentorship programs lacking resources,1027
85599,9910,1341161680,MT,Love this! space missions delayed due to technical issues,1028
31310,26078,1341161740,RT,Love this! motivational advice feeling generic or ineffective,1029
370,36660,1341161800,RE,So glad to see this! public interest placed above corporate influence,1030
2288,2898,1341161860,MT,So glad to see this! AI decisions lacking transparency,1031
3164,105315,1341161920,RT,So glad to see this! fitness programs being inaccessible to many,1032
93529,34324,1341161980,RE,So glad to see this! carbon emissions still rising in many countries,1033
183894,7801,1341162040,MT,So glad to see this! extreme market volatility causing panic,1034
38046,110177,1341162100,RT,So glad to see this! teams underperforming despite potential,1035
153105,5832,1341162160,RE,So glad to see this! overhyped movies failing to deliver,1036
43901,133418,1341162220,MT,So glad to see this! mentorship programs lacking resources,1037
17117,43276,1341162280,RT,So glad to see this! space missions delayed due to technical issues,1038
172167,346917,1341162340,RE,So glad to see this! motivational advice feeling generic or ineffective,1039
4599,2179,1341162400,MT,Brilliant work! public interest placed above corporate influence,1040
121293,12265,1341162460,RT,Brilliant work! AI decisions lacking transparency,1041
23666,171,1341162520,RE,Brilliant work! fitness programs being inaccessible to many,1042
51472,38445,1341162580,MT,Brilliant work! carbon emissions still rising in many countries,1043
238311,9475,1341162640,RT,Brilliant work! extreme market volatility causing panic,1044
6551,25339,1341162700,RE,Brilliant work! teams underperforming despite potential,1045
2001,58264,1341162760,MT,Brilliant work! overhyped movies failing to deliver,1046
28273,13916,1341162820,RT,Brilliant work! mentorship programs lacking resources,1047
90235,10728,1341162880,RE,Brilliant work! space missions delayed due to technical issues,1048
12159,345629,1341162940,MT,Brilliant work! motivational advice feeling generic or ineffective,1049
301,26195,1341163000,RT,Hate this. public interest placed above corporate influence,1050
235,75798,1341163060,RE,Hate this. AI decisions lacking transparency,1051
14727,83432,1341163120,MT,Hate this. fitness programs being inaccessible to many,1052
225087,10987,1341163180,RT,Hate this. carbon emissions still rising in many countries,1053
65000,9101,1341163240,RE,Hate this. extreme market volatility causing panic,1054
15039,95629,1341163300,MT,Hate this. teams underperforming despite potential,1055
9906,48982,1341163360,RT,Hate this. overhyped movies failing to deliver,1056
28273,376537,1341163420,RE,Hate this. mentorship programs lacking resources,1057
90145,73319,1341163480,MT,Hate this. space missions delayed due to technical issues,1058
83695,82643,1341163540,RT,Hate this. motivational advice feeling generic or ineffective,1059
980,31957,1341163600,RE,This is disappointing. public interest placed above corporate influence,1060
369,188,1341163660,MT,This is disappointing. AI decisions lacking transparency,1061
10704,95510,1341163720,RT,This is disappointing. fitness programs being inaccessible to many,1062
6657,8468,1341163780,RE,This is disappointing. carbon emissions still rising in many countries,1063
418,37964,1341163840,MT,This is disappointing. extreme market volatility causing panic,1064
48530,67097,1341163900,RT,This is disappointing. teams underperforming despite potential,1065
23395,132118,1341163960,RE,This is disappointing. overhyped movies failing to deliver,1066
335212,11521,1341164020,MT,This is disappointing. mentorship programs lacking resources,1067
14890,10257,1341164080,RT,This is disappointing. space missions delayed due to technical issues,1068
232237,55151,1341164140,RE,This is disappointing. motivational advice feeling generic or ineffective,1069
81181,19159,1341164200,MT,Not a fan of this at all. public interest placed above corporate influence,1070
50927,188,1341164260,RT,Not a fan of this at all. AI decisions lacking transparency,1071
19009,106789,1341164320,RE,Not a fan of this at all. fitness programs being inaccessible to many,1072
222,18561,1341164380,MT,Not a fan of this at all. carbon emissions still rising in many countries,1073
144933,48350,1341164440,RT,Not a fan of this at all. extreme market volatility causing panic,1074
137200,41477,1341164500,RE,Not a fan of this at all. teams underperforming despite potential,1075
6406,135355,1341164560,MT,Not a fan of this at all. overhyped movies failing to deliver,1076
865,40749,1341164620,RT,Not a fan of this at all. mentorship programs lacking resources,1077
188249,309611,1341164680,RE,Not a fan of this at all. space missions delayed due to technical issues,1078
21832,44946,1341164740,MT,Not a fan of this at all. motivational advice feeling generic or ineffective,1079
283,113099,1341164800,RT,Love this! laws that protect basic human rights,1080
80429,6651,1341164860,RE,Love this! data privacy being treated lightly,1081
42178,89003,1341164920,MT,Love this! nutritional guidance being ignored,1082
10726,9278,1341164980,RT,Love this! pollution affecting vulnerable communities,1083
260698,7599,1341165040,RE,Love this! financial inequalities remaining high,1084
19837,235207,1341165100,MT,Love this! lack of access to sports facilities,1085
71783,5843,1341165160,RT,Love this! award shows ignoring deserving talent,1086
282515,154193,1341165220,RE,Love this! career development opportunities limited,1087
225461,36114,1341165280,MT,Love this! research not being translated into action,1088
86631,6974,1341165340,RT,Love this! healthy habits being hard to maintain,1089
468,13795,1341165400,RE,So glad to see this! laws that protect basic human rights,1090
15451,199877,1341165460,MT,So glad to see this! data privacy being treated lightly,1091
17145,69779,1341165520,RT,So glad to see this! nutritional guidance being ignored,1092
4123,40254,1341165580,RE,So glad to see this! pollution affecting vulnerable communities,1093
9351,10063,1341165640,MT,So glad to see this! financial inequalities remaining high,1094
45421,34,1341165700,RT,So glad to see this! lack of access to sports facilities,1095
187431,57114,1341165760,RE,So glad to see this! award shows ignoring deserving talent,1096
50286,26900,1341165820,MT,So glad to see this! career development opportunities limited,1097
52669,116495,1341165880,RT,So glad to see this! research not being translated into action,1098
275685,12938,1341165940,RE,So glad to see this! healthy habits being hard to maintain,1099
59195,243,1341166000,MT,Brilliant work! laws that protect basic human rights,1100
2373,131327,1341166060,RT,Brilliant work! data privacy being treated lightly,1101
16547,17358,1341166120,RE,Brilliant work! nutritional guidance being ignored,1102
215055,3227,1341166180,MT,Brilliant work! pollution affecting vulnerable communities,1103
114163,41395,1341166240,RT,Brilliant work! financial inequalities remaining high,1104
192943,67097,1341166300,RE,Brilliant work! lack of access to sports facilities,1105
65282,137329,1341166360,MT,Brilliant work! award shows ignoring deserving talent,1106
131729,7234,1341166420,RT,Brilliant work! career development opportunities limited,1107
47241,309611,1341166480,RE,Brilliant work! research not being translated into action,1108
204522,33105,1341166540,MT,Brilliant work! healthy habits being hard to maintain,1109
4599,205,1341166600,RT,Hate this. laws that protect basic human rights,1110
216655,30075,1341166660,RE,Hate this. data privacy being treated lightly,1111
18012,3603,1341166720,MT,Hate this. nutritional guidance being ignored,1112
36795,8468,1341166780,RT,Hate this. pollution affecting vulnerable communities,1113
43352,79105,1341166840,RE,Hate this. financial inequalities remaining high,1114
42432,40214,1341166900,MT,Hate this. lack of access to sports facilities,1115
72174,3372,1341166960,RT,Hate this. award shows ignoring deserving talent,1116
97881,9162,1341167020,RE,Hate this. career development opportunities limited,1117
130397,3193,1341167080,MT,Hate this. research not being translated into action,1118
116499,88215,1341167140,RT,Hate this. healthy habits being hard to maintain,1119
8942,26186,1341167200,RE,This is disappointing. laws that protect basic human rights,1120
79648,16296,1341167260,MT,This is disappointing. data privacy being treated lightly,1121
74030,60512,1341167320,RT,This is disappointing. nutritional guidance being ignored,1122
30400,12464,1341167380,RE,This is disappointing. pollution affecting vulnerable communities,1123
106658,20367,1341167440,MT,This is disappointing. financial inequalities remaining high,1124
31733,6711,1341167500,RT,This is disappointing. lack of access to sports facilities,1125
267290,18104,1341167560,RE,This is disappointing. award shows ignoring deserving talent,1126
192260,13275,1341167620,MT,This is disappointing. career development opportunities limited,1127
267639,307066,1341167680,RT,This is disappointing. research not being translated into action,1128
166216,59520,1341167740,RE,This is disappointing. healthy habits being hard to maintain,1129
59195,7569,1341167800,MT,Not a fan of this at all. laws that protect basic human rights,1130
1877,37505,1341167860,RT,Not a fan of this at all. data privacy being treated lightly,1131
50242,6695,1341167920,RE,Not a fan of this at all. nutritional guidance being ignored,1132
23940,36840,1341167980,MT,Not a fan of this at all. pollution affecting vulnerable communities,1133
46192,37009,1341168040,RT,Not a fan of this at all. financial inequalities remaining high,1134
226183,76414,1341168100,RE,Not a fan of this at all. lack of access to sports facilities,1135
93162,104320,1341168160,MT,Not a fan of this at all. award shows ignoring deserving talent,1136
93184,9968,1341168220,RT,Not a fan of this at all. career development opportunities limited,1137
24932,113373,1341168280,RE,Not a fan of this at all. research not being translated into action,1138
6023,77245,1341168340,MT,Not a fan of this at all. healthy habits being hard to maintain,1139
65380,14957,1341168400,RT,Love this! government transparency improving,1140
6148,231650,1341168460,RE,Love this! overreliance on automation,1141
7401,51444,1341168520,MT,Love this! misinformation spreading about health topics,1142
22240,440981,1341168580,RT,Love this! environmental laws being ignored,1143
449128,18388,1341168640,RE,Love this! scams targeting inexperienced traders,1144
42432,67097,1341168700,MT,Love this! poor safety measures in training,1145
281202,59343,1341168760,RT,Love this! poor treatment of artists behind the scenes,1146
28452,23812,1341168820,RE,Love this! outdated curriculum affecting learning,1147
139746,166765,1341168880,MT,Love this! inequality in access to scientific education,1148
121553,61530,1341168940,RT,Love this! personal growth programs underdelivering,1149
16188,26186,1341169000,RE,So glad to see this! government transparency improving,1150
36417,73941,1341169060,MT,So glad to see this! overreliance on automation,1151
1285,2349,1341169120,RT,So glad to see this! misinformation spreading about health topics,1152
34227,20246,1341169180,RE,So glad to see this! environmental laws being ignored,1153
70120,84831,1341169240,MT,So glad to see this! scams targeting inexperienced traders,1154
5437,111325,1341169300,RT,So glad to see this! poor safety measures in training,1155
80881,16711,1341169360,RE,So glad to see this! poor treatment of artists behind the scenes,1156
223839,64993,1341169420,MT,So glad to see this! outdated curriculum affecting learning,1157
18040,351520,1341169480,RT,So glad to see this! inequality in access to scientific education,1158
22313,206628,1341169540,RE,So glad to see this! personal growth programs underdelivering,1159
4444,7592,1341169600,MT,Brilliant work! government transparency improving,1160
103612,43722,1341169660,RT,Brilliant work! overreliance on automation,1161
1285,7643,1341169720,RE,Brilliant work! misinformation spreading about health topics,1162
52512,5253,1341169780,MT,Brilliant work! environmental laws being ignored,1163
49741,148228,1341169840,RT,Brilliant work! scams targeting inexperienced traders,1164
74228,180734,1341169900,RE,Brilliant work! poor safety measures in training,1165
95081,105460,1341169960,MT,Brilliant work! poor treatment of artists behind the scenes,1166
131729,19366,1341170020,RT,Brilliant work! outdated curriculum affecting learning,1167
10053,49176,1341170080,RE,Brilliant work! inequality in access to scientific education,1168
165970,964,1341170140,MT,Brilliant work! personal growth programs underdelivering,1169
239782,19870,1341170200,RT,Hate this. government transparency improving,1170
167376,2071,1341170260,RE,Hate this. overreliance on automation,1171
298,25784,1341170320,MT,Hate this. misinformation spreading about health topics,1172
132404,60365,1341170380,RT,Hate this. environmental laws being ignored,1173
72339,24031,1341170440,RE,Hate this. scams targeting inexperienced traders,1174
5464,5493,1341170500,MT,Hate this. poor safety measures in training,1175
2594,82988,1341170560,RT,Hate this. poor treatment of artists behind the scenes,1176
191108,201107,1341170620,RE,Hate this. outdated curriculum affecting learning,1177
21782,51168,1341170680,MT,Hate this. inequality in access to scientific education,1178
72839,3134,1341170740,RT,Hate this. personal growth programs underdelivering,1179
20385,12281,1341170800,RE,This is disappointing. government transparency improving,1180
36417,920,1341170860,MT,This is disappointing. overreliance on automation,1181
983,91500,1341170920,RT,This is disappointing. misinformation spreading about health topics,1182
89010,55539,1341170980,RE,This is disappointing. environmental laws being ignored,1183
43793,4344,1341171040,MT,This is disappointing. scams targeting inexperienced traders,1184
22397,24007,1341171100,RT,This is disappointing. poor safety measures in training,1185
24082,74783,1341171160,RE,This is disappointing. poor treatment of artists behind the scenes,1186
67517,6659,1341171220,MT,This is disappointing. outdated curriculum affecting learning,1187
166765,24932,1341171280,RT,This is disappointing. inequality in access to scientific education,1188
57118,138635,1341171340,RE,This is disappointing. personal growth programs underdelivering,1189
317,52469,1341171400,MT,Not a fan of this at all. government transparency improving,1190
2795,7020,1341171460,RT,Not a fan of this at all. overreliance on automation,1191
45144,5188,1341171520,RE,Not a fan of this at all. misinformation spreading about health topics,1192
113223,128855,1341171580,MT,Not a fan of this at all. environmental laws being ignored,1193
8095,28980,1341171640,RT,Not a fan of this at all. scams targeting inexperienced traders,1194
68256,73227,1341171700,RE,Not a fan of this at all. poor safety measures in training,1195
2050,291294,1341171760,MT,Not a fan of this at all. poor treatment of artists behind the scenes,1196
13916,44652,1341171820,RT,Not a fan of this at all. outdated curriculum affecting learning,1197
98439,148860,1341171880,RE,Not a fan of this at all. inequality in access to scientific education,1198
11326,209321,1341171940,MT,Not a fan of this at all. personal growth programs underdelivering,1199
14682,37561,1341172000,RT,Love this! policies designed with expert input,1200
98992,110210,1341172060,RE,Love this! AI models trained on biased data,1201
2165,515,1341172120,MT,Love this! healthcare inequalities persisting,1202
13879,10987,1341172180,RT,Love this! ineffective recycling systems,1203
24599,11597,1341172240,RE,Love this! cryptocurrency hype outpacing regulation,1204
74920,1002,1341172300,MT,Love this! coaching programs being inconsistent,1205
5843,147241,1341172360,RT,Love this! films with weak storylines or messages,1206
359115,54486,1341172420,RE,Love this! teachers overwhelmed by class sizes,1207
123417,45137,1341172480,MT,Love this! critical studies being ignored,1208
39666,276033,1341172540,RT,Love this! wellness trends being overhyped,1209
28285,248,1341172600,RE,So glad to see this! policies designed with expert input,1210
216655,2813,1341172660,MT,So glad to see this! AI models trained on biased data,1211
100127,229447,1341172720,RT,So glad to see this! healthcare inequalities persisting,1212
58739,93529,1341172780,RE,So glad to see this! ineffective recycling systems,1213
28557,39566,1341172840,MT,So glad to see this! cryptocurrency hype outpacing regulation,1214
95629,8399,1341172900,RT,So glad to see this! coaching programs being inconsistent,1215
101806,64266,1341172960,RE,So glad to see this! films with weak storylines or messages,1216
4875,282515,1341173020,MT,So glad to see this! teachers overwhelmed by class sizes,1217
18313,71020,1341173080,RT,So glad to see this! critical studies being ignored,1218
131506,7171,1341173140,RE,So glad to see this! wellness trends being overhyped,1219
54200,37545,1341173200,MT,Brilliant work! policies designed with expert input,1220
32243,2911,1341173260,RT,Brilliant work! AI models trained on biased data,1221
120063,51886,1341173320,RE,Brilliant work! healthcare inequalities persisting,1222
134304,188032,1341173380,MT,Brilliant work! ineffective recycling systems,1223
13136,50698,1341173440,RT,Brilliant work! cryptocurrency hype outpacing regulation,1224
27135,7428,1341173500,RE,Brilliant work! coaching programs being inconsistent,1225
8409,10969,1341173560,MT,Brilliant work! films with weak storylines or messages,1226
117882,3584,1341173620,RT,Brilliant work! teachers overwhelmed by class sizes,1227
53019,87983,1341173680,RE,Brilliant work! critical studies being ignored,1228
61530,16945,1341173740,MT,Brilliant work! wellness trends being overhyped,1229
4893,27744,1341173800,RT,Hate this. policies designed with expert input,1230
34801,69127,1341173860,RE,Hate this. AI models trained on biased data,1231
106,1416,1341173920,MT,Hate this. healthcare inequalities persisting,1232
120908,15794,1341173980,RT,Hate this. ineffective recycling systems,1233
158400,31955,1341174040,RE,Hate this. cryptocurrency hype outpacing regulation,1234
180734,87431,1341174100,MT,Hate this. coaching programs being inconsistent,1235
16131,40295,1341174160,RT,Hate this. films with weak storylines or messages,1236
3300,86368,1341174220,RE,Hate this. teachers overwhelmed by class sizes,1237
198004,80648,1341174280,MT,Hate this. critical studies being ignored,1238
276525,93266,1341174340,RT,Hate this. wellness trends being overhyped,1239
14611,980,1341174400,RE,This is disappointing. policies designed with expert input,1240
367,6014,1341174460,MT,This is disappointing. AI models trained on biased data,1241
12469,57541,1341174520,RT,This is disappointing. healthcare inequalities persisting,1242
133434,62209,1341174580,RE,This is disappointing. ineffective recycling systems,1243
228749,24224,1341174640,MT,This is disappointing. cryptocurrency hype outpacing regulation,1244
121076,69628,1341174700,RT,This is disappointing. coaching programs being inconsistent,1245
191125,35382,1341174760,RE,This is disappointing. films with weak storylines or messages,1246
252361,80068,1341174820,MT,This is disappointing. teachers overwhelmed by class sizes,1247
68282,16938,1341174880,RT,This is disappointing. critical studies being ignored,1248
76,70148,1341174940,RE,This is disappointing. wellness trends being overhyped,1249
11036,11946,1341175000,MT,Not a fan of this at all. policies designed with expert input,1250
20718,59542,1341175060,RT,Not a fan of this at all. AI models trained on biased data,1251
65709,7505,1341175120,RE,Not a fan of this at all. healthcare inequalities persisting,1252
265554,23940,1341175180,MT,Not a fan of this at all. ineffective recycling systems,1253
56892,10896,1341175240,RT,Not a fan of this at all. cryptocurrency hype outpacing regulation,1254
95027,220468,1341175300,RE,Not a fan of this at all. coaching programs being inconsistent,1255
48502,121422,1341175360,MT,Not a fan of this at all. films with weak storylines or messages,1256
45395,67517,1341175420,RT,Not a fan of this at all. teachers overwhelmed by class sizes,1257
50270,25766,1341175480,RE,Not a fan of this at all. critical studies being ignored,1258
398000,17312,1341175540,MT,Not a fan of this at all. wellness trends being overhyped,1259
34519,35481,1341175600,RT,Love this! leaders admitting mistakes and correcting course,1260
867,56756,1341175660,RE,Love this! tech companies prioritizing speed over safety,1261
19009,51749,1341175720,MT,Love this! overworked medical staff facing burnout,1262
42380,31031,1341175780,RT,Love this! wildlife habitats being destroyed,1263
140117,37559,1341175840,RE,Love this! investor protections being ignored,1264
452453,226183,1341175900,MT,Love this! athlete burnout due to overtraining,1265
6406,3453,1341175960,RT,Love this! celebrity scandals overshadowing achievements,1266
116512,176994,1341176020,RE,Love this! inequality in access to educational resources,1267
173141,144204,1341176080,MT,Love this! scientists facing obstacles in publishing work,1268
57496,159807,1341176140,RT,Love this! time management tools being confusing,1269
16440,14557,1341176200,RE,So glad to see this! leaders admitting mistakes and correcting course,1270
46754,22630,1341176260,MT,So glad to see this! tech companies prioritizing speed over safety,1271
265704,154462,1341176320,RT,So glad to see this! overworked medical staff facing burnout,1272
2236,51472,1341176380,RE,So glad to see this! wildlife habitats being destroyed,1273
596,14124,1341176440,MT,So glad to see this! investor protections being ignored,1274
209539,54223,1341176500,RT,So glad to see this! athlete burnout due to overtraining,1275
52129,15407,1341176560,RE,So glad to see this! celebrity scandals overshadowing achievements,1276
22380,191108,1341176620,MT,So glad to see this! inequality in access to educational resources,1277
299994,221484,1341176680,RT,So glad to see this! scientists facing obstacles in publishing work,1278
129456,24384,1341176740,RE,So glad to see this! time management tools being confusing,1279
51742,310,1341176800,MT,Brilliant work! leaders admitting mistakes and correcting course,1280
3228,773,1341176860,RT,Brilliant work! tech companies prioritizing speed over safety,1281
3861,2689,1341176920,RE,Brilliant work! overworked medical staff facing burnout,1282
10719,113315,1341176980,MT,Brilliant work! wildlife habitats being destroyed,1283
12122,49540,1341177040,RT,Brilliant work! investor protections being ignored,1284
235207,220468,1341177100,RE,Brilliant work! athlete burnout due to overtraining,1285
53383,29477,1341177160,MT,Brilliant work! celebrity scandals overshadowing achievements,1286
72514,106469,1341177220,RT,Brilliant work! inequality in access to educational resources,1287
10140,119547,1341177280,RE,Brilliant work! scientists facing obstacles in publishing work,1288
316130,330145,1341177340,MT,Brilliant work! time management tools being confusing,1289
3533,18431,1341177400,RT,Hate this. leaders admitting mistakes and correcting course,1290
50219,47666,1341177460,RE,Hate this. tech companies prioritizing speed over safety,1291
50276,30241,1341177520,MT,Hate this. overworked medical staff facing burnout,1292
28493,12012,1341177580,RT,Hate this. wildlife habitats being destroyed,1293
74604,49540,1341177640,RE,Hate this. investor protections being ignored,1294
220468,12891,1341177700,MT,Hate this. athlete burnout due to overtraining,1295
107231,27518,1341177760,RT,Hate this. celebrity scandals overshadowing achievements,1296
26611,124957,1341177820,RE,Hate this. inequality in access to educational resources,1297
98439,7785,1341177880,MT,Hate this. scientists facing obstacles in publishing work,1298
85727,151460,1341177940,RT,Hate this. time management tools being confusing,1299
433454,3549,1341178000,RE,This is disappointing. leaders admitting mistakes and correcting course,1300
29743,215057,1341178060,MT,This is disappointing. tech companies prioritizing speed over safety,1301
179509,6166,1341178120,RT,This is disappointing. overworked medical staff facing burnout,1302
188032,63856,1341178180,RE,This is disappointing. wildlife habitats being destroyed,1303
128773,63773,1341178240,MT,This is disappointing. investor protections being ignored,1304
35707,122155,1341178300,RT,This is disappointing. athlete burnout due to overtraining,1305
114428,70786,1341178360,RE,This is disappointing. celebrity scandals overshadowing achievements,1306
100067,52490,1341178420,MT,This is disappointing. inequality in access to educational resources,1307
24751,160629,1341178480,RT,This is disappointing. scientists facing obstacles in publishing work,1308
132832,338829,1341178540,RE,This is disappointing. time management tools being confusing,1309
110903,14625,1341178600,MT,Not a fan of this at all. leaders admitting mistakes and correcting course,1310
4528,14469,1341178660,RT,Not a fan of this at all. tech companies prioritizing speed over safety,1311
77616,92608,1341178720,RE,Not a fan of this at all. overworked medical staff facing burnout,1312
39501,2746,1341178780,MT,Not a fan of this at all. wildlife habitats being destroyed,1313
23220,204197,1341178840,RT,Not a fan of this at all. investor protections being ignored,1314
173809,254716,1341178900,RE,Not a fan of this at all. athlete burnout due to overtraining,1315
10650,10815,1341178960,MT,Not a fan of this at all. celebrity scandals overshadowing achievements,1316
95702,119097,1341179020,RT,Not a fan of this at all. inequality in access to educational resources,1317
149796,58534,1341179080,RE,Not a fan of this at all. scientists facing obstacles in publishing work,1318
92250,50816,1341179140,MT,Not a fan of this at all. time management tools being confusing,1319
2237,4893,1341179200,RT,Love this! bipartisan cooperation on critical issues,1320
1542,36216,1341179260,RE,Love this! lack of accountability in AI failures,1321
1999,30478,1341179320,MT,Love this! wellness apps failing to protect privacy,1322
52200,52920,1341179380,RT,Love this! lack of investment in clean energy,1323
266,130629,1341179440,RE,Love this! high-risk investments marketed irresponsibly,1324
7570,102394,1341179500,MT,Love this! youth programs lacking funding,1325
50202,114428,1341179560,RT,Love this! performances falling short of expectations,1326
39977,223839,1341179620,RE,Love this! workplace training being inconsistent,1327
337809,50294,1341179680,MT,Love this! underfunded environmental research,1328
64643,28715,1341179740,RT,Love this! lack of access to coaching or mentorship,1329
456,1880,1341179800,RE,So glad to see this! bipartisan cooperation on critical issues,1330
12270,16225,1341179860,MT,So glad to see this! lack of accountability in AI failures,1331
14628,91115,1341179920,RT,So glad to see this! wellness apps failing to protect privacy,1332
3227,11711,1341179980,RE,So glad to see this! lack of investment in clean energy,1333
95881,145851,1341180040,MT,So glad to see this! high-risk investments marketed irresponsibly,1334
42169,17045,1341180100,RT,So glad to see this! youth programs lacking funding,1335
24082,132002,1341180160,RE,So glad to see this! performances falling short of expectations,1336
360,159268,1341180220,MT,So glad to see this! workplace training being inconsistent,1337
32532,28652,1341180280,RT,So glad to see this! underfunded environmental research,1338
94373,70424,1341180340,RE,So glad to see this! lack of access to coaching or mentorship,1339
226,389,1341180400,MT,Brilliant work! bipartisan cooperation on critical issues,1340
308781,198081,1341180460,RT,Brilliant work! lack of accountability in AI failures,1341
66417,54796,1341180520,RE,Brilliant work! wellness apps failing to protect privacy,1342
31696,21017,1341180580,MT,Brilliant work! lack of investment in clean energy,1343
119972,39074,1341180640,RT,Brilliant work! high-risk investments marketed irresponsibly,1344
46328,148272,1341180700,RE,Brilliant work! youth programs lacking funding,1345
196276,202206,1341180760,MT,Brilliant work! performances falling short of expectations,1346
105731,16457,1341180820,RT,Brilliant work! workplace training being inconsistent,1347
30486,14306,1341180880,RE,Brilliant work! underfunded environmental research,1348
54704,68171,1341180940,MT,Brilliant work! lack of access to coaching or mentorship,1349
26,31957,1341181000,RT,Hate this. bipartisan cooperation on critical issues,1350
29542,231650,1341181060,RE,Hate this. lack of accountability in AI failures,1351
103759,7340,1341181120,MT,Hate this. wellness apps failing to protect privacy,1352
26540,106574,1341181180,RT,Hate this. lack of investment in clean energy,1353
103080,31508,1341181240,RE,Hate this. high-risk investments marketed irresponsibly,1354
39673,24898,1341181300,MT,Hate this. youth programs lacking funding,1355
23587,14567,1341181360,RT,Hate this. performances falling short of expectations,1356
238634,208867,1341181420,RE,Hate this. workplace training being inconsistent,1357
412404,167245,1341181480,MT,Hate this. underfunded environmental research,1358
265784,67712,1341181540,RT,Hate this. lack of access to coaching or mentorship,1359
37532,1276,1341181600,RE,This is disappointing. bipartisan cooperation on critical issues,1360
19869,60686,1341181660,MT,This is disappointing. lack of accountability in AI failures,1361
233483,22734,1341181720,RT,This is disappointing. wellness apps failing to protect privacy,1362
401447,3232,1341181780,RE,This is disappointing. lack of investment in clean energy,1363
7599,46530,1341181840,MT,This is disappointing. high-risk investments marketed irresponsibly,1364
103761,26367,1341181900,RT,This is disappointing. youth programs lacking funding,1365
65904,8396,1341181960,RE,This is disappointing. performances falling short of expectations,1366
58569,100924,1341182020,MT,This is disappointing. workplace training being inconsistent,1367
177442,378013,1341182080,RT,This is disappointing. underfunded environmental research,1368
346917,160725,1341182140,RE,This is disappointing. lack of access to coaching or mentorship,1369
36371,330,1341182200,MT,Not a fan of this at all. bipartisan cooperation on critical issues,1370
129563,12265,1341182260,RT,Not a fan of this at all. lack of accountability in AI failures,1371
22849,84647,1341182320,RE,Not a fan of this at all. wellness apps failing to protect privacy,1372
368167,124506,1341182380,MT,Not a fan of this at all. lack of investment in clean energy,1373
6761,80868,1341182440,RT,Not a fan of this at all. high-risk investments marketed irresponsibly,1374
102394,85314,1341182500,RE,Not a fan of this at all. youth programs lacking funding,1375
73034,32508,1341182560,MT,Not a fan of this at all. performances falling short of expectations,1376
8460,49940,1341182620,RT,Not a fan of this at all. workplace training being inconsistent,1377
167245,62045,1341182680,RE,Not a fan of this at all. underfunded environmental research,1378
161672,209524,1341182740,MT,Not a fan of this at all. lack of access to coaching or mentorship,1379
36436,980,1341182800,RT,Love this! measures that strengthen social safety nets,1380
523,50297,1341182860,RE,Love this! surveillance technologies expanding unchecked,1381
33651,23956,1341182920,MT,Love this! chronic conditions being underfunded,1382
44969,38673,1341182980,RT,Love this! greenwashing by large corporations,1383
219683,19426,1341183040,RE,Love this! banks failing to support small businesses,1384
166095,21718,1341183100,MT,Love this! sports policies failing to protect players,1385
133133,15857,1341183160,RT,Love this! overexposure of certain celebrities,1386
20139,8081,1341183220,RE,Love this! students dropping out due to lack of support,1387
18717,1138,1341183280,MT,Love this! failed experiments causing setbacks,1388
3144,16945,1341183340,RT,Love this! fitness routines being too demanding,1389
55965,327,1341183400,RE,So glad to see this! measures that strengthen social safety nets,1390
59702,55466,1341183460,MT,So glad to see this! surveillance technologies expanding unchecked,1391
22774,6496,1341183520,RT,So glad to see this! chronic conditions being underfunded,1392
10987,4123,1341183580,RE,So glad to see this! greenwashing by large corporations,1393
113358,542,1341183640,MT,So glad to see this! banks failing to support small businesses,1394
38028,971,1341183700,RT,So glad to see this! sports policies failing to protect players,1395
6406,65187,1341183760,RE,So glad to see this! overexposure of certain celebrities,1396
350,213472,1341183820,MT,So glad to see this! students dropping out due to lack of support,1397
23517,102320,1341183880,RT,So glad to see this! failed experiments causing setbacks,1398
67132,77245,1341183940,RE,So glad to see this! fitness routines being too demanding,1399
519,39889,1341184000,MT,Brilliant work! measures that strengthen social safety nets,1400
92575,5160,1341184060,RT,Brilliant work! surveillance technologies expanding unchecked,1401
15691,72269,1341184120,RE,Brilliant work! chronic conditions being underfunded,1402
117615,12012,1341184180,MT,Brilliant work! greenwashing by large corporations,1403
9352,39464,1341184240,RT,Brilliant work! banks failing to support small businesses,1404
129441,50265,1341184300,RE,Brilliant work! sports policies failing to protect players,1405
5832,3693,1341184360,MT,Brilliant work! overexposure of certain celebrities,1406
319990,161961,1341184420,RT,Brilliant work! students dropping out due to lack of support,1407
24751,58534,1341184480,RE,Brilliant work! failed experiments causing setbacks,1408
20011,37562,1341184540,MT,Brilliant work! fitness routines being too demanding,1409
69237,2874,1341184600,RT,Hate this. measures that strengthen social safety nets,1410
6014,65536,1341184660,RE,Hate this. surveillance technologies expanding unchecked,1411
73933,100127,1341184720,MT,Hate this. chronic conditions being underfunded,1412
48271,7414,1341184780,RT,Hate this. greenwashing by large corporations,1413
64313,119268,1341184840,RE,Hate this. banks failing to support small businesses,1414
48190,38028,1341184900,MT,Hate this. sports policies failing to protect players,1415
3243,44863,1341184960,RT,Hate this. overexposure of certain celebrities,1416
37001,134505,1341185020,RE,Hate this. students dropping out due to lack of support,1417
80006,29598,1341185080,MT,Hate this. failed experiments causing setbacks,1418
178088,77780,1341185140,RT,Hate this. fitness routines being too demanding,1419
11036,31534,1341185200,RE,This is disappointing. measures that strengthen social safety nets,1420
4177,39524,1341185260,MT,This is disappointing. surveillance technologies expanding unchecked,1421
10853,225908,1341185320,RT,This is disappointing. chronic conditions being underfunded,1422
9974,14539,1341185380,RE,This is disappointing. greenwashing by large corporations,1423
136594,59159,1341185440,MT,This is disappointing. banks failing to support small businesses,1424
61130,130735,1341185500,RT,This is disappointing. sports policies failing to protect players,1425
6661,20636,1341185560,RE,This is disappointing. overexposure of certain celebrities,1426
43539,83921,1341185620,MT,This is disappointing. students dropping out due to lack of support,1427
73319,260659,1341185680,RT,This is disappointing. failed experiments causing setbacks,1428
623,41796,1341185740,RE,This is disappointing. fitness routines being too demanding,1429
35843,14075,1341185800,MT,Not a fan of this at all. measures that strengthen social safety nets,1430
38672,22779,1341185860,RT,Not a fan of this at all. surveillance technologies expanding unchecked,1431
3164,12767,1341185920,RE,Not a fan of this at all. chronic conditions being underfunded,1432
8606,118744,1341185980,MT,Not a fan of this at all. greenwashing by large corporations,1433
252993,67504,1341186040,RT,Not a fan of this at all. banks failing to support small businesses,1434
68,8425,1341186100,RE,Not a fan of this at all. sports policies failing to protect players,1435
3125,5375,1341186160,MT,Not a fan of this at all. overexposure of certain celebrities,1436
7462,11449,1341186220,RT,Not a fan of this at all. students dropping out due to lack of support,1437
50350,102682,1341186280,RE,Not a fan of this at all. failed experiments causing setbacks,1438
31887,39697,1341186340,MT,Not a fan of this at all. fitness routines being too demanding,1439
14957,220,1341186400,RT,Love this! citizen voices influencing policy outcomes,1440
56426,16715,1341186460,RE,Love this! AI being used without user consent,1441
111105,5307,1341186520,MT,Love this! lack of support for mental wellness,1442
17989,5006,1341186580,RT,Love this! poor enforcement of environmental regulations,1443
96775,32333,1341186640,RE,Love this! misleading financial advice circulating,1444
54229,25440,1341186700,MT,Love this! health risks ignored in competitions,1445
16711,12058,1341186760,RT,Love this! entertainment news focusing on negativity,1446
57452,57324,1341186820,RE,Love this! professional guidance not reaching everyone,1447
6069,140517,1341186880,MT,Love this! space exploration projects canceled,1448
178088,216018,1341186940,RT,Love this! goal-setting advice feeling unrealistic,1449
979,32972,1341187000,RE,So glad to see this! citizen voices influencing policy outcomes,1450
38009,7383,1341187060,MT,So glad to see this! AI being used without user consent,1451
30487,23666,1341187120,RT,So glad to see this! lack of support for mental wellness,1452
437,49592,1341187180,RE,So glad to see this! poor enforcement of environmental regulations,1453
5478,23220,1341187240,MT,So glad to see this! misleading financial advice circulating,1454
11405,9191,1341187300,RT,So glad to see this! health risks ignored in competitions,1455
380767,30383,1341187360,RE,So glad to see this! entertainment news focusing on negativity,1456
9879,75042,1341187420,MT,So glad to see this! professional guidance not reaching everyone,1457
37430,173141,1341187480,RT,So glad to see this! space exploration projects canceled,1458
144026,51289,1341187540,RE,So glad to see this! goal-setting advice feeling unrealistic,1459
19908,182906,1341187600,MT,Brilliant work! citizen voices influencing policy outcomes,1460
1895,16695,1341187660,RT,Brilliant work! AI being used without user consent,1461
31288,7675,1341187720,RE,Brilliant work! lack of support for mental wellness,1462
36840,9932,1341187780,MT,Brilliant work! poor enforcement of environmental regulations,1463
247514,10339,1341187840,RT,Brilliant work! misleading financial advice circulating,1464
26927,69022,1341187900,RE,Brilliant work! health risks ignored in competitions,1465
6661,31329,1341187960,MT,Brilliant work! entertainment news focusing on negativity,1466
72514,133418,1341188020,RT,Brilliant work! professional guidance not reaching everyone,1467
6534,16681,1341188080,RE,Brilliant work! space exploration projects canceled,1468
11213,159599,1341188140,MT,Brilliant work! goal-setting advice feeling unrealistic,1469
7627,11792,1341188200,RT,Hate this. citizen voices influencing policy outcomes,1470
40298,26930,1341188260,RE,Hate this. AI being used without user consent,1471
199570,265613,1341188320,MT,Hate this. lack of support for mental wellness,1472
24514,14570,1341188380,RT,Hate this. poor enforcement of environmental regulations,1473
54214,14642,1341188440,RE,Hate this. misleading financial advice circulating,1474
137039,4376,1341188500,MT,Hate this. health risks ignored in competitions,1475
5375,8453,1341188560,RT,Hate this. entertainment news focusing on negativity,1476
165741,19118,1341188620,RE,Hate this. professional guidance not reaching everyone,1477
85856,6680,1341188680,MT,Hate this. space exploration projects canceled,1478
258985,74012,1341188740,RT,Hate this. goal-setting advice feeling unrealistic,1479
19159,4893,1341188800,RE,This is disappointing. citizen voices influencing policy outcomes,1480
39523,31304,1341188860,MT,This is disappointing. AI being used without user consent,1481
34798,3027,1341188920,RT,This is disappointing. lack of support for mental wellness,1482
31337,75797,1341188980,RE,This is disappointing. poor enforcement of environmental regulations,1483
20683,387599,1341189040,MT,This is disappointing. misleading financial advice circulating,1484
173809,21288,1341189100,RT,This is disappointing. health risks ignored in competitions,1485
3717,24082,1341189160,RE,This is disappointing. entertainment news focusing on negativity,1486
108272,17647,1341189220,MT,This is disappointing. professional guidance not reaching everyone,1487
10053,64484,1341189280,RT,This is disappointing. space exploration projects canceled,1488
14160,98212,1341189340,RE,This is disappointing. goal-setting advice feeling unrealistic,1489
138,3972,1341189400,MT,Not a fan of this at all. citizen voices influencing policy outcomes,1490
42643,89807,1341189460,RT,Not a fan of this at all. AI being used without user consent,1491
18575,31949,1341189520,RE,Not a fan of this at all. lack of support for mental wellness,1492
59985,2350,1341189580,MT,Not a fan of this at all. poor enforcement of environmental regulations,1493
16441,215675,1341189640,RT,Not a fan of this at all. misleading financial advice circulating,1494
349931,68400,1341189700,RE,Not a fan of this at all. health risks ignored in competitions,1495
80926,41174,1341189760,MT,Not a fan of this at all. entertainment news focusing on negativity,1496
14554,208867,1341189820,RT,Not a fan of this at all. professional guidance not reaching everyone,1497
53876,15295,1341189880,RE,Not a fan of this at all. space exploration projects canceled,1498
92693,3770,1341189940,MT,Not a fan of this at all. goal-setting advice feeling unrealistic,1499
330,21280,1341190000,RT,Love this! decisions being made without public consultation,1500
92575,7279,1341190060,RE,Love this! technology increasing social isolation,1501
6753,214092,1341190120,MT,Love this! health policies favoring the wealthy,1502
718,11149,1341190180,RT,Love this! rising global temperatures causing concern,1503
17966,29937,1341190240,RE,Love this! poor transparency in financial reporting,1504
20373,26927,1341190300,MT,Love this! training programs not inclusive,1505
88671,25063,1341190360,RT,Love this! talent being overlooked in award decisions,1506
43643,18450,1341190420,RE,Love this! educational policies failing to address real needs,1507
12466,49695,1341190480,MT,Love this! innovation slowed by bureaucracy,1508
9816,12375,1341190540,RT,Love this! self-care practices being ignored,1509
14682,36371,1341190600,RE,So glad to see this! decisions being made without public consultation,1510
11998,40285,1341190660,MT,So glad to see this! technology increasing social isolation,1511
27635,28962,1341190720,RT,So glad to see this! health policies favoring the wealthy,1512
4537,10269,1341190780,RE,So glad to see this! rising global temperatures causing concern,1513
92781,24335,1341190840,MT,So glad to see this! poor transparency in financial reporting,1514
254716,26072,1341190900,RT,So glad to see this! training programs not inclusive,1515
260683,4639,1341190960,RE,So glad to see this! talent being overlooked in award decisions,1516
49940,29493,1341191020,MT,So glad to see this! educational policies failing to address real needs,1517
10728,16099,1341191080,RT,So glad to see this! innovation slowed by bureaucracy,1518
170806,302869,1341191140,RE,So glad to see this! self-care practices being ignored,1519
28285,28951,1341191200,MT,Brilliant work! decisions being made without public consultation,1520
9851,9106,1341191260,RT,Brilliant work! technology increasing social isolation,1521
120347,9226,1341191320,RE,Brilliant work! health policies favoring the wealthy,1522
46527,38382,1341191380,MT,Brilliant work! rising global temperatures causing concern,1523
73973,4624,1341191440,RT,Brilliant work! poor transparency in financial reporting,1524
349931,429298,1341191500,RE,Brilliant work! training programs not inclusive,1525
65187,9919,1341191560,MT,Brilliant work! talent being overlooked in award decisions,1526
35141,46752,1341191620,RT,Brilliant work! educational policies failing to address real needs,1527
149796,302195,1341191680,RE,Brilliant work! innovation slowed by bureaucracy,1528
85727,68266,1341191740,MT,Brilliant work! self-care practices being ignored,1529
5005,2353,1341191800,RT,Hate this. decisions being made without public consultation,1530
49577,3228,1341191860,RE,Hate this. technology increasing social isolation,1531
360368,53258,1341191920,MT,Hate this. health policies favoring the wealthy,1532
87373,188032,1341191980,RT,Hate this. rising global temperatures causing concern,1533
13516,6761,1341192040,RE,Hate this. poor transparency in financial reporting,1534
229741,25312,1341192100,MT,Hate this. training programs not inclusive,1535
23422,50401,1341192160,RT,Hate this. talent being overlooked in award decisions,1536
6659,81403,1341192220,RE,Hate this. educational policies failing to address real needs,1537
34049,55443,1341192280,MT,Hate this. innovation slowed by bureaucracy,1538
35535,39422,1341192340,RT,Hate this. self-care practices being ignored,1539
316,47794,1341192400,RE,This is disappointing. decisions being made without public consultation,1540
37820,272834,1341192460,MT,This is disappointing. technology increasing social isolation,1541
25258,16204,1341192520,RT,This is disappointing. health policies favoring the wealthy,1542
4741,3232,1341192580,RE,This is disappointing. rising global temperatures causing concern,1543
39089,8095,1341192640,MT,This is disappointing. poor transparency in financial reporting,1544
12462,35348,1341192700,RT,This is disappointing. training programs not inclusive,1545
34247,382034,1341192760,RE,This is disappointing. talent being overlooked in award decisions,1546
34466,249802,1341192820,MT,This is disappointing. educational policies failing to address real needs,1547
169287,6618,1341192880,RT,This is disappointing. innovation slowed by bureaucracy,1548
352288,19879,1341192940,RE,This is disappointing. self-care practices being ignored,1549
13820,2934,1341193000,MT,Not a fan of this at all. decisions being made without public consultation,1550
37505,4380,1341193060,RT,Not a fan of this at all. technology increasing social isolation,1551
34282,2143,1341193120,RE,Not a fan of this at all. health policies favoring the wealthy,1552
120908,177746,1341193180,MT,Not a fan of this at all. rising global temperatures causing concern,1553
52936,128,1341193240,RT,Not a fan of this at all. poor transparency in financial reporting,1554
126458,146922,1341193300,RE,Not a fan of this at all. training programs not inclusive,1555
67637,6643,1341193360,MT,Not a fan of this at all. talent being overlooked in award decisions,1556
14755,14825,1341193420,RT,Not a fan of this at all. educational policies failing to address real needs,1557
104508,199020,1341193480,RE,Not a fan of this at all. innovation slowed by bureaucracy,1558
50770,118480,1341193540,MT,Not a fan of this at all. self-care practices being ignored,1559
194092,213,1341193600,RT,Love this! policies that benefit a small elite,1560
8021,4994,1341193660,RE,Love this! algorithms reinforcing inequality,1561
92066,111105,1341193720,MT,Love this! preventive care being neglected,1562
314,17871,1341193780,RT,Love this! climate disasters becoming more frequent,1563
2360,31624,1341193840,RE,Love this! volatile crypto tokens causing losses,1564
15799,50935,1341193900,MT,Love this! inadequate support for disabled athletes,1565
99403,143548,1341193960,RT,Love this! poorly executed marketing campaigns,1566
137233,34746,1341194020,RE,Love this! digital divide affecting learning outcomes,1567
128932,16496,1341194080,MT,Love this! scientific collaboration hindered by politics,1568
173407,316130,1341194140,RT,Love this! resources for personal development limited,1569
4665,37561,1341194200,RE,So glad to see this! policies that benefit a small elite,1570
60686,78528,1341194260,MT,So glad to see this! algorithms reinforcing inequality,1571
8294,45,1341194320,RT,So glad to see this! preventive care being neglected,1572
38728,10269,1341194380,RE,So glad to see this! climate disasters becoming more frequent,1573
128773,24055,1341194440,MT,So glad to see this! volatile crypto tokens causing losses,1574
48930,75480,1341194500,RT,So glad to see this! inadequate support for disabled athletes,1575
34950,3243,1341194560,RE,So glad to see this! poorly executed marketing campaigns,1576
19118,38232,1341194620,MT,So glad to see this! digital divide affecting learning outcomes,1577
166169,53842,1341194680,RT,So glad to see this! scientific collaboration hindered by politics,1578
36987,17312,1341194740,RE,So glad to see this! resources for personal development limited,1579
16783,35375,1341194800,MT,Brilliant work! policies that benefit a small elite,1580
12966,367,1341194860,RT,Brilliant work! algorithms reinforcing inequality,1581
106209,297144,1341194920,RE,Brilliant work! preventive care being neglected,1582
37526,53920,1341194980,MT,Brilliant work! climate disasters becoming more frequent,1583
154350,15261,1341195040,RT,Brilliant work! volatile crypto tokens causing losses,1584
43853,35421,1341195100,RE,Brilliant work! inadequate support for disabled athletes,1585
165916,2654,1341195160,MT,Brilliant work! poorly executed marketing campaigns,1586
70080,43723,1341195220,RT,Brilliant work! digital divide affecting learning outcomes,1587
45272,42831,1341195280,RE,Brilliant work! scientific collaboration hindered by politics,1588
206726,46710,1341195340,MT,Brilliant work! resources for personal development limited,1589
21280,857,1341195400,RT,Hate this. policies that benefit a small elite,1590
288958,30513,1341195460,RE,Hate this. algorithms reinforcing inequality,1591
26092,179509,1341195520,MT,Hate this. preventive care being neglected,1592
62215,7284,1341195580,RT,Hate this. climate disasters becoming more frequent,1593
44446,3390,1341195640,RE,Hate this. volatile crypto tokens causing losses,1594
39096,5799,1341195700,MT,Hate this. inadequate support for disabled athletes,1595
32219,8395,1341195760,RT,Hate this. poorly executed marketing campaigns,1596
242386,19887,1341195820,RE,Hate this. digital divide affecting learning outcomes,1597
35426,209683,1341195880,MT,Hate this. scientific collaboration hindered by politics,1598
39666,176894,1341195940,RT,Hate this. resources for personal development limited,1599
206,37528,1341196000,RE,This is disappointing. policies that benefit a small elite,1600
104474,9903,1341196060,MT,This is disappointing. algorithms reinforcing inequality,1601
80257,51886,1341196120,RT,This is disappointing. preventive care being neglected,1602
49089,86909,1341196180,RE,This is disappointing. climate disasters becoming more frequent,1603
65000,22714,1341196240,MT,This is disappointing. volatile crypto tokens causing losses,1604
148702,103761,1341196300,RT,This is disappointing. inadequate support for disabled athletes,1605
7998,11342,1341196360,RE,This is disappointing. poorly executed marketing campaigns,1606
394034,238634,1341196420,MT,This is disappointing. digital divide affecting learning outcomes,1607
50270,10691,1341196480,RT,This is disappointing. scientific collaboration hindered by politics,1608
41041,41808,1341196540,RE,This is disappointing. resources for personal development limited,1609
8,59,1341196600,MT,Not a fan of this at all. policies that benefit a small elite,1610
98430,68206,1341196660,RT,Not a fan of this at all. algorithms reinforcing inequality,1611
92066,93500,1341196720,RE,Not a fan of this at all. preventive care being neglected,1612
6679,73037,1341196780,MT,Not a fan of this at all. climate disasters becoming more frequent,1613
15261,2157,1341196840,RT,Not a fan of this at all. volatile crypto tokens causing losses,1614
29315,79783,1341196900,RE,Not a fan of this at all. inadequate support for disabled athletes,1615
109001,31917,1341196960,MT,Not a fan of this at all. poorly executed marketing campaigns,1616
93990,57324,1341197020,RT,Not a fan of this at all. digital divide affecting learning outcomes,1617
57688,68282,1341197080,RE,Not a fan of this at all. scientific collaboration hindered by politics,1618
20421,11901,1341197140,MT,Not a fan of this at all. resources for personal development limited,1619
18431,7937,1341197200,RT,Love this! lack of accountability for misconduct,1620
121293,400,1341197260,RE,Love this! poor communication about AI limitations,1621
30241,6496,1341197320,MT,Love this! poor public health communication,1622
4537,27869,1341197380,RT,Love this! fossil fuel dependency still high,1623
33301,158400,1341197440,RE,Love this! lack of safeguards for digital assets,1624
20073,53652,1341197500,MT,Love this! poor nutrition guidance for participants,1625
70786,153105,1341197560,RT,Love this! celebrity feuds causing unnecessary drama,1626
50964,48532,1341197620,RE,Love this! underpaid educators,1627
11337,208328,1341197680,MT,Love this! lack of public engagement with research,1628
1993,352288,1341197740,RT,Love this! bad habits being hard to break,1629
34236,356,1341197800,RE,So glad to see this! lack of accountability for misconduct,1630
1037,92,1341197860,MT,So glad to see this! poor communication about AI limitations,1631
14628,195232,1341197920,RT,So glad to see this! poor public health communication,1632
73037,5082,1341197980,RE,So glad to see this! fossil fuel dependency still high,1633
16570,13076,1341198040,MT,So glad to see this! lack of safeguards for digital assets,1634
92809,68599,1341198100,RT,So glad to see this! poor nutrition guidance for participants,1635
3287,291294,1341198160,RE,So glad to see this! celebrity feuds causing unnecessary drama,1636
2258,33442,1341198220,MT,So glad to see this! underpaid educators,1637
16064,330895,1341198280,RT,So glad to see this! lack of public engagement with research,1638
16945,39752,1341198340,RE,So glad to see this! bad habits being hard to break,1639
7437,8321,1341198400,MT,Brilliant work! lack of accountability for misconduct,1640
16746,36875,1341198460,RT,Brilliant work! poor communication about AI limitations,1641
40886,31975,1341198520,RE,Brilliant work! poor public health communication,1642
40254,3816,1341198580,MT,Brilliant work! fossil fuel dependency still high,1643
34810,126308,1341198640,RT,Brilliant work! lack of safeguards for digital assets,1644
40214,80706,1341198700,RE,Brilliant work! poor nutrition guidance for participants,1645
423897,54066,1341198760,MT,Brilliant work! celebrity feuds causing unnecessary drama,1646
34466,57942,1341198820,RT,Brilliant work! underpaid educators,1647
220181,242244,1341198880,RE,Brilliant work! lack of public engagement with research,1648
61530,10365,1341198940,MT,Brilliant work! bad habits being hard to break,1649
408,14602,1341199000,RT,Hate this. lack of accountability for misconduct,1650
47175,867,1341199060,RE,Hate this. poor communication about AI limitations,1651
3024,41725,1341199120,MT,Hate this. poor public health communication,1652
16335,10726,1341199180,RT,Hate this. fossil fuel dependency still high,1653
80920,219373,1341199240,RE,Hate this. lack of safeguards for digital assets,1654
26004,20111,1341199300,MT,Hate this. poor nutrition guidance for participants,1655
50434,8989,1341199360,RT,Hate this. celebrity feuds causing unnecessary drama,1656
154581,26655,1341199420,RE,Hate this. underpaid educators,1657
23761,131668,1341199480,MT,Hate this. lack of public engagement with research,1658
47184,22313,1341199540,RT,Hate this. bad habits being hard to break,1659
76165,216,1341199600,RE,This is disappointing. lack of accountability for misconduct,1660
38009,85437,1341199660,MT,This is disappointing. poor communication about AI limitations,1661
69883,121414,1341199720,RT,This is disappointing. poor public health communication,1662
24757,203735,1341199780,RE,This is disappointing. fossil fuel dependency still high,1663
59026,229438,1341199840,MT,This is disappointing. lack of safeguards for digital assets,1664
116966,48190,1341199900,RT,This is disappointing. poor nutrition guidance for participants,1665
128973,20,1341199960,RE,This is disappointing. celebrity feuds causing unnecessary drama,1666
15285,43723,1341200020,MT,This is disappointing. underpaid educators,1667
86906,101877,1341200080,RT,This is disappointing. lack of public engagement with research,1668
4349,132832,1341200140,RE,This is disappointing. bad habits being hard to break,1669
14070,39889,1341200200,MT,Not a fan of this at all. lack of accountability for misconduct,1670
27037,69970,1341200260,RT,Not a fan of this at all. poor communication about AI limitations,1671
22627,225908,1341200320,RE,Not a fan of this at all. poor public health communication,1672
113315,2564,1341200380,MT,Not a fan of this at all. fossil fuel dependency still high,1673
26079,169521,1341200440,RT,Not a fan of this at all. lack of safeguards for digital assets,1674
25284,44869,1341200500,RE,Not a fan of this at all. poor nutrition guidance for participants,1675
106299,230569,1341200560,MT,Not a fan of this at all. celebrity feuds causing unnecessary drama,1676
47506,378,1341200620,RT,Not a fan of this at all. underpaid educators,1677
98203,108925,1341200680,RE,Not a fan of this at all. lack of public engagement with research,1678
21046,35726,1341200740,MT,Not a fan of this at all. bad habits being hard to break,1679
7501,6080,1341200800,RT,Love this! important reforms being endlessly delayed,1680
23037,23464,1341200860,RE,Love this! security risks being ignored,1681
51886,23769,1341200920,MT,Love this! dangerous health trends being promoted,1682
16140,48039,1341200980,RT,Love this! ocean pollution growing,1683
31698,63741,1341201040,RE,Love this! unequal access to investment opportunities,1684
17045,60695,1341201100,MT,Love this! teams facing mismanagement issues,1685
19947,366295,1341201160,RT,Love this! reboots failing to capture original magic,1686
28452,140013,1341201220,RE,Love this! programs ignoring marginalized communities,1687
68079,231955,1341201280,MT,Love this! important findings underreported,1688
91359,37221,1341201340,RT,Love this! online courses not engaging enough,1689
489,2417,1341201400,RE,So glad to see this! important reforms being endlessly delayed,1690
19843,59702,1341201460,MT,So glad to see this! security risks being ignored,1691
33569,16293,1341201520,RT,So glad to see this! dangerous health trends being promoted,1692
177812,265554,1341201580,RE,So glad to see this! ocean pollution growing,1693
9858,71079,1341201640,MT,So glad to see this! unequal access to investment opportunities,1694
231574,19837,1341201700,RT,So glad to see this! teams facing mismanagement issues,1695
343151,126181,1341201760,RE,So glad to see this! reboots failing to capture original magic,1696
128781,261343,1341201820,MT,So glad to see this! programs ignoring marginalized communities,1697
49440,484,1341201880,RT,So glad to see this! important findings underreported,1698
16516,21397,1341201940,RE,So glad to see this! online courses not engaging enough,1699
14376,6241,1341202000,MT,Brilliant work! important reforms being endlessly delayed,1700
13809,23464,1341202060,RT,Brilliant work! security risks being ignored,1701
31028,515,1341202120,RE,Brilliant work! dangerous health trends being promoted,1702
18506,93529,1341202180,MT,Brilliant work! ocean pollution growing,1703
114163,12463,1341202240,RT,Brilliant work! unequal access to investment opportunities,1704
43719,314236,1341202300,RE,Brilliant work! teams facing mismanagement issues,1705
53885,32219,1341202360,MT,Brilliant work! reboots failing to capture original magic,1706
22380,7480,1341202420,RT,Brilliant work! programs ignoring marginalized communities,1707
53019,101118,1341202480,RE,Brilliant work! important findings underreported,1708
20152,67132,1341202540,MT,Brilliant work! online courses not engaging enough,1709
103447,34719,1341202600,RT,Hate this. important reforms being endlessly delayed,1710
1231,8498,1341202660,RE,Hate this. security risks being ignored,1711
2922,2356,1341202720,MT,Hate this. dangerous health trends being promoted,1712
11149,47608,1341202780,RT,Hate this. ocean pollution growing,1713
50698,94713,1341202840,RE,Hate this. unequal access to investment opportunities,1714
76414,14355,1341202900,MT,Hate this. teams facing mismanagement issues,1715
2233,265301,1341202960,RT,Hate this. reboots failing to capture original magic,1716
38277,100067,1341203020,RE,Hate this. programs ignoring marginalized communities,1717
28707,54488,1341203080,MT,Hate this. important findings underreported,1718
116499,65003,1341203140,RT,Hate this. online courses not engaging enough,1719
1276,5011,1341203200,RE,This is disappointing. important reforms being endlessly delayed,1720
41854,230370,1341203260,MT,This is disappointing. security risks being ignored,1721
7694,10704,1341203320,RT,This is disappointing. dangerous health trends being promoted,1722
388659,65377,1341203380,RE,This is disappointing. ocean pollution growing,1723
6502,44019,1341203440,MT,This is disappointing. unequal access to investment opportunities,1724
12891,5,1341203500,RT,This is disappointing. teams facing mismanagement issues,1725
55,180890,1341203560,RE,This is disappointing. reboots failing to capture original magic,1726
3226,406640,1341203620,MT,This is disappointing. programs ignoring marginalized communities,1727
63790,278404,1341203680,RT,This is disappointing. important findings underreported,1728
87771,16945,1341203740,RE,This is disappointing. online courses not engaging enough,1729
14672,356,1341203800,MT,Not a fan of this at all. important reforms being endlessly delayed,1730
17175,1542,1341203860,RT,Not a fan of this at all. security risks being ignored,1731
51181,80257,1341203920,RE,Not a fan of this at all. dangerous health trends being promoted,1732
1239,40608,1341203980,MT,Not a fan of this at all. ocean pollution growing,1733
12463,39093,1341204040,RT,Not a fan of this at all. unequal access to investment opportunities,1734
20395,129441,1341204100,RE,Not a fan of this at all. teams facing mismanagement issues,1735
18309,423897,1341204160,MT,Not a fan of this at all. reboots failing to capture original magic,1736
98637,47515,1341204220,RT,Not a fan of this at all. programs ignoring marginalized communities,1737
32532,74187,1341204280,RE,Not a fan of this at all. important findings underreported,1738
2169,132195,1341204340,MT,Not a fan of this at all. online courses not engaging enough,1739
981,54207,1341204400,RT,Love this! misinformation shaping public policy,1740
1895,5208,1341204460,RE,Love this! technology decisions made without public input,1741
71888,120477,1341204520,MT,Love this! limited access to essential medications,1742
18231,251638,1341204580,RT,Love this! loss of biodiversity accelerating,1743
34810,18038,1341204640,RE,Love this! predatory lending practices continuing,1744
31084,44126,1341204700,MT,Love this! fitness technology not accessible to all,1745
14805,343151,1341204760,RT,Love this! fans disappointed by creative choices,1746
35950,67517,1341204820,RE,Love this! job opportunities not keeping pace with skills,1747
13660,235455,1341204880,MT,Love this! technological failures affecting progress,1748
8944,443349,1341204940,RT,Love this! wellness programs being inaccessible,1749
16188,36436,1341205000,RE,So glad to see this! misinformation shaping public policy,1750
15998,2060,1341205060,MT,So glad to see this! technology decisions made without public input,1751
51613,5500,1341205120,RT,So glad to see this! limited access to essential medications,1752
16211,40274,1341205180,RE,So glad to see this! loss of biodiversity accelerating,1753
29978,10232,1341205240,MT,So glad to see this! predatory lending practices continuing,1754
116701,19609,1341205300,RT,So glad to see this! fitness technology not accessible to all,1755
15934,43440,1341205360,RE,So glad to see this! fans disappointed by creative choices,1756
45322,23812,1341205420,MT,So glad to see this! job opportunities not keeping pace with skills,1757
337963,29692,1341205480,RT,So glad to see this! technological failures affecting progress,1758
36079,108224,1341205540,RE,So glad to see this! wellness programs being inaccessible,1759
7533,316,1341205600,MT,Brilliant work! misinformation shaping public policy,1760
50285,229,1341205660,RT,Brilliant work! technology decisions made without public input,1761
67950,30241,1341205720,RE,Brilliant work! limited access to essential medications,1762
81150,36840,1341205780,MT,Brilliant work! loss of biodiversity accelerating,1763
3290,8099,1341205840,RT,Brilliant work! predatory lending practices continuing,1764
58095,114273,1341205900,RE,Brilliant work! fitness technology not accessible to all,1765
87761,17531,1341205960,MT,Brilliant work! fans disappointed by creative choices,1766
62666,7216,1341206020,RT,Brilliant work! job opportunities not keeping pace with skills,1767
10728,46669,1341206080,RE,Brilliant work! technological failures affecting progress,1768
22170,6023,1341206140,MT,Brilliant work! wellness programs being inaccessible,1769
519,31240,1341206200,RT,Hate this. misinformation shaping public policy,1770
59012,7020,1341206260,RE,Hate this. technology decisions made without public input,1771
36982,40323,1341206320,MT,Hate this. limited access to essential medications,1772
143185,16211,1341206380,RT,Hate this. loss of biodiversity accelerating,1773
227353,254305,1341206440,RE,Hate this. predatory lending practices continuing,1774
237922,31926,1341206500,MT,Hate this. fitness technology not accessible to all,1775
353362,343151,1341206560,RT,Hate this. fans disappointed by creative choices,1776
123611,11256,1341206620,RE,Hate this. job opportunities not keeping pace with skills,1777
6982,222578,1341206680,MT,Hate this. technological failures affecting progress,1778
33620,131144,1341206740,RT,Hate this. wellness programs being inaccessible,1779
2156,42182,1341206800,RE,This is disappointing. misinformation shaping public policy,1780
12965,14571,1341206860,MT,This is disappointing. technology decisions made without public input,1781
20752,43371,1341206920,RT,This is disappointing. limited access to essential medications,1782
16335,113315,1341206980,RE,This is disappointing. loss of biodiversity accelerating,1783
29978,24031,1341207040,MT,This is disappointing. predatory lending practices continuing,1784
452453,11444,1341207100,RT,This is disappointing. fitness technology not accessible to all,1785
3214,176473,1341207160,RE,This is disappointing. fans disappointed by creative choices,1786
87319,309612,1341207220,MT,This is disappointing. job opportunities not keeping pace with skills,1787
73319,36521,1341207280,RT,This is disappointing. technological failures affecting progress,1788
346917,121217,1341207340,RE,This is disappointing. wellness programs being inaccessible,1789
35216,5795,1341207400,MT,Not a fan of this at all. misinformation shaping public policy,1790
188,34629,1341207460,RT,Not a fan of this at all. technology decisions made without public input,1791
73485,267269,1341207520,RE,Not a fan of this at all. limited access to essential medications,1792
62514,992,1341207580,MT,Not a fan of this at all. loss of biodiversity accelerating,1793
32526,54214,1341207640,RT,Not a fan of this at all. predatory lending practices continuing,1794
828,70993,1341207700,RE,Not a fan of this at all. fitness technology not accessible to all,1795
34950,6607,1341207760,MT,Not a fan of this at all. fans disappointed by creative choices,1796
93990,242386,1341207820,RT,Not a fan of this at all. job opportunities not keeping pace with skills,1797
63790,168172,1341207880,RE,Not a fan of this at all. technological failures affecting progress,1798
9816,6435,1341207940,MT,Not a fan of this at all. wellness programs being inaccessible,1799
30799,689,1341208000,RT,Love this! basic rights being treated as negotiable,1800
21979,42180,1341208060,RE,Love this! AI hype overshadowing real capabilities,1801
6585,40185,1341208120,MT,Love this! stress and anxiety rising globally,1802
8381,11953,1341208180,RT,Love this! unsustainable agriculture harming ecosystems,1803
249845,30223,1341208240,RE,Love this! centralized control limiting financial freedom,1804
93147,53817,1341208300,MT,Love this! overemphasis on competition over wellness,1805
14887,18827,1341208360,RT,Love this! actors criticized unfairly for roles,1806
12945,7451,1341208420,RE,Love this! career growth blocked by bureaucracy,1807
82858,144204,1341208480,MT,Love this! research not addressing real-world needs,1808
68266,21397,1341208540,RT,Love this! lack of guidance for lifestyle changes,1809
14070,59,1341208600,RE,So glad to see this! basic rights being treated as negotiable,1810
27037,1253,1341208660,MT,So glad to see this! AI hype overshadowing real capabilities,1811
38225,3024,1341208720,RT,So glad to see this! stress and anxiety rising globally,1812
4309,93208,1341208780,RE,So glad to see this! unsustainable agriculture harming ecosystems,1813
80868,28980,1341208840,MT,So glad to see this! centralized control limiting financial freedom,1814
26927,319196,1341208900,RT,So glad to see this! overemphasis on competition over wellness,1815
38642,97179,1341208960,RE,So glad to see this! actors criticized unfairly for roles,1816
12662,33150,1341209020,MT,So glad to see this! career growth blocked by bureaucracy,1817
22799,9229,1341209080,RT,So glad to see this! research not addressing real-world needs,1818
17676,95124,1341209140,RE,So glad to see this! lack of guidance for lifestyle changes,1819
14564,3998,1341209200,MT,Brilliant work! basic rights being treated as negotiable,1820
63,11053,1341209260,RT,Brilliant work! AI hype overshadowing real capabilities,1821
8385,325463,1341209320,RE,Brilliant work! stress and anxiety rising globally,1822
325,78063,1341209380,MT,Brilliant work! unsustainable agriculture harming ecosystems,1823
37559,74040,1341209440,RT,Brilliant work! centralized control limiting financial freedom,1824
85586,20922,1341209500,RE,Brilliant work! overemphasis on competition over wellness,1825
420228,9906,1341209560,MT,Brilliant work! actors criticized unfairly for roles,1826
50408,28452,1341209620,RT,Brilliant work! career growth blocked by bureaucracy,1827
36304,10154,1341209680,RE,Brilliant work! research not addressing real-world needs,1828
55291,73085,1341209740,MT,Brilliant work! lack of guidance for lifestyle changes,1829
122469,34719,1341209800,RT,Hate this. basic rights being treated as negotiable,1830
16990,45884,1341209860,RE,Hate this. AI hype overshadowing real capabilities,1831
108150,40185,1341209920,MT,Hate this. stress and anxiety rising globally,1832
26152,163,1341209980,RT,Hate this. unsustainable agriculture harming ecosystems,1833
103986,5741,1341210040,RE,Hate this. centralized control limiting financial freedom,1834
103448,133894,1341210100,MT,Hate this. overemphasis on competition over wellness,1835
138369,18104,1341210160,RT,Hate this. actors criticized unfairly for roles,1836
29493,451156,1341210220,RE,Hate this. career growth blocked by bureaucracy,1837
3976,65673,1341210280,MT,Hate this. research not addressing real-world needs,1838
52497,8889,1341210340,RT,Hate this. lack of guidance for lifestyle changes,1839
268,31510,1341210400,RE,This is disappointing. basic rights being treated as negotiable,1840
1231,282758,1341210460,MT,This is disappointing. AI hype overshadowing real capabilities,1841
100103,72269,1341210520,RT,This is disappointing. stress and anxiety rising globally,1842
34248,135369,1341210580,RE,This is disappointing. unsustainable agriculture harming ecosystems,1843
52413,3343,1341210640,MT,This is disappointing. centralized control limiting financial freedom,1844
304715,18771,1341210700,RT,This is disappointing. overemphasis on competition over wellness,1845
23587,29100,1341210760,RE,This is disappointing. actors criticized unfairly for roles,1846
143992,35180,1341210820,MT,This is disappointing. career growth blocked by bureaucracy,1847
85479,23635,1341210880,RT,This is disappointing. research not addressing real-world needs,1848
9251,93266,1341210940,RE,This is disappointing. lack of guidance for lifestyle changes,1849
10179,239782,1341211000,MT,Not a fan of this at all. basic rights being treated as negotiable,1850
3228,236994,1341211060,RT,Not a fan of this at all. AI hype overshadowing real capabilities,1851
502,26092,1341211120,RE,Not a fan of this at all. stress and anxiety rising globally,1852
8745,170665,1341211180,MT,Not a fan of this at all. unsustainable agriculture harming ecosystems,1853
41792,249845,1341211240,RT,Not a fan of this at all. centralized control limiting financial freedom,1854
48190,11444,1341211300,RE,Not a fan of this at all. overemphasis on competition over wellness,1855
74783,65187,1341211360,MT,Not a fan of this at all. actors criticized unfairly for roles,1856
134595,27034,1341211420,RT,Not a fan of this at all. career growth blocked by bureaucracy,1857
144204,32532,1341211480,RE,Not a fan of this at all. research not addressing real-world needs,1858
67204,49974,1341211540,MT,Not a fan of this at all. lack of guidance for lifestyle changes,1859
2287,456,1341211600,RT,Love this! policies driven by political theater,1860
38009,63931,1341211660,RE,Love this! ethical concerns being dismissed,1861
36556,73485,1341211720,MT,Love this! insurance gaps leaving people unprotected,1862
16538,42177,1341211780,RT,Love this! air quality deteriorating in urban areas,1863
71336,183894,1341211840,RE,Love this! investor education being neglected,1864
15039,68256,1341211900,MT,Love this! injury prevention programs underfunded,1865
103181,2374,1341211960,RT,Love this! over-commercialization in music or film,1866
286739,159515,1341212020,RE,Love this! skills training not aligned with industry demands,1867
95377,93032,1341212080,MT,Love this! scientific data being misinterpreted,1868
10357,36841,1341212140,RT,Love this! motivational content feeling hollow,1869
113099,979,1341212200,RE,So glad to see this! policies driven by political theater,1870
3637,14064,1341212260,MT,So glad to see this! ethical concerns being dismissed,1871
24704,22450,1341212320,RT,So glad to see this! insurance gaps leaving people unprotected,1872
285443,16618,1341212380,RE,So glad to see this! air quality deteriorating in urban areas,1873
29978,109872,1341212440,MT,So glad to see this! investor education being neglected,1874
14728,169754,1341212500,RT,So glad to see this! injury prevention programs underfunded,1875
58159,67666,1341212560,RE,So glad to see this! over-commercialization in music or film,1876
16216,12456,1341212620,MT,So glad to see this! skills training not aligned with industry demands,1877
53966,265816,1341212680,RT,So glad to see this! scientific data being misinterpreted,1878
6023,70550,1341212740,RE,So glad to see this! motivational content feeling hollow,1879
214,14615,1341212800,MT,Brilliant work! policies driven by political theater,1880
1270,3188,1341212860,RT,Brilliant work! ethical concerns being dismissed,1881
141656,184761,1341212920,RE,Brilliant work! insurance gaps leaving people unprotected,1882
128779,101854,1341212980,MT,Brilliant work! air quality deteriorating in urban areas,1883
129960,37559,1341213040,RT,Brilliant work! investor education being neglected,1884
16546,61005,1341213100,RE,Brilliant work! injury prevention programs underfunded,1885
180890,1912,1341213160,MT,Brilliant work! over-commercialization in music or film,1886
264996,29588,1341213220,RT,Brilliant work! skills training not aligned with industry demands,1887
57648,35426,1341213280,RE,Brilliant work! scientific data being misinterpreted,1888
247440,13131,1341213340,MT,Brilliant work! motivational content feeling hollow,1889
2572,322,1341213400,RT,Hate this. policies driven by political theater,1890
550,140893,1341213460,RE,Hate this. ethical concerns being dismissed,1891
9155,90578,1341213520,MT,Hate this. insurance gaps leaving people unprotected,1892
16211,5082,1341213580,RT,Hate this. air quality deteriorating in urban areas,1893
31624,51638,1341213640,RE,Hate this. investor education being neglected,1894
66730,22472,1341213700,MT,Hate this. injury prevention programs underfunded,1895
6671,16455,1341213760,RT,Hate this. over-commercialization in music or film,1896
387245,83921,1341213820,RE,Hate this. skills training not aligned with industry demands,1897
3193,10053,1341213880,MT,Hate this. scientific data being misinterpreted,1898
72145,128458,1341213940,RT,Hate this. motivational content feeling hollow,1899
50733,27483,1341214000,RE,This is disappointing. policies driven by political theater,1900
91,26674,1341214060,MT,This is disappointing. ethical concerns being dismissed,1901
106825,128515,1341214120,RT,This is disappointing. insurance gaps leaving people unprotected,1902
60365,34809,1341214180,RE,This is disappointing. air quality deteriorating in urban areas,1903
35354,26171,1341214240,MT,This is disappointing. investor education being neglected,1904
60350,44246,1341214300,RT,This is disappointing. injury prevention programs underfunded,1905
21007,121179,1341214360,RE,This is disappointing. over-commercialization in music or film,1906
117882,22408,1341214420,MT,This is disappointing. skills training not aligned with industry demands,1907
126028,116495,1341214480,RT,This is disappointing. scientific data being misinterpreted,1908
144026,6023,1341214540,RE,This is disappointing. motivational content feeling hollow,1909
33833,12687,1341214600,MT,Not a fan of this at all. policies driven by political theater,1910
21643,36417,1341214660,RT,Not a fan of this at all. ethical concerns being dismissed,1911
298,22924,1341214720,RE,Not a fan of this at all. insurance gaps leaving people unprotected,1912
10685,34226,1341214780,MT,Not a fan of this at all. air quality deteriorating in urban areas,1913
17881,180857,1341214840,RT,Not a fan of this at all. investor education being neglected,1914
10819,73227,1341214900,RE,Not a fan of this at all. injury prevention programs underfunded,1915
43440,12058,1341214960,MT,Not a fan of this at all. over-commercialization in music or film,1916
144338,75684,1341215020,RT,Not a fan of this at all. skills training not aligned with industry demands,1917
48745,107766,1341215080,RE,Not a fan of this at all. scientific data being misinterpreted,1918
138635,6712,1341215140,MT,Not a fan of this at all. motivational content feeling hollow,1919
50901,31617,1341215200,RT,Love this! short-term fixes replacing real solutions,1920
273,85739,1341215260,RE,Love this! automation without reskilling plans,1921
13235,15691,1341215320,MT,Love this! healthcare innovation being slow,1922
73343,2568,1341215380,RT,Love this! environmental activism facing resistance,1923
136565,12122,1341215440,RE,Love this! crypto wallets being hacked frequently,1924
5799,123135,1341215500,MT,Love this! lack of proper recovery protocols,1925
59343,99,1341215560,RT,Love this! films neglecting representation,1926
31576,2127,1341215620,RE,Love this! schools lacking proper facilities,1927
54226,166169,1341215680,MT,Love this! experiments delayed due to lack of resources,1928
55291,12938,1341215740,RT,Love this! personal growth efforts facing obstacles,1929
37523,9881,1341215800,RE,So glad to see this! short-term fixes replacing real solutions,1930
459,20718,1341215860,MT,So glad to see this! automation without reskilling plans,1931
25784,3361,1341215920,RT,So glad to see this! healthcare innovation being slow,1932
85083,4561,1341215980,RE,So glad to see this! environmental activism facing resistance,1933
266,42208,1341216040,MT,So glad to see this! crypto wallets being hacked frequently,1934
34179,7057,1341216100,RT,So glad to see this! lack of proper recovery protocols,1935
28067,103008,1341216160,RE,So glad to see this! films neglecting representation,1936
18641,335212,1341216220,MT,So glad to see this! schools lacking proper facilities,1937
69567,62619,1341216280,RT,So glad to see this! experiments delayed due to lack of resources,1938
101783,70380,1341216340,RE,So glad to see this! personal growth efforts facing obstacles,1939
5859,9363,1341216400,MT,Brilliant work! short-term fixes replacing real solutions,1940
5071,17155,1341216460,RT,Brilliant work! automation without reskilling plans,1941
6753,259849,1341216520,RE,Brilliant work! healthcare innovation being slow,1942
222,50836,1341216580,MT,Brilliant work! environmental activism facing resistance,1943
40398,228749,1341216640,RT,Brilliant work! crypto wallets being hacked frequently,1944
20192,33313,1341216700,RE,Brilliant work! lack of proper recovery protocols,1945
6093,61446,1341216760,MT,Brilliant work! films neglecting representation,1946
47515,50408,1341216820,RT,Brilliant work! schools lacking proper facilities,1947
42574,130815,1341216880,RE,Brilliant work! experiments delayed due to lack of resources,1948
443349,20939,1341216940,MT,Brilliant work! personal growth efforts facing obstacles,1949
122488,3533,1341217000,RT,Hate this. short-term fixes replacing real solutions,1950
2824,38226,1341217060,RE,Hate this. automation without reskilling plans,1951
69883,12469,1341217120,MT,Hate this. healthcare innovation being slow,1952
992,114312,1341217180,RT,Hate this. environmental activism facing resistance,1953
80507,63773,1341217240,RE,Hate this. crypto wallets being hacked frequently,1954
44246,42287,1341217300,MT,Hate this. lack of proper recovery protocols,1955
65919,14683,1341217360,RT,Hate this. films neglecting representation,1956
14825,17109,1341217420,RE,Hate this. schools lacking proper facilities,1957
210094,52926,1341217480,MT,Hate this. experiments delayed due to lack of resources,1958
239867,324281,1341217540,RT,Hate this. personal growth efforts facing obstacles,1959
11852,92274,1341217600,RE,This is disappointing. short-term fixes replacing real solutions,1960
4693,75830,1341217660,MT,This is disappointing. automation without reskilling plans,1961
171734,13758,1341217720,RT,This is disappointing. healthcare innovation being slow,1962
30400,36224,1341217780,RE,This is disappointing. environmental activism facing resistance,1963
12122,144933,1341217840,MT,This is disappointing. crypto wallets being hacked frequently,1964
38028,208863,1341217900,RT,This is disappointing. lack of proper recovery protocols,1965
50267,8964,1341217960,RE,This is disappointing. films neglecting representation,1966
68277,242386,1341218020,MT,This is disappointing. schools lacking proper facilities,1967
47241,28802,1341218080,RT,This is disappointing. experiments delayed due to lack of resources,1968
14793,51755,1341218140,RE,This is disappointing. personal growth efforts facing obstacles,1969
89805,19908,1341218200,MT,Not a fan of this at all. short-term fixes replacing real solutions,1970
11339,74014,1341218260,RT,Not a fan of this at all. automation without reskilling plans,1971
3772,11621,1341218320,RE,Not a fan of this at all. healthcare innovation being slow,1972
225318,113223,1341218380,MT,Not a fan of this at all. environmental activism facing resistance,1973
449128,29978,1341218440,RT,Not a fan of this at all. crypto wallets being hacked frequently,1974
24054,84902,1341218500,RE,Not a fan of this at all. lack of proper recovery protocols,1975
176473,16174,1341218560,MT,Not a fan of this at all. films neglecting representation,1976
78220,27848,1341218620,RT,Not a fan of this at all. schools lacking proper facilities,1977
3976,107766,1341218680,RE,Not a fan of this at all. experiments delayed due to lack of resources,1978
108224,35059,1341218740,MT,Not a fan of this at all. personal growth efforts facing obstacles,1979
27723,1837,1341218800,RT,Love this! public resources being mismanaged,1980
369,39959,1341218860,RE,Love this! opaque recommendation algorithms,1981
91500,344696,1341218920,MT,Love this! wellness initiatives ignoring minorities,1982
65634,8606,1341218980,RT,Love this! inadequate funding for conservation projects,1983
13076,35369,1341219040,RE,Love this! financial regulations lagging behind innovation,1984
417,2739,1341219100,MT,Love this! coaching ethics being questioned,1985
4014,410367,1341219160,RT,Love this! media spreading misinformation about stars,1986
241984,128915,1341219220,RE,Love this! students under pressure without support,1987
116893,204728,1341219280,MT,Love this! scientists underappreciated for their work,1988
33620,39666,1341219340,RT,Love this! stress management programs underfunded,1989
53508,468,1341219400,RE,So glad to see this! public resources being mismanaged,1990
10916,1647,1341219460,MT,So glad to see this! opaque recommendation algorithms,1991
95510,53258,1341219520,RT,So glad to see this! wellness initiatives ignoring minorities,1992
24750,388659,1341219580,RE,So glad to see this! inadequate funding for conservation projects,1993
31698,39464,1341219640,MT,So glad to see this! financial regulations lagging behind innovation,1994
66730,182825,1341219700,RT,So glad to see this! coaching ethics being questioned,1995
170103,184606,1341219760,RE,So glad to see this! media spreading misinformation about stars,1996
59178,57319,1341219820,MT,So glad to see this! students under pressure without support,1997
32098,43549,1341219880,RT,So glad to see this! scientists underappreciated for their work,1998
6175,2992,1341219940,RE,So glad to see this! stress management programs underfunded,1999
14672,34719,1341220000,MT,Brilliant work! public resources being mismanaged,2000
21585,78528,1341220060,RT,Brilliant work! opaque recommendation algorithms,2001
27864,42178,1341220120,RE,Brilliant work! wellness initiatives ignoring minorities,2002
4741,527,1341220180,MT,Brilliant work! inadequate funding for conservation projects,2003
2157,6645,1341220240,RT,Brilliant work! financial regulations lagging behind innovation,2004
431,26684,1341220300,RE,Brilliant work! coaching ethics being questioned,2005
23633,36065,1341220360,MT,Brilliant work! media spreading misinformation about stars,2006
12342,335212,1341220420,RT,Brilliant work! students under pressure without support,2007
8201,242935,1341220480,RE,Brilliant work! scientists underappreciated for their work,2008
23946,285185,1341220540,MT,Brilliant work! stress management programs underfunded,2009
13821,14584,1341220600,RT,Hate this. public resources being mismanaged,2010
62125,11854,1341220660,RE,Hate this. opaque recommendation algorithms,2011
82825,44456,1341220720,MT,Hate this. wellness initiatives ignoring minorities,2012
10942,225318,1341220780,RT,Hate this. inadequate funding for conservation projects,2013
30750,93181,1341220840,RE,Hate this. financial regulations lagging behind innovation,2014
68131,5628,1341220900,MT,Hate this. coaching ethics being questioned,2015
4567,132650,1341220960,RT,Hate this. media spreading misinformation about stars,2016
7803,159515,1341221020,RE,Hate this. students under pressure without support,2017
16099,8512,1341221080,MT,Hate this. scientists underappreciated for their work,2018
302869,92785,1341221140,RT,Hate this. stress management programs underfunded,2019
9762,3533,1341221200,RE,This is disappointing. public resources being mismanaged,2020
27179,5207,1341221260,MT,This is disappointing. opaque recommendation algorithms,2021
54135,65709,1341221320,RT,This is disappointing. wellness initiatives ignoring minorities,2022
188032,359960,1341221380,RE,This is disappointing. inadequate funding for conservation projects,2023
1101,26289,1341221440,MT,This is disappointing. financial regulations lagging behind innovation,2024
217388,115612,1341221500,RT,This is disappointing. coaching ethics being questioned,2025
254611,48982,1341221560,RE,This is disappointing. media spreading misinformation about stars,2026
1104,44652,1341221620,MT,This is disappointing. students under pressure without support,2027
69475,84589,1341221680,RT,This is disappointing. scientists underappreciated for their work,2028
14241,60739,1341221740,RE,This is disappointing. stress management programs underfunded,2029
677,30992,1341221800,MT,Not a fan of this at all. public resources being mismanaged,2030
9221,11103,1341221860,RT,Not a fan of this at all. opaque recommendation algorithms,2031
22450,36363,1341221920,RE,Not a fan of this at all. wellness initiatives ignoring minorities,2032
4123,177746,1341221980,MT,Not a fan of this at all. inadequate funding for conservation projects,2033
61508,119268,1341222040,RT,Not a fan of this at all. financial regulations lagging behind innovation,2034
84902,235207,1341222100,RE,Not a fan of this at all. coaching ethics being questioned,2035
76048,17564,1341222160,MT,Not a fan of this at all. media spreading misinformation about stars,2036
319990,54856,1341222220,RT,Not a fan of this at all. students under pressure without support,2037
188384,149796,1341222280,RE,Not a fan of this at all. scientists underappreciated for their work,2038
50816,14241,1341222340,MT,Not a fan of this at all. stress management programs underfunded,2039
228,38602,1341222400,RT,Love this! science being ignored in policy decisions,2040
47175,18915,1341222460,RE,Love this! AI replacing human judgment too quickly,2041
50266,90578,1341222520,MT,Love this! lack of affordable mental health resources,2042
56725,171180,1341222580,RT,Love this! public awareness not translating into action,2043
67581,30742,1341222640,RE,Love this! market manipulation harming ordinary investors,2044
138766,41736,1341222700,MT,Love this! fitness classes not catering to beginners,2045
132002,276767,1341222760,RT,Love this! projects rushed to meet deadlines,2046
47249,132857,1341222820,RE,Love this! mentorship opportunities being inaccessible,2047
263930,42836,1341222880,MT,Love this! space missions facing budget cuts,2048
195528,201077,1341222940,RT,Love this! self-improvement advice being inconsistent,2049
4599,35248,1341223000,RE,So glad to see this! science being ignored in policy decisions,2050
42173,20244,1341223060,MT,So glad to see this! AI replacing human judgment too quickly,2051
10853,66278,1341223120,RT,So glad to see this! lack of affordable mental health resources,2052
40612,36224,1341223180,RE,So glad to see this! public awareness not translating into action,2053
122880,23576,1341223240,MT,So glad to see this! market manipulation harming ordinary investors,2054
235207,25440,1341223300,RT,So glad to see this! fitness classes not catering to beginners,2055
170103,72388,1341223360,RE,So glad to see this! projects rushed to meet deadlines,2056
17647,154581,1341223420,MT,So glad to see this! mentorship opportunities being inaccessible,2057
223125,49695,1341223480,RT,So glad to see this! space missions facing budget cuts,2058
17676,3770,1341223540,RE,So glad to see this! self-improvement advice being inconsistent,2059
18168,511,1341223600,MT,Brilliant work! science being ignored in policy decisions,2060
324955,105601,1341223660,RT,Brilliant work! AI replacing human judgment too quickly,2061
28091,92066,1341223720,RE,Brilliant work! lack of affordable mental health resources,2062
66977,77555,1341223780,MT,Brilliant work! public awareness not translating into action,2063
24873,12824,1341223840,RT,Brilliant work! market manipulation harming ordinary investors,2064
191049,66778,1341223900,RE,Brilliant work! fitness classes not catering to beginners,2065
54023,276767,1341223960,MT,Brilliant work! projects rushed to meet deadlines,2066
140013,154193,1341224020,RT,Brilliant work! mentorship opportunities being inaccessible,2067
18040,86845,1341224080,RE,Brilliant work! space missions facing budget cuts,2068
443811,221458,1341224140,MT,Brilliant work! self-improvement advice being inconsistent,2069
54039,30230,1341224200,RT,Hate this. science being ignored in policy decisions,2070
36875,75846,1341224260,RE,Hate this. AI replacing human judgment too quickly,2071
15113,14934,1341224320,MT,Hate this. lack of affordable mental health resources,2072
28253,14570,1341224380,RT,Hate this. public awareness not translating into action,2073
7634,202812,1341224440,RE,Hate this. market manipulation harming ordinary investors,2074
61130,14431,1341224500,MT,Hate this. fitness classes not catering to beginners,2075
190358,93688,1341224560,RT,Hate this. projects rushed to meet deadlines,2076
75795,6013,1341224620,RE,Hate this. mentorship opportunities being inaccessible,2077
16496,387522,1341224680,MT,Hate this. space missions facing budget cuts,2078
11365,191347,1341224740,RT,Hate this. self-improvement advice being inconsistent,2079
8005,2670,1341224800,RE,This is disappointing. science being ignored in policy decisions,2080
10121,37832,1341224860,MT,This is disappointing. AI replacing human judgment too quickly,2081
34797,22084,1341224920,RT,This is disappointing. lack of affordable mental health resources,2082
992,11711,1341224980,RE,This is disappointing. public awareness not translating into action,2083
129960,7825,1341225040,MT,This is disappointing. market manipulation harming ordinary investors,2084
57987,123135,1341225100,RT,This is disappointing. fitness classes not catering to beginners,2085
10745,111494,1341225160,RE,This is disappointing. projects rushed to meet deadlines,2086
39071,19872,1341225220,MT,This is disappointing. mentorship opportunities being inaccessible,2087
15466,230245,1341225280,RT,This is disappointing. space missions facing budget cuts,2088
36987,65003,1341225340,RE,This is disappointing. self-improvement advice being inconsistent,2089
5335,383,1341225400,MT,Not a fan of this at all. science being ignored in policy decisions,2090
385,54217,1341225460,RT,Not a fan of this at all. AI replacing human judgment too quickly,2091
51640,49180,1341225520,RE,Not a fan of this at all. lack of affordable mental health resources,2092
3777,50052,1341225580,MT,Not a fan of this at all. public awareness not translating into action,2093
26079,48350,1341225640,RT,Not a fan of this at all. market manipulation harming ordinary investors,2094
253142,10574,1341225700,RE,Not a fan of this at all. fitness classes not catering to beginners,2095
140003,23395,1341225760,MT,Not a fan of this at all. projects rushed to meet deadlines,2096
99029,57324,1341225820,RT,Not a fan of this at all. mentorship opportunities being inaccessible,2097
68282,48745,1341225880,RE,Not a fan of this at all. space missions facing budget cuts,2098
46710,84841,1341225940,MT,Not a fan of this at all. self-improvement advice being inconsistent,2099
2670,30799,1341226000,RT,Love this! opaque processes behind major decisions,2100
31248,232850,1341226060,RE,Love this! technology rolling out without testing,2101
15113,77616,1341226120,MT,Love this! overemphasis on quick fixes instead of lifestyle changes,2102
63856,10264,1341226180,RT,Love this! climate policy being delayed,2103
158400,11007,1341226240,RE,Love this! fees and hidden costs reducing accessibility,2104
30857,52846,1341226300,MT,Love this! overcrowded sports facilities,2105
4639,35382,1341226360,RT,Love this! celebrities behaving irresponsibly,2106
44135,81674,1341226420,RE,Love this! training programs not inclusive,2107
295412,6912,1341226480,MT,Love this! research priorities not aligned with societal needs,2108
12159,101981,1341226540,RT,Love this! healthy routines interrupted by daily pressures,2109
58574,32226,1341226600,RE,So glad to see this! opaque processes behind major decisions,2110
13765,36216,1341226660,MT,So glad to see this! technology rolling out without testing,2111
27071,34797,1341226720,RT,So glad to see this! overemphasis on quick fixes instead of lifestyle changes,2112
52882,17460,1341226780,RE,So glad to see this! climate policy being delayed,2113
18388,109872,1341226840,MT,So glad to see this! fees and hidden costs reducing accessibility,2114
62107,92809,1341226900,RT,So glad to see this! overcrowded sports facilities,2115
31671,170103,1341226960,RE,So glad to see this! celebrities behaving irresponsibly,2116
11588,80491,1341227020,MT,So glad to see this! training programs not inclusive,2117
35080,44264,1341227080,RT,So glad to see this! research priorities not aligned with societal needs,2118
90641,6331,1341227140,RE,So glad to see this! healthy routines interrupted by daily pressures,2119
11714,59195,1341227200,MT,Brilliant work! opaque processes behind major decisions,2120
103921,385,1341227260,RT,Brilliant work! technology rolling out without testing,2121
68885,1999,1341227320,RE,Brilliant work! overemphasis on quick fixes instead of lifestyle changes,2122
111624,12493,1341227380,MT,Brilliant work! climate policy being delayed,2123
52936,2360,1341227440,RT,Brilliant work! fees and hidden costs reducing accessibility,2124
183404,959,1341227500,RE,Brilliant work! overcrowded sports facilities,2125
230569,5406,1341227560,MT,Brilliant work! celebrities behaving irresponsibly,2126
50947,377965,1341227620,RT,Brilliant work! training programs not inclusive,2127
225461,53266,1341227680,RE,Brilliant work! research priorities not aligned with societal needs,2128
55519,964,1341227740,MT,Brilliant work! healthy routines interrupted by daily pressures,2129
11921,236,1341227800,RT,Hate this. opaque processes behind major decisions,2130
42907,405665,1341227860,RE,Hate this. technology rolling out without testing,2131
170862,80864,1341227920,MT,Hate this. overemphasis on quick fixes instead of lifestyle changes,2132
439,2568,1341227980,RT,Hate this. climate policy being delayed,2133
95881,288158,1341228040,RE,Hate this. fees and hidden costs reducing accessibility,2134
67097,2739,1341228100,MT,Hate this. overcrowded sports facilities,2135
8989,240790,1341228160,RT,Hate this. celebrities behaving irresponsibly,2136
10194,11256,1341228220,RE,Hate this. training programs not inclusive,2137
116893,34071,1341228280,MT,Hate this. research priorities not aligned with societal needs,2138
356205,170159,1341228340,RT,Hate this. healthy routines interrupted by daily pressures,2139
57122,88572,1341228400,RE,This is disappointing. opaque processes behind major decisions,2140
21979,2402,1341228460,MT,This is disappointing. technology rolling out without testing,2141
78773,265704,1341228520,RT,This is disappointing. overemphasis on quick fixes instead of lifestyle changes,2142
7551,27682,1341228580,RE,This is disappointing. climate policy being delayed,2143
4957,10287,1341228640,MT,This is disappointing. fees and hidden costs reducing accessibility,2144
22991,24099,1341228700,RT,This is disappointing. overcrowded sports facilities,2145
334930,6993,1341228760,RE,This is disappointing. celebrities behaving irresponsibly,2146
4426,47249,1341228820,MT,This is disappointing. training programs not inclusive,2147
18040,307066,1341228880,RT,This is disappointing. research priorities not aligned with societal needs,2148
2882,36841,1341228940,RE,This is disappointing. healthy routines interrupted by daily pressures,2149
16801,2014,1341229000,MT,Not a fan of this at all. opaque processes behind major decisions,2150
42907,221,1341229060,RT,Not a fan of this at all. technology rolling out without testing,2151
104774,3772,1341229120,RE,Not a fan of this at all. overemphasis on quick fixes instead of lifestyle changes,2152
38133,51637,1341229180,MT,Not a fan of this at all. climate policy being delayed,2153
26079,122880,1341229240,RT,Not a fan of this at all. fees and hidden costs reducing accessibility,2154
35707,146922,1341229300,RE,Not a fan of this at all. overcrowded sports facilities,2155
58159,90227,1341229360,MT,Not a fan of this at all. celebrities behaving irresponsibly,2156
18450,117882,1341229420,RT,Not a fan of this at all. training programs not inclusive,2157
28250,242244,1341229480,RE,Not a fan of this at all. research priorities not aligned with societal needs,2158
70066,14793,1341229540,MT,Not a fan of this at all. healthy routines interrupted by daily pressures,2159
14664,34236,1341229600,RT,Love this! vulnerable groups being overlooked,2160
58522,39524,1341229660,RE,Love this! data collection without transparency,2161
2839,26807,1341229720,MT,Love this! poorly funded community health programs,2162
44036,58518,1341229780,RT,Love this! government ignoring scientific advice,2163
238310,12223,1341229840,RE,Love this! risk management in finance being overlooked,2164
5,3752,1341229900,MT,Love this! limited opportunities for women in sports,2165
11438,6643,1341229960,RT,Love this! overrated performances receiving awards,2166
47515,7451,1341230020,RE,Love this! educational resources being wasted,2167
118088,21314,1341230080,MT,Love this! scientific studies being criticized unfairly,2168
199340,34806,1341230140,RT,Love this! overloaded schedules preventing personal growth,2169
236,46117,1341230200,RE,So glad to see this! vulnerable groups being overlooked,2170
34306,42180,1341230260,MT,So glad to see this! data collection without transparency,2171
2689,14945,1341230320,RT,So glad to see this! poorly funded community health programs,2172
24514,35723,1341230380,RE,So glad to see this! government ignoring scientific advice,2173
26079,7442,1341230440,MT,So glad to see this! risk management in finance being overlooked,2174
103761,4602,1341230500,RT,So glad to see this! limited opportunities for women in sports,2175
34802,57279,1341230560,RE,So glad to see this! overrated performances receiving awards,2176
27034,202936,1341230620,MT,So glad to see this! educational resources being wasted,2177
9016,18451,1341230680,RT,So glad to see this! scientific studies being criticized unfairly,2178
107829,381497,1341230740,RE,So glad to see this! overloaded schedules preventing personal growth,2179
14376,20920,1341230800,MT,Brilliant work! vulnerable groups being overlooked,2180
282758,14907,1341230860,RT,Brilliant work! data collection without transparency,2181
51715,43905,1341230920,RE,Brilliant work! poorly funded community health programs,2182
20246,60365,1341230980,MT,Brilliant work! government ignoring scientific advice,2183
13374,120742,1341231040,RT,Brilliant work! risk management in finance being overlooked,2184
703,27982,1341231100,RE,Brilliant work! limited opportunities for women in sports,2185
67637,127964,1341231160,MT,Brilliant work! overrated performances receiving awards,2186
4751,66910,1341231220,RT,Brilliant work! educational resources being wasted,2187
267639,180135,1341231280,RE,Brilliant work! scientific studies being criticized unfairly,2188
93066,41603,1341231340,MT,Brilliant work! overloaded schedules preventing personal growth,2189
33383,57543,1341231400,RT,Hate this. vulnerable groups being overlooked,2190
64541,11844,1341231460,RE,Hate this. data collection without transparency,2191
265613,51886,1341231520,MT,Hate this. poorly funded community health programs,2192
118744,3232,1341231580,RT,Hate this. government ignoring scientific advice,2193
25091,26334,1341231640,RE,Hate this. risk management in finance being overlooked,2194
103448,74346,1341231700,MT,Hate this. limited opportunities for women in sports,2195
30442,38237,1341231760,RT,Hate this. overrated performances receiving awards,2196
63920,42936,1341231820,RE,Hate this. educational resources being wasted,2197
50294,149796,1341231880,MT,Hate this. scientific studies being criticized unfairly,2198
50675,22788,1341231940,RT,Hate this. overloaded schedules preventing personal growth,2199
2348,52908,1341232000,RE,This is disappointing. vulnerable groups being overlooked,2200
116924,15488,1341232060,MT,This is disappointing. data collection without transparency,2201
3024,267269,1341232120,RT,This is disappointing. poorly funded community health programs,2202
87373,36840,1341232180,RE,This is disappointing. government ignoring scientific advice,2203
254305,7442,1341232240,MT,This is disappointing. risk management in finance being overlooked,2204
210229,74346,1341232300,RT,This is disappointing. limited opportunities for women in sports,2205
420228,3214,1341232360,RE,This is disappointing. overrated performances receiving awards,2206
15496,147884,1341232420,MT,This is disappointing. educational resources being wasted,2207
355296,20751,1341232480,RT,This is disappointing. scientific studies being criticized unfairly,2208
28455,32564,1341232540,RE,This is disappointing. overloaded schedules preventing personal growth,2209
19995,7691,1341232600,MT,Not a fan of this at all. vulnerable groups being overlooked,2210
36558,75798,1341232660,RT,Not a fan of this at all. data collection without transparency,2211
37726,11710,1341232720,RE,Not a fan of this at all. poorly funded community health programs,2212
10269,25905,1341232780,MT,Not a fan of this at all. government ignoring scientific advice,2213
71336,7646,1341232840,RT,Not a fan of this at all. risk management in finance being overlooked,2214
66778,11025,1341232900,RE,Not a fan of this at all. limited opportunities for women in sports,2215
73171,32219,1341232960,MT,Not a fan of this at all. overrated performances receiving awards,2216
39410,62965,1341233020,RT,Not a fan of this at all. educational resources being wasted,2217
230245,88440,1341233080,RE,Not a fan of this at all. scientific studies being criticized unfairly,2218
59000,35726,1341233140,MT,Not a fan of this at all. overloaded schedules preventing personal growth,2219
69417,4368,1341233200,RT,Love this! corruption scandals without consequences,2220
5793,56426,1341233260,RE,Love this! AI misuse going unaddressed,2221
50276,110223,1341233320,MT,Love this! nutrition education being underprioritized,2222
42291,12012,1341233380,RT,Love this! waste management systems failing,2223
33787,13076,1341233440,RE,Love this! fraud in DeFi platforms,2224
63808,27436,1341233500,MT,Love this! sports programs focusing only on elite athletes,2225
202206,10033,1341233560,RT,Love this! TV shows canceled too early,2226
16457,35180,1341233620,RE,Love this! careers limited by systemic issues,2227
65673,62619,1341233680,MT,Love this! innovation limited by regulations,2228
98212,47184,1341233740,RT,Love this! limited support for mental wellness,2229
7404,9323,1341233800,RE,So glad to see this! corruption scandals without consequences,2230
13809,1459,1341233860,MT,So glad to see this! AI misuse going unaddressed,2231
272131,16304,1341233920,RT,So glad to see this! nutrition education being underprioritized,2232
42170,55539,1341233980,RE,So glad to see this! waste management systems failing,2233
91627,95986,1341234040,MT,So glad to see this! fraud in DeFi platforms,2234
5,201103,1341234100,RT,So glad to see this! sports programs focusing only on elite athletes,2235
50249,64266,1341234160,RE,So glad to see this! TV shows canceled too early,2236
241984,89928,1341234220,MT,So glad to see this! careers limited by systemic issues,2237
10475,234351,1341234280,RT,So glad to see this! innovation limited by regulations,2238
77245,174807,1341234340,RE,So glad to see this! limited support for mental wellness,2239
33383,4730,1341234400,MT,Brilliant work! corruption scandals without consequences,2240
50227,9682,1341234460,RT,Brilliant work! AI misuse going unaddressed,2241
51715,30478,1341234520,RE,Brilliant work! nutrition education being underprioritized,2242
7930,24757,1341234580,MT,Brilliant work! waste management systems failing,2243
14578,26289,1341234640,RT,Brilliant work! fraud in DeFi platforms,2244
29521,44371,1341234700,RE,Brilliant work! sports programs focusing only on elite athletes,2245
19258,10445,1341234760,MT,Brilliant work! TV shows canceled too early,2246
241984,66483,1341234820,RT,Brilliant work! careers limited by systemic issues,2247
71871,9016,1341234880,RE,Brilliant work! innovation limited by regulations,2248
58847,28214,1341234940,MT,Brilliant work! limited support for mental wellness,2249
52474,2634,1341235000,RT,Hate this. corruption scandals without consequences,2250
9851,54217,1341235060,RE,Hate this. AI misuse going unaddressed,2251
59427,89003,1341235120,MT,Hate this. nutrition education being underprioritized,2252
133434,168699,1341235180,RT,Hate this. waste management systems failing,2253
31602,53135,1341235240,RE,Hate this. fraud in DeFi platforms,2254
375095,192943,1341235300,MT,Hate this. sports programs focusing only on elite athletes,2255
133047,30525,1341235360,RT,Hate this. TV shows canceled too early,2256
9014,39362,1341235420,RE,Hate this. careers limited by systemic issues,2257
52926,81183,1341235480,MT,Hate this. innovation limited by regulations,2258
11365,232237,1341235540,RT,Hate this. limited support for mental wellness,2259
37561,323,1341235600,RE,This is disappointing. corruption scandals without consequences,2260
19843,10964,1341235660,MT,This is disappointing. AI misuse going unaddressed,2261
9905,37134,1341235720,RT,This is disappointing. nutrition education being underprioritized,2262
4704,14613,1341235780,RE,This is disappointing. waste management systems failing,2263
20367,36093,1341235840,MT,This is disappointing. fraud in DeFi platforms,2264
2915,217264,1341235900,RT,This is disappointing. sports programs focusing only on elite athletes,2265
24082,8442,1341235960,RE,This is disappointing. TV shows canceled too early,2266
59998,191108,1341236020,MT,This is disappointing. careers limited by systemic issues,2267
46181,57967,1341236080,RT,This is disappointing. innovation limited by regulations,2268
185437,14160,1341236140,RE,This is disappointing. limited support for mental wellness,2269
19604,3235,1341236200,MT,Not a fan of this at all. corruption scandals without consequences,2270
18325,21872,1341236260,RT,Not a fan of this at all. AI misuse going unaddressed,2271
12767,171,1341236320,RE,Not a fan of this at all. nutrition education being underprioritized,2272
4974,11364,1341236380,MT,Not a fan of this at all. waste management systems failing,2273
69597,32526,1341236440,RT,Not a fan of this at all. fraud in DeFi platforms,2274
147538,75480,1341236500,RE,Not a fan of this at all. sports programs focusing only on elite athletes,2275
74783,106089,1341236560,MT,Not a fan of this at all. TV shows canceled too early,2276
3141,7216,1341236620,RT,Not a fan of this at all. careers limited by systemic issues,2277
136629,118088,1341236680,RE,Not a fan of this at all. innovation limited by regulations,2278
418109,143674,1341236740,MT,Not a fan of this at all. limited support for mental wellness,2279
35376,60169,1341236800,RT,Love this! policies favoring donors over citizens,2280
33181,4535,1341236860,RE,Love this! weak safeguards for sensitive data,2281
6765,12352,1341236920,MT,Love this! health inequities growing wider,2282
368167,227552,1341236980,RT,Love this! energy efficiency standards being lax,2283
91627,8593,1341237040,RE,Love this! speculative investments causing instability,2284
67721,38046,1341237100,MT,Love this! youth losing interest due to lack of support,2285
21705,238225,1341237160,RT,Love this! lack of support for emerging talent,2286
71218,377965,1341237220,RE,Love this! learning environments lacking safety,2287
20624,32706,1341237280,MT,Love this! critical space research overlooked,2288
170806,50967,1341237340,RT,Love this! lifestyle apps failing to deliver results,2289
44086,12389,1341237400,RE,So glad to see this! policies favoring donors over citizens,2290
49159,30222,1341237460,MT,So glad to see this! weak safeguards for sensitive data,2291
60512,48652,1341237520,RT,So glad to see this! health inequities growing wider,2292
2786,30790,1341237580,RE,So glad to see this! energy efficiency standards being lax,2293
52413,81723,1341237640,MT,So glad to see this! speculative investments causing instability,2294
42902,12416,1341237700,RT,So glad to see this! youth losing interest due to lack of support,2295
233404,17564,1341237760,RE,So glad to see this! lack of support for emerging talent,2296
41692,13916,1341237820,MT,So glad to see this! learning environments lacking safety,2297
15295,133011,1341237880,RT,So glad to see this! critical space research overlooked,2298
300860,92785,1341237940,RE,So glad to see this! lifestyle apps failing to deliver results,2299
12022,370,1341238000,MT,Brilliant work! policies favoring donors over citizens,2300
15439,357,1341238060,RT,Brilliant work! weak safeguards for sensitive data,2301
52030,96067,1341238120,RE,Brilliant work! health inequities growing wider,2302
388659,8927,1341238180,MT,Brilliant work! energy efficiency standards being lax,2303
71549,65000,1341238240,RT,Brilliant work! speculative investments causing instability,2304
341871,24911,1341238300,RE,Brilliant work! youth losing interest due to lack of support,2305
109001,27518,1341238360,MT,Brilliant work! lack of support for emerging talent,2306
26668,39362,1341238420,RT,Brilliant work! learning environments lacking safety,2307
14890,123417,1341238480,RE,Brilliant work! critical space research overlooked,2308
42034,444973,1341238540,MT,Brilliant work! lifestyle apps failing to deliver results,2309
7436,13821,1341238600,RT,Hate this. policies favoring donors over citizens,2310
7782,403,1341238660,RE,Hate this. weak safeguards for sensitive data,2311
31288,11621,1341238720,MT,Hate this. health inequities growing wider,2312
47821,84163,1341238780,RT,Hate this. energy efficiency standards being lax,2313
39928,68284,1341238840,RE,Hate this. speculative investments causing instability,2314
99839,15799,1341238900,MT,Hate this. youth losing interest due to lack of support,2315
93269,11967,1341238960,RT,Hate this. lack of support for emerging talent,2316
69644,319990,1341239020,RE,Hate this. learning environments lacking safety,2317
387522,22804,1341239080,MT,Hate this. critical space research overlooked,2318
59520,77692,1341239140,RT,Hate this. lifestyle apps failing to deliver results,2319
689,317,1341239200,RE,This is disappointing. policies favoring donors over citizens,2320
2160,220058,1341239260,MT,This is disappointing. weak safeguards for sensitive data,2321
10647,69253,1341239320,RT,This is disappointing. health inequities growing wider,2322
7930,49007,1341239380,RE,This is disappointing. energy efficiency standards being lax,2323
23642,26334,1341239440,MT,This is disappointing. speculative investments causing instability,2324
33070,53733,1341239500,RT,This is disappointing. youth losing interest due to lack of support,2325
103008,41174,1341239560,RE,This is disappointing. lack of support for emerging talent,2326
184039,355057,1341239620,MT,This is disappointing. learning environments lacking safety,2327
128799,38234,1341239680,RT,This is disappointing. critical space research overlooked,2328
129456,40266,1341239740,RE,This is disappointing. lifestyle apps failing to deliver results,2329
128559,64911,1341239800,MT,Not a fan of this at all. policies favoring donors over citizens,2330
42173,14600,1341239860,RT,Not a fan of this at all. weak safeguards for sensitive data,2331
90578,8756,1341239920,RE,Not a fan of this at all. health inequities growing wider,2332
11960,38445,1341239980,MT,Not a fan of this at all. energy efficiency standards being lax,2333
6648,342688,1341240040,RT,Not a fan of this at all. speculative investments causing instability,2334
75480,72193,1341240100,RE,Not a fan of this at all. youth losing interest due to lack of support,2335
412350,4059,1341240160,MT,Not a fan of this at all. lack of support for emerging talent,2336
19989,44652,1341240220,RT,Not a fan of this at all. learning environments lacking safety,2337
49176,171600,1341240280,RE,Not a fan of this at all. critical space research overlooked,2338
124459,13131,1341240340,MT,Not a fan of this at all. lifestyle apps failing to deliver results,2339
35062,349,1341240400,RT,Love this! leaders avoiding responsibility,2340
98992,43742,1341240460,RE,Love this! tech leaders avoiding responsibility,2341
13641,4652,1341240520,MT,Love this! exercise programs not accessible to everyone,2342
47220,18036,1341240580,RT,Love this! carbon offset programs lacking transparency,2343
15261,13374,1341240640,RE,Love this! unequal financial literacy across populations,2344
2194,10574,1341240700,MT,Love this! mental health challenges ignored in teams,2345
6429,233404,1341240760,RT,Love this! fans upset by changes to beloved franchises,2346
70199,2258,1341240820,RE,Love this! underfunded programs reducing quality,2347
196228,50200,1341240880,MT,Love this! scientific debates being politicized,2348
132195,54029,1341240940,RT,Love this! lack of community in self-improvement,2349
1834,57105,1341241000,RE,So glad to see this! leaders avoiding responsibility,2350
35731,42173,1341241060,MT,So glad to see this! tech leaders avoiding responsibility,2351
344696,161907,1341241120,RT,So glad to see this! exercise programs not accessible to everyone,2352
165693,4717,1341241180,RE,So glad to see this! carbon offset programs lacking transparency,2353
136493,89814,1341241240,MT,So glad to see this! unequal financial literacy across populations,2354
5980,45004,1341241300,RT,So glad to see this! mental health challenges ignored in teams,2355
71783,10340,1341241360,RE,So glad to see this! fans upset by changes to beloved franchises,2356
16323,22380,1341241420,MT,So glad to see this! underfunded programs reducing quality,2357
16681,21109,1341241480,RT,So glad to see this! scientific debates being politicized,2358
14154,356205,1341241540,RE,So glad to see this! lack of community in self-improvement,2359
263505,3237,1341241600,MT,Brilliant work! leaders avoiding responsibility,2360
84112,34796,1341241660,RT,Brilliant work! tech leaders avoiding responsibility,2361
95871,6072,1341241720,RE,Brilliant work! exercise programs not accessible to everyone,2362
34324,2178,1341241780,MT,Brilliant work! carbon offset programs lacking transparency,2363
57738,12463,1341241840,RT,Brilliant work! unequal financial literacy across populations,2364
77194,53449,1341241900,RE,Brilliant work! mental health challenges ignored in teams,2365
466,5832,1341241960,MT,Brilliant work! fans upset by changes to beloved franchises,2366
18641,54856,1341242020,RT,Brilliant work! underfunded programs reducing quality,2367
157238,33274,1341242080,RE,Brilliant work! scientific debates being politicized,2368
281077,20939,1341242140,MT,Brilliant work! lack of community in self-improvement,2369
198048,13813,1341242200,RT,Hate this. leaders avoiding responsibility,2370
973,14674,1341242260,RE,Hate this. tech leaders avoiding responsibility,2371
30226,16204,1341242320,MT,Hate this. exercise programs not accessible to everyone,2372
38133,62514,1341242380,RT,Hate this. carbon offset programs lacking transparency,2373
154350,1478,1341242440,RE,Hate this. unequal financial literacy across populations,2374
2521,7570,1341242500,MT,Hate this. mental health challenges ignored in teams,2375
133133,5832,1341242560,RT,Hate this. fans upset by changes to beloved franchises,2376
49694,242934,1341242620,RE,Hate this. underfunded programs reducing quality,2377
36304,60496,1341242680,MT,Hate this. scientific debates being politicized,2378
253928,58847,1341242740,RT,Hate this. lack of community in self-improvement,2379
358,56968,1341242800,RE,This is disappointing. leaders avoiding responsibility,2380
324955,61753,1341242860,MT,This is disappointing. tech leaders avoiding responsibility,2381
2922,11891,1341242920,RT,This is disappointing. exercise programs not accessible to everyone,2382
118174,8468,1341242980,RE,This is disappointing. carbon offset programs lacking transparency,2383
80920,154350,1341243040,MT,This is disappointing. unequal financial literacy across populations,2384
33313,77548,1341243100,RT,This is disappointing. mental health challenges ignored in teams,2385
3453,19947,1341243160,RE,This is disappointing. fans upset by changes to beloved franchises,2386
123162,39371,1341243220,MT,This is disappointing. underfunded programs reducing quality,2387
70271,260659,1341243280,RT,This is disappointing. scientific debates being politicized,2388
14241,2045,1341243340,RE,This is disappointing. lack of community in self-improvement,2389
14611,197061,1341243400,MT,Not a fan of this at all. leaders avoiding responsibility,2390
4177,41383,1341243460,RT,Not a fan of this at all. tech leaders avoiding responsibility,2391
95871,580,1341243520,RE,Not a fan of this at all. exercise programs not accessible to everyone,2392
57916,25007,1341243580,MT,Not a fan of this at all. carbon offset programs lacking transparency,2393
238310,20533,1341243640,RT,Not a fan of this at all. unequal financial literacy across populations,2394
122155,64190,1341243700,RE,Not a fan of this at all. mental health challenges ignored in teams,2395
480,106299,1341243760,MT,Not a fan of this at all. fans upset by changes to beloved franchises,2396
93159,78827,1341243820,RT,Not a fan of this at all. underfunded programs reducing quality,2397
33274,289427,1341243880,RE,Not a fan of this at all. scientific debates being politicized,2398
47184,159599,1341243940,MT,Not a fan of this at all. lack of community in self-improvement,2399
5907,12510,1341244000,RT,Love this! public trust being taken for granted,2400
91,78528,1341244060,RE,Love this! AI systems failing without explanation,2401
84,51886,1341244120,MT,Love this! medical misinformation causing harm,2402
5566,38133,1341244180,RT,Love this! environmental education underfunded,2403
88951,22636,1341244240,RE,Love this! financial markets being driven by hype,2404
60525,12999,1341244300,MT,Love this! training schedules being unrealistic,2405
75606,7214,1341244360,RT,Love this! public image affecting perception unfairly,2406
59332,57324,1341244420,RE,Love this! students struggling without guidance,2407
69567,3193,1341244480,MT,Love this! data transparency being insufficient,2408
20939,102564,1341244540,RT,Love this! fitness goals being unrealistic,2409
26486,356,1341244600,RE,So glad to see this! public trust being taken for granted,2410
235,16210,1341244660,MT,So glad to see this! AI systems failing without explanation,2411
35604,386123,1341244720,RT,So glad to see this! medical misinformation causing harm,2412
166173,3232,1341244780,RE,So glad to see this! environmental education underfunded,2413
41240,35369,1341244840,MT,So glad to see this! financial markets being driven by hype,2414
13122,114273,1341244900,RT,So glad to see this! training schedules being unrealistic,2415
20,129824,1341244960,RE,So glad to see this! public image affecting perception unfairly,2416
14825,4350,1341245020,MT,So glad to see this! students struggling without guidance,2417
19192,57967,1341245080,RT,So glad to see this! data transparency being insufficient,2418
22926,253928,1341245140,RE,So glad to see this! fitness goals being unrealistic,2419
27705,59195,1341245200,MT,Brilliant work! public trust being taken for granted,2420
35295,12270,1341245260,RT,Brilliant work! AI systems failing without explanation,2421
56698,71311,1341245320,RE,Brilliant work! medical misinformation causing harm,2422
54030,3232,1341245380,MT,Brilliant work! environmental education underfunded,2423
22636,41395,1341245440,RT,Brilliant work! financial markets being driven by hype,2424
3362,77194,1341245500,RE,Brilliant work! training schedules being unrealistic,2425
109001,63344,1341245560,MT,Brilliant work! public image affecting perception unfairly,2426
77574,108272,1341245620,RT,Brilliant work! students struggling without guidance,2427
98439,91843,1341245680,RE,Brilliant work! data transparency being insufficient,2428
122087,20152,1341245740,MT,Brilliant work! fitness goals being unrealistic,2429
39885,485,1341245800,RT,Hate this. public trust being taken for granted,2430
324955,18662,1341245860,RE,Hate this. AI systems failing without explanation,2431
62195,9226,1341245920,MT,Hate this. medical misinformation causing harm,2432
174836,24514,1341245980,RT,Hate this. environmental education underfunded,2433
71336,7599,1341246040,RE,Hate this. financial markets being driven by hype,2434
15188,28872,1341246100,MT,Hate this. training schedules being unrealistic,2435
77167,74421,1341246160,RT,Hate this. public image affecting perception unfairly,2436
143992,97599,1341246220,RE,Hate this. students struggling without guidance,2437
10257,3193,1341246280,MT,Hate this. data transparency being insufficient,2438
23946,32796,1341246340,RT,Hate this. fitness goals being unrealistic,2439
27738,37523,1341246400,RE,This is disappointing. public trust being taken for granted,2440
867,104785,1341246460,MT,This is disappointing. AI systems failing without explanation,2441
3472,58549,1341246520,RT,This is disappointing. medical misinformation causing harm,2442
12748,118744,1341246580,RE,This is disappointing. environmental education underfunded,2443
33642,39074,1341246640,MT,This is disappointing. financial markets being driven by hype,2444
7313,40214,1341246700,RT,This is disappointing. training schedules being unrealistic,2445
121179,23979,1341246760,RE,This is disappointing. public image affecting perception unfairly,2446
81674,132857,1341246820,MT,This is disappointing. students struggling without guidance,2447
16832,113373,1341246880,RT,This is disappointing. data transparency being insufficient,2448
55239,174807,1341246940,RE,This is disappointing. fitness goals being unrealistic,2449
16452,1503,1341247000,MT,Not a fan of this at all. public trust being taken for granted,2450
10916,42173,1341247060,RT,Not a fan of this at all. AI systems failing without explanation,2451
51071,72269,1341247120,RE,Not a fan of this at all. medical misinformation causing harm,2452
133434,3642,1341247180,MT,Not a fan of this at all. environmental education underfunded,2453
18038,141739,1341247240,RT,Not a fan of this at all. financial markets being driven by hype,2454
3752,129441,1341247300,RE,Not a fan of this at all. training schedules being unrealistic,2455
20363,189336,1341247360,MT,Not a fan of this at all. public image affecting perception unfairly,2456
309612,23570,1341247420,RT,Not a fan of this at all. students struggling without guidance,2457
337963,43549,1341247480,RE,Not a fan of this at all. data transparency being insufficient,2458
194422,33105,1341247540,MT,Not a fan of this at all. fitness goals being unrealistic,2459
30992,4599,1341247600,RT,Love this! decisions made without data,2460
15998,14571,1341247660,RE,Love this! innovation driven purely by profit,2461
16293,24676,1341247720,MT,Love this! research underfunded for rare diseases,2462
73037,401447,1341247780,RT,Love this! industrial pollution unchecked,2463
96202,20483,1341247840,RE,Love this! lack of accountability for financial misconduct,2464
77241,20395,1341247900,MT,Love this! safety regulations not enforced,2465
16333,61890,1341247960,RT,Love this! films lacking originality,2466
137343,11620,1341248020,RE,Love this! workplace growth opportunities unevenly distributed,2467
130613,81183,1341248080,MT,Love this! research infrastructure lacking support,2468
21832,206726,1341248140,RT,Love this! motivation fading over time,2469
122469,36371,1341248200,RE,So glad to see this! decisions made without data,2470
92,58991,1341248260,MT,So glad to see this! innovation driven purely by profit,2471
121028,24704,1341248320,RT,So glad to see this! research underfunded for rare diseases,2472
106852,16529,1341248380,RE,So glad to see this! industrial pollution unchecked,2473
164483,187458,1341248440,MT,So glad to see this! lack of accountability for financial misconduct,2474
51704,27135,1341248500,RT,So glad to see this! safety regulations not enforced,2475
267290,67505,1341248560,RE,So glad to see this! films lacking originality,2476
186184,242934,1341248620,MT,So glad to see this! workplace growth opportunities unevenly distributed,2477
10475,140517,1341248680,RT,So glad to see this! research infrastructure lacking support,2478
124940,63223,1341248740,RE,So glad to see this! motivation fading over time,2479
14813,26677,1341248800,MT,Brilliant work! decisions made without data,2480
12311,28516,1341248860,RT,Brilliant work! innovation driven purely by profit,2481
104613,26175,1341248920,RE,Brilliant work! research underfunded for rare diseases,2482
53920,3227,1341248980,MT,Brilliant work! industrial pollution unchecked,2483
34810,104057,1341249040,RT,Brilliant work! lack of accountability for financial misconduct,2484
129505,62107,1341249100,RE,Brilliant work! safety regulations not enforced,2485
30442,58736,1341249160,MT,Brilliant work! films lacking originality,2486
89573,88355,1341249220,RT,Brilliant work! workplace growth opportunities unevenly distributed,2487
102682,307066,1341249280,RE,Brilliant work! research infrastructure lacking support,2488
13890,265784,1341249340,MT,Brilliant work! motivation fading over time,2489
7437,37528,1341249400,RT,Hate this. decisions made without data,2490
702,548,1341249460,RE,Hate this. innovation driven purely by profit,2491
34797,6753,1341249520,MT,Hate this. research underfunded for rare diseases,2492
17871,52204,1341249580,RT,Hate this. industrial pollution unchecked,2493
61138,148687,1341249640,RE,Hate this. lack of accountability for financial misconduct,2494
5980,39673,1341249700,MT,Hate this. safety regulations not enforced,2495
2050,11072,1341249760,RT,Hate this. films lacking originality,2496
451156,1251,1341249820,RE,Hate this. workplace growth opportunities unevenly distributed,2497
59784,96783,1341249880,MT,Hate this. research infrastructure lacking support,2498
22313,127975,1341249940,RT,Hate this. motivation fading over time,2499
857,365,1341250000,RE,This is disappointing. decisions made without data,2500
5281,26550,1341250060,MT,This is disappointing. innovation driven purely by profit,2501
120477,31028,1341250120,RT,This is disappointing. research underfunded for rare diseases,2502
8719,33672,1341250180,RE,This is disappointing. industrial pollution unchecked,2503
53801,3252,1341250240,MT,This is disappointing. lack of accountability for financial misconduct,2504
186674,2194,1341250300,RT,This is disappointing. safety regulations not enforced,2505
41425,8453,1341250360,RE,This is disappointing. films lacking originality,2506
241984,42239,1341250420,MT,This is disappointing. workplace growth opportunities unevenly distributed,2507
10691,199020,1341250480,RT,This is disappointing. research infrastructure lacking support,2508
22805,7219,1341250540,RE,This is disappointing. motivation fading over time,2509
46117,3571,1341250600,MT,Not a fan of this at all. decisions made without data,2510
120719,86501,1341250660,RT,Not a fan of this at all. innovation driven purely by profit,2511
64652,4642,1341250720,RE,Not a fan of this at all. research underfunded for rare diseases,2512
51472,4974,1341250780,MT,Not a fan of this at all. industrial pollution unchecked,2513
10894,128,1341250840,RT,Not a fan of this at all. lack of accountability for financial misconduct,2514
12416,57987,1341250900,RE,Not a fan of this at all. safety regulations not enforced,2515
16711,165916,1341250960,MT,Not a fan of this at all. films lacking originality,2516
8943,79100,1341251020,RT,Not a fan of this at all. workplace growth opportunities unevenly distributed,2517
337809,188238,1341251080,RE,Not a fan of this at all. research infrastructure lacking support,2518
60739,159807,1341251140,MT,Not a fan of this at all. motivation fading over time,2519
5438,14070,1341251200,RT,Love this! empty rhetoric replacing action,2520
3188,14469,1341251260,RE,Love this! technology advancing faster than regulation,2521
113367,35738,1341251320,MT,Love this! health systems failing in emergencies,2522
38164,17989,1341251380,RT,Love this! endangered species at greater risk,2523
59162,162209,1341251440,RE,Love this! insider trading affecting fairness,2524
3999,29296,1341251500,MT,Love this! limited outdoor spaces for community sports,2525
18701,172972,1341251560,RT,Love this! entertainment trends causing fatigue,2526
88355,17129,1341251620,RE,Love this! educational innovation being slow,2527
17117,187200,1341251680,MT,Love this! experiments producing inconclusive results,2528
44946,35535,1341251740,RT,Love this! personal development workshops underutilized,2529
465,37528,1341251800,RE,So glad to see this! empty rhetoric replacing action,2530
2898,90083,1341251860,MT,So glad to see this! technology advancing faster than regulation,2531
54796,7568,1341251920,RT,So glad to see this! health systems failing in emergencies,2532
24750,38382,1341251980,RE,So glad to see this! endangered species at greater risk,2533
7259,40225,1341252040,MT,So glad to see this! insider trading affecting fairness,2534
85423,14662,1341252100,RT,So glad to see this! limited outdoor spaces for community sports,2535
33034,202206,1341252160,RE,So glad to see this! entertainment trends causing fatigue,2536
34466,64993,1341252220,MT,So glad to see this! educational innovation being slow,2537
36521,12183,1341252280,RT,So glad to see this! experiments producing inconclusive results,2538
144026,118480,1341252340,RE,So glad to see this! personal development workshops underutilized,2539
67382,13798,1341252400,MT,Brilliant work! empty rhetoric replacing action,2540
2687,4693,1341252460,RT,Brilliant work! technology advancing faster than regulation,2541
141656,37428,1341252520,RE,Brilliant work! health systems failing in emergencies,2542
4123,55539,1341252580,MT,Brilliant work! endangered species at greater risk,2543
64313,287085,1341252640,RT,Brilliant work! insider trading affecting fairness,2544
3362,27872,1341252700,RE,Brilliant work! limited outdoor spaces for community sports,2545
16406,19947,1341252760,MT,Brilliant work! entertainment trends causing fatigue,2546
23812,101872,1341252820,RT,Brilliant work! educational innovation being slow,2547
150846,90235,1341252880,RE,Brilliant work! experiments producing inconclusive results,2548
62216,230165,1341252940,MT,Brilliant work! personal development workshops underutilized,2549
3419,33476,1341253000,RT,Hate this. empty rhetoric replacing action,2550
85739,523,1341253060,RE,Hate this. technology advancing faster than regulation,2551
176111,51181,1341253120,MT,Hate this. health systems failing in emergencies,2552
49592,24443,1341253180,RT,Hate this. endangered species at greater risk,2553
42510,148687,1341253240,RE,Hate this. insider trading affecting fairness,2554
84134,61005,1341253300,MT,Hate this. limited outdoor spaces for community sports,2555
20,36415,1341253360,RT,Hate this. entertainment trends causing fatigue,2556
32351,86973,1341253420,RE,Hate this. educational innovation being slow,2557
98493,50200,1341253480,MT,Hate this. experiments producing inconclusive results,2558
338829,148719,1341253540,RT,Hate this. personal development workshops underutilized,2559
6948,1267,1341253600,RE,This is disappointing. empty rhetoric replacing action,2560
22349,14600,1341253660,MT,This is disappointing. technology advancing faster than regulation,2561
452892,9905,1341253720,RT,This is disappointing. health systems failing in emergencies,2562
4974,38250,1341253780,RE,This is disappointing. endangered species at greater risk,2563
228749,24335,1341253840,MT,This is disappointing. insider trading affecting fairness,2564
22989,37510,1341253900,RT,This is disappointing. limited outdoor spaces for community sports,2565
107937,50249,1341253960,RE,This is disappointing. entertainment trends causing fatigue,2566
49490,208846,1341254020,MT,This is disappointing. educational innovation being slow,2567
62607,93167,1341254080,RT,This is disappointing. experiments producing inconclusive results,2568
6175,170806,1341254140,RE,This is disappointing. personal development workshops underutilized,2569
57543,7436,1341254200,MT,Not a fan of this at all. empty rhetoric replacing action,2570
232850,679,1341254260,RT,Not a fan of this at all. technology advancing faster than regulation,2571
66278,278811,1341254320,RE,Not a fan of this at all. health systems failing in emergencies,2572
12464,756,1341254380,MT,Not a fan of this at all. endangered species at greater risk,2573
79232,24802,1341254440,RT,Not a fan of this at all. insider trading affecting fairness,2574
26633,196786,1341254500,RE,Not a fan of this at all. limited outdoor spaces for community sports,2575
20363,93258,1341254560,MT,Not a fan of this at all. entertainment trends causing fatigue,2576
29378,57324,1341254620,RT,Not a fan of this at all. educational innovation being slow,2577
46669,81183,1341254680,RE,Not a fan of this at all. experiments producing inconclusive results,2578
356205,105491,1341254740,MT,Not a fan of this at all. personal development workshops underutilized,2579
14588,88,1341254800,RT,Love this! inequality being downplayed by officials,2580
20244,52087,1341254860,RE,Love this! AI tools lacking clear accountability,2581
117155,84,1341254920,MT,Love this! workplace wellness programs being tokenistic,2582
4741,2676,1341254980,RT,Love this! renewable energy incentives insufficient,2583
237343,65000,1341255040,RE,Love this! banking systems failing underserved communities,2584
9254,53965,1341255100,MT,Love this! inconsistent access to sports equipment,2585
22451,85746,1341255160,RT,Love this! celebrities ignoring social responsibility,2586
60818,249802,1341255220,RE,Love this! teachers lacking professional development,2587
26694,234351,1341255280,MT,Love this! scientists struggling with reproducibility issues,2588
181920,43864,1341255340,RT,Love this! guidance for habit-building being inadequate,2589
35375,30992,1341255400,RE,So glad to see this! inequality being downplayed by officials,2590
50297,198081,1341255460,MT,So glad to see this! AI tools lacking clear accountability,2591
6897,82825,1341255520,RT,So glad to see this! workplace wellness programs being tokenistic,2592
42380,37526,1341255580,RE,So glad to see this! renewable energy incentives insufficient,2593
10063,60627,1341255640,MT,So glad to see this! banking systems failing underserved communities,2594
19944,210229,1341255700,RT,So glad to see this! inconsistent access to sports equipment,2595
280798,3453,1341255760,RE,So glad to see this! celebrities ignoring social responsibility,2596
42239,309612,1341255820,MT,So glad to see this! teachers lacking professional development,2597
67998,107449,1341255880,RT,So glad to see this! scientists struggling with reproducibility issues,2598
61530,51288,1341255940,RE,So glad to see this! guidance for habit-building being inadequate,2599
3998,85042,1341256000,MT,Brilliant work! inequality being downplayed by officials,2600
109647,10159,1341256060,RT,Brilliant work! AI tools lacking clear accountability,2601
20056,1546,1341256120,RE,Brilliant work! workplace wellness programs being tokenistic,2602
157348,54030,1341256180,MT,Brilliant work! renewable energy incentives insufficient,2603
223200,79724,1341256240,RT,Brilliant work! banking systems failing underserved communities,2604
14728,84134,1341256300,RE,Brilliant work! inconsistent access to sports equipment,2605
50249,50401,1341256360,MT,Brilliant work! celebrities ignoring social responsibility,2606
93159,66468,1341256420,RT,Brilliant work! teachers lacking professional development,2607
283683,9016,1341256480,RE,Brilliant work! scientists struggling with reproducibility issues,2608
6435,36312,1341256540,MT,Brilliant work! guidance for habit-building being inadequate,2609
50901,12465,1341256600,RT,Hate this. inequality being downplayed by officials,2610
3360,141619,1341256660,RE,Hate this. AI tools lacking clear accountability,2611
32373,176111,1341256720,MT,Hate this. workplace wellness programs being tokenistic,2612
243397,2919,1341256780,RT,Hate this. renewable energy incentives insufficient,2613
318856,9475,1341256840,RE,Hate this. banking systems failing underserved communities,2614
146922,15039,1341256900,MT,Hate this. inconsistent access to sports equipment,2615
230569,99084,1341256960,RT,Hate this. celebrities ignoring social responsibility,2616
181286,9968,1341257020,RE,Hate this. teachers lacking professional development,2617
11919,147421,1341257080,MT,Hate this. scientists struggling with reproducibility issues,2618
352288,305412,1341257140,RT,Hate this. guidance for habit-building being inadequate,2619
14682,59893,1341257200,RE,This is disappointing. inequality being downplayed by officials,2620
11053,59027,1341257260,MT,This is disappointing. AI tools lacking clear accountability,2621
138464,257094,1341257320,RT,This is disappointing. workplace wellness programs being tokenistic,2622
12483,48271,1341257380,RE,This is disappointing. renewable energy incentives insufficient,2623
33642,25091,1341257440,MT,This is disappointing. banking systems failing underserved communities,2624
17884,12251,1341257500,RT,This is disappointing. inconsistent access to sports equipment,2625
6136,99403,1341257560,RE,This is disappointing. celebrities ignoring social responsibility,2626
3300,7644,1341257620,MT,This is disappointing. teachers lacking professional development,2627
209683,312038,1341257680,RT,This is disappointing. scientists struggling with reproducibility issues,2628
410219,2169,1341257740,RE,This is disappointing. guidance for habit-building being inadequate,2629
2237,21280,1341257800,MT,Not a fan of this at all. inequality being downplayed by officials,2630
26136,832,1341257860,RT,Not a fan of this at all. AI tools lacking clear accountability,2631
16547,35738,1341257920,RE,Not a fan of this at all. workplace wellness programs being tokenistic,2632
78063,40612,1341257980,MT,Not a fan of this at all. renewable energy incentives insufficient,2633
59162,314518,1341258040,RT,Not a fan of this at all. banking systems failing underserved communities,2634
175276,35109,1341258100,RE,Not a fan of this at all. inconsistent access to sports equipment,2635
31917,32219,1341258160,MT,Not a fan of this at all. celebrities ignoring social responsibility,2636
8081,29378,1341258220,RT,Not a fan of this at all. teachers lacking professional development,2637
89408,57026,1341258280,RE,Not a fan of this at all. scientists struggling with reproducibility issues,2638
183312,197852,1341258340,MT,Not a fan of this at all. guidance for habit-building being inadequate,2639
68278,49182,1341258400,RT,Love this! important voices being silenced,2640
86501,14469,1341258460,RE,Love this! users treated as test subjects,2641
331789,25907,1341258520,MT,Love this! preventive health measures ignored,2642
188032,110170,1341258580,RT,Love this! water scarcity affecting communities,2643
29978,2900,1341258640,RE,Love this! crypto scams spreading faster than prevention,2644
304715,1042,1341258700,MT,Love this! underfunded recreational programs,2645
145134,184519,1341258760,RT,Love this! media focusing on gossip instead of work,2646
19118,95017,1341258820,RE,Love this! career support services underutilized,2647
52669,301250,1341258880,MT,Love this! space discoveries not widely publicized,2648
159807,74247,1341258940,RT,Love this! wellness trends causing confusion,2649
69237,1503,1341259000,RE,So glad to see this! important voices being silenced,2650
65097,7566,1341259060,MT,So glad to see this! users treated as test subjects,2651
983,72108,1341259120,RT,So glad to see this! preventive health measures ignored,2652
93529,8126,1341259180,RE,So glad to see this! water scarcity affecting communities,2653
10287,247514,1341259240,MT,So glad to see this! crypto scams spreading faster than prevention,2654
22989,25312,1341259300,RT,So glad to see this! underfunded recreational programs,2655
65904,8989,1341259360,RE,So glad to see this! media focusing on gossip instead of work,2656
13916,106469,1341259420,MT,So glad to see this! career support services underutilized,2657
6912,169287,1341259480,RT,So glad to see this! space discoveries not widely publicized,2658
34928,3134,1341259540,RE,So glad to see this! wellness trends causing confusion,2659
46117,5245,1341259600,MT,Brilliant work! important voices being silenced,2660
2911,103612,1341259660,RT,Brilliant work! users treated as test subjects,2661
24755,80864,1341259720,RE,Brilliant work! preventive health measures ignored,2662
137166,49701,1341259780,MT,Brilliant work! water scarcity affecting communities,2663
14642,23642,1341259840,RT,Brilliant work! crypto scams spreading faster than prevention,2664
431,22185,1341259900,RE,Brilliant work! underfunded recreational programs,2665
267290,37759,1341259960,MT,Brilliant work! media focusing on gossip instead of work,2666
77496,74566,1341260020,RT,Brilliant work! career support services underutilized,2667
4285,39372,1341260080,RE,Brilliant work! space discoveries not widely publicized,2668
6050,18901,1341260140,MT,Brilliant work! wellness trends causing confusion,2669
11036,12281,1341260200,RT,Hate this. important voices being silenced,2670
369,11854,1341260260,RE,Hate this. users treated as test subjects,2671
24676,11882,1341260320,MT,Hate this. preventive health measures ignored,2672
11149,34809,1341260380,RT,Hate this. water scarcity affecting communities,2673
49741,215675,1341260440,RE,Hate this. crypto scams spreading faster than prevention,2674
6711,201103,1341260500,MT,Hate this. underfunded recreational programs,2675
3125,88671,1341260560,RT,Hate this. media focusing on gossip instead of work,2676
40780,147252,1341260620,RE,Hate this. career support services underutilized,2677
29598,447409,1341260680,MT,Hate this. space discoveries not widely publicized,2678
104248,41796,1341260740,RT,Hate this. wellness trends causing confusion,2679
16188,283,1341260800,RE,This is disappointing. important voices being silenced,2680
715,29743,1341260860,MT,This is disappointing. users treated as test subjects,2681
452892,4365,1341260920,RT,This is disappointing. preventive health measures ignored,2682
122438,62514,1341260980,RE,This is disappointing. water scarcity affecting communities,2683
13374,71549,1341261040,MT,This is disappointing. crypto scams spreading faster than prevention,2684
12416,33313,1341261100,RT,This is disappointing. underfunded recreational programs,2685
123084,190207,1341261160,RE,This is disappointing. media focusing on gossip instead of work,2686
128915,16323,1341261220,MT,This is disappointing. career support services underutilized,2687
168835,10300,1341261280,RT,This is disappointing. space discoveries not widely publicized,2688
63223,68171,1341261340,RE,This is disappointing. wellness trends causing confusion,2689
92274,42,1341261400,MT,Not a fan of this at all. important voices being silenced,2690
57161,14677,1341261460,RT,Not a fan of this at all. users treated as test subjects,2691
50244,71141,1341261520,RE,Not a fan of this at all. preventive health measures ignored,2692
16529,15801,1341261580,MT,Not a fan of this at all. water scarcity affecting communities,2693
44446,75780,1341261640,RT,Not a fan of this at all. crypto scams spreading faster than prevention,2694
139286,11139,1341261700,RE,Not a fan of this at all. underfunded recreational programs,2695
23422,107336,1341261760,MT,Not a fan of this at all. media focusing on gossip instead of work,2696
21062,7790,1341261820,RT,Not a fan of this at all. career support services underutilized,2697
299994,150170,1341261880,RE,Not a fan of this at all. space discoveries not widely publicized,2698
45697,364386,1341261940,MT,Not a fan of this at all. wellness trends causing confusion,2699
1852,30992,1341262000,RT,Love this! regressive policies being reintroduced,2700
50227,68307,1341262060,RE,Love this! bias audits being ignored,2701
3361,34797,1341262120,MT,Love this! mental health initiatives lacking follow-up,2702
8468,122438,1341262180,RT,Love this! natural disaster preparedness lagging,2703
39928,153606,1341262240,RE,Love this! unsustainable investment practices,2704
77194,41477,1341262300,MT,Love this! lack of awareness about physical health,2705
343151,2885,1341262360,RT,Love this! projects failing to respect cultural sensitivity,2706
51334,8517,1341262420,RE,Love this! students not receiving proper feedback,2707
17939,85856,1341262480,MT,Love this! research collaborations breaking down,2708
36079,14893,1341262540,RT,Love this! self-care being treated as optional,2709
16783,335,1341262600,RE,So glad to see this! regressive policies being reintroduced,2710
65536,3795,1341262660,MT,So glad to see this! bias audits being ignored,2711
167882,115093,1341262720,RT,So glad to see this! mental health initiatives lacking follow-up,2712
46527,34248,1341262780,RE,So glad to see this! natural disaster preparedness lagging,2713
240450,88392,1341262840,MT,So glad to see this! unsustainable investment practices,2714
31084,13256,1341262900,RT,So glad to see this! lack of awareness about physical health,2715
41425,24084,1341262960,RE,So glad to see this! projects failing to respect cultural sensitivity,2716
1989,140013,1341263020,MT,So glad to see this! students not receiving proper feedback,2717
38711,50742,1341263080,RT,So glad to see this! research collaborations breaking down,2718
31887,53071,1341263140,RE,So glad to see this! self-care being treated as optional,2719
3549,301,1341263200,MT,Brilliant work! regressive policies being reintroduced,2720
4904,12698,1341263260,RT,Brilliant work! bias audits being ignored,2721
4652,111728,1341263320,RE,Brilliant work! mental health initiatives lacking follow-up,2722
181181,135369,1341263380,MT,Brilliant work! natural disaster preparedness lagging,2723
50199,93181,1341263440,RT,Brilliant work! unsustainable investment practices,2724
11139,27872,1341263500,RE,Brilliant work! lack of awareness about physical health,2725
252516,192624,1341263560,MT,Brilliant work! projects failing to respect cultural sensitivity,2726
37574,451156,1341263620,RT,Brilliant work! students not receiving proper feedback,2727
33331,220181,1341263680,RE,Brilliant work! research collaborations breaking down,2728
300860,83695,1341263740,MT,Brilliant work! self-care being treated as optional,2729
33355,37532,1341263800,RT,Hate this. regressive policies being reintroduced,2730
34629,26753,1341263860,RE,Hate this. bias audits being ignored,2731
36368,51181,1341263920,MT,Hate this. mental health initiatives lacking follow-up,2732
3807,286570,1341263980,RT,Hate this. natural disaster preparedness lagging,2733
22634,142114,1341264040,RE,Hate this. unsustainable investment practices,2734
53817,12416,1341264100,MT,Hate this. lack of awareness about physical health,2735
187431,66443,1341264160,RT,Hate this. projects failing to respect cultural sensitivity,2736
9481,252361,1341264220,RE,Hate this. students not receiving proper feedback,2737
101261,9229,1341264280,MT,Hate this. research collaborations breaking down,2738
30323,54064,1341264340,RT,Hate this. self-care being treated as optional,2739
7962,465,1341264400,RE,This is disappointing. regressive policies being reintroduced,2740
21585,21872,1341264460,MT,This is disappointing. bias audits being ignored,2741
5188,49685,1341264520,RT,This is disappointing. mental health initiatives lacking follow-up,2742
222,84163,1341264580,RE,This is disappointing. natural disaster preparedness lagging,2743
30097,5796,1341264640,MT,This is disappointing. unsustainable investment practices,2744
74228,67721,1341264700,RT,This is disappointing. lack of awareness about physical health,2745
141853,9341,1341264760,RE,This is disappointing. projects failing to respect cultural sensitivity,2746
28115,5213,1341264820,MT,This is disappointing. students not receiving proper feedback,2747
33331,119547,1341264880,RT,This is disappointing. research collaborations breaking down,2748
39697,368955,1341264940,RE,This is disappointing. self-care being treated as optional,2749
35366,11991,1341265000,MT,Not a fan of this at all. regressive policies being reintroduced,2750
86501,6742,1341265060,RT,Not a fan of this at all. bias audits being ignored,2751
34282,3024,1341265120,RE,Not a fan of this at all. mental health initiatives lacking follow-up,2752
4309,165058,1341265180,MT,Not a fan of this at all. natural disaster preparedness lagging,2753
9352,103986,1341265240,RT,Not a fan of this at all. unsustainable investment practices,2754
231574,44246,1341265300,RE,Not a fan of this at all. lack of awareness about physical health,2755
423163,36392,1341265360,MT,Not a fan of this at all. projects failing to respect cultural sensitivity,2756
122030,81190,1341265420,RT,Not a fan of this at all. students not receiving proper feedback,2757
110897,186332,1341265480,RE,Not a fan of this at all. research collaborations breaking down,2758
3144,55291,1341265540,MT,Not a fan of this at all. self-care being treated as optional,2759
374,1852,1341265600,RT,Love this! lack of empathy in governance,2760
885,170090,1341265660,RE,Love this! technology widening the digital divide,2761
53258,50244,1341265720,MT,Love this! lack of integration between wellness programs,2762
188032,202609,1341265780,RT,Love this! pollution affecting public health,2763
43914,109872,1341265840,RE,Love this! regulatory gaps putting investors at risk,2764
21288,16143,1341265900,MT,Love this! poor engagement in community sports,2765
15724,21705,1341265960,RT,Love this! performance quality not meeting expectations,2766
77656,165741,1341266020,RE,Love this! resources concentrated in urban areas,2767
109972,190966,1341266080,MT,Love this! funding being diverted from important science,2768
352288,39422,1341266140,RT,Love this! coaching programs lacking follow-up,2769
228,14625,1341266200,RE,So glad to see this! lack of empathy in governance,2770
30075,3795,1341266260,MT,So glad to see this! technology widening the digital divide,2771
6897,93062,1341266320,RT,So glad to see this! lack of integration between wellness programs,2772
4309,80009,1341266380,RE,So glad to see this! pollution affecting public health,2773
143104,114163,1341266440,MT,So glad to see this! regulatory gaps putting investors at risk,2774
26004,173809,1341266500,RT,So glad to see this! poor engagement in community sports,2775
69589,107937,1341266560,RE,So glad to see this! performance quality not meeting expectations,2776
240876,98637,1341266620,MT,So glad to see this! resources concentrated in urban areas,2777
15499,35713,1341266680,RT,So glad to see this! funding being diverted from important science,2778
623,316275,1341266740,RE,So glad to see this! coaching programs lacking follow-up,2779
280,34268,1341266800,MT,Brilliant work! lack of empathy in governance,2780
27,249872,1341266860,RT,Brilliant work! technology widening the digital divide,2781
18536,16699,1341266920,RE,Brilliant work! lack of integration between wellness programs,2782
72185,33480,1341266980,MT,Brilliant work! pollution affecting public health,2783
28980,7599,1341267040,RT,Brilliant work! regulatory gaps putting investors at risk,2784
93751,248648,1341267100,RE,Brilliant work! poor engagement in community sports,2785
28950,124356,1341267160,MT,Brilliant work! performance quality not meeting expectations,2786
150297,7216,1341267220,RT,Brilliant work! resources concentrated in urban areas,2787
25068,46669,1341267280,RE,Brilliant work! funding being diverted from important science,2788
50967,293620,1341267340,MT,Brilliant work! coaching programs lacking follow-up,2789
1134,206,1341267400,RT,Hate this. lack of empathy in governance,2790
60686,2402,1341267460,RE,Hate this. technology widening the digital divide,2791
16313,266400,1341267520,MT,Hate this. lack of integration between wellness programs,2792
106951,146381,1341267580,RT,Hate this. pollution affecting public health,2793
59026,10446,1341267640,RE,Hate this. regulatory gaps putting investors at risk,2794
3362,27982,1341267700,MT,Hate this. poor engagement in community sports,2795
133047,16523,1341267760,RT,Hate this. performance quality not meeting expectations,2796
22832,34466,1341267820,RE,Hate this. resources concentrated in urban areas,2797
195048,384761,1341267880,MT,Hate this. funding being diverted from important science,2798
236707,149212,1341267940,RT,Hate this. coaching programs lacking follow-up,2799
4599,3298,1341268000,RE,This is disappointing. lack of empathy in governance,2800
1231,223,1341268060,MT,This is disappointing. technology widening the digital divide,2801
111728,71311,1341268120,RT,This is disappointing. lack of integration between wellness programs,2802
12483,48073,1341268180,RE,This is disappointing. pollution affecting public health,2803
40305,7599,1341268240,MT,This is disappointing. regulatory gaps putting investors at risk,2804
49408,130562,1341268300,RT,This is disappointing. poor engagement in community sports,2805
8747,39888,1341268360,RE,This is disappointing. performance quality not meeting expectations,2806
66468,223839,1341268420,MT,This is disappointing. resources concentrated in urban areas,2807
25855,113373,1341268480,RT,This is disappointing. funding being diverted from important science,2808
67204,57118,1341268540,RE,This is disappointing. coaching programs lacking follow-up,2809
2347,358,1341268600,MT,Not a fan of this at all. lack of empathy in governance,2810
59529,4177,1341268660,RT,Not a fan of this at all. technology widening the digital divide,2811
8925,126272,1341268720,RE,Not a fan of this at all. lack of integration between wellness programs,2812
53930,2568,1341268780,MT,Not a fan of this at all. pollution affecting public health,2813
20483,1431,1341268840,RT,Not a fan of this at all. regulatory gaps putting investors at risk,2814
5464,201103,1341268900,RE,Not a fan of this at all. poor engagement in community sports,2815
99084,255849,1341268960,MT,Not a fan of this at all. performance quality not meeting expectations,2816
40780,43709,1341269020,RT,Not a fan of this at all. resources concentrated in urban areas,2817
227122,160629,1341269080,RE,Not a fan of this at all. funding being diverted from important science,2818
199340,70380,1341269140,MT,Not a fan of this at all. coaching programs lacking follow-up,2819
19913,323,1341269200,RT,Love this! policies that increase social division,2820
14725,15451,1341269260,RE,Love this! AI deployed without ethical review,2821
23666,196658,1341269320,MT,Love this! public health campaigns being ineffective,2822
23159,34324,1341269380,RT,Love this! climate goals not being met,2823
39928,198079,1341269440,RE,Love this! misuse of personal financial data,2824
25339,13256,1341269500,MT,Love this! nutrition education being overlooked,2825
265301,67624,1341269560,RT,Love this! public statements generating backlash,2826
104053,62965,1341269620,RE,Love this! inequalities in access to technology,2827
25068,33847,1341269680,MT,Love this! scientific literacy in society remains low,2828
159599,79054,1341269740,RT,Love this! time management techniques underused,2829
14075,68308,1341269800,RE,So glad to see this! policies that increase social division,2830
14677,8391,1341269860,MT,So glad to see this! AI deployed without ethical review,2831
11355,28091,1341269920,RT,So glad to see this! public health campaigns being ineffective,2832
152137,8606,1341269980,RE,So glad to see this! climate goals not being met,2833
36093,169521,1341270040,MT,So glad to see this! misuse of personal financial data,2834
10093,129441,1341270100,RT,So glad to see this! nutrition education being overlooked,2835
93269,59343,1341270160,RE,So glad to see this! public statements generating backlash,2836
78220,34314,1341270220,MT,So glad to see this! inequalities in access to technology,2837
90495,56333,1341270280,RT,So glad to see this! scientific literacy in society remains low,2838
304454,55151,1341270340,RE,So glad to see this! time management techniques underused,2839
32972,5516,1341270400,MT,Brilliant work! policies that increase social division,2840
22349,12983,1341270460,RT,Brilliant work! AI deployed without ethical review,2841
88999,26307,1341270520,RE,Brilliant work! public health campaigns being ineffective,2842
11953,62514,1341270580,MT,Brilliant work! climate goals not being met,2843
136493,5669,1341270640,RT,Brilliant work! misuse of personal financial data,2844
139108,11546,1341270700,RE,Brilliant work! nutrition education being overlooked,2845
448817,135355,1341270760,MT,Brilliant work! public statements generating backlash,2846
659,14554,1341270820,RT,Brilliant work! inequalities in access to technology,2847
210749,166765,1341270880,RE,Brilliant work! scientific literacy in society remains low,2848
124257,352288,1341270940,MT,Brilliant work! time management techniques underused,2849
22051,14664,1341271000,RT,Hate this. policies that increase social division,2850
25094,20971,1341271060,RE,Hate this. AI deployed without ethical review,2851
269152,23769,1341271120,MT,Hate this. public health campaigns being ineffective,2852
21606,41179,1341271180,RT,Hate this. climate goals not being met,2853
202812,99104,1341271240,RE,Hate this. misuse of personal financial data,2854
74228,73337,1341271300,MT,Hate this. nutrition education being overlooked,2855
381414,161,1341271360,RT,Hate this. public statements generating backlash,2856
383668,479,1341271420,RE,Hate this. inequalities in access to technology,2857
51168,14877,1341271480,MT,Hate this. scientific literacy in society remains low,2858
55239,41603,1341271540,RT,Hate this. time management techniques underused,2859
77,31443,1341271600,RE,This is disappointing. policies that increase social division,2860
50305,29259,1341271660,MT,This is disappointing. AI deployed without ethical review,2861
8404,2143,1341271720,RT,This is disappointing. public health campaigns being ineffective,2862
40254,249,1341271780,RE,This is disappointing. climate goals not being met,2863
20533,31171,1341271840,MT,This is disappointing. misuse of personal financial data,2864
23477,187844,1341271900,RT,This is disappointing. nutrition education being overlooked,2865
44863,238225,1341271960,RE,This is disappointing. public statements generating backlash,2866
67997,88419,1341272020,MT,This is disappointing. inequalities in access to technology,2867
6534,221484,1341272080,RT,This is disappointing. scientific literacy in society remains low,2868
9251,17676,1341272140,RE,This is disappointing. time management techniques underused,2869
370,12022,1341272200,MT,Not a fan of this at all. policies that increase social division,2870
36216,459,1341272260,RT,Not a fan of this at all. AI deployed without ethical review,2871
24755,44456,1341272320,RE,Not a fan of this at all. public health campaigns being ineffective,2872
38728,2290,1341272380,MT,Not a fan of this at all. climate goals not being met,2873
13074,13618,1341272440,RT,Not a fan of this at all. misuse of personal financial data,2874
26681,116701,1341272500,RE,Not a fan of this at all. nutrition education being overlooked,2875
74783,189336,1341272560,MT,Not a fan of this at all. public statements generating backlash,2876
142148,7480,1341272620,RT,Not a fan of this at all. inequalities in access to technology,2877
208328,2916,1341272680,RE,Not a fan of this at all. scientific literacy in society remains low,2878
80254,77245,1341272740,MT,Not a fan of this at all. time management techniques underused,2879
59,8135,1341272800,RT,Love this! critical issues being politicized,2880
27037,7383,1341272860,RE,Love this! shortcuts taken in AI safety,2881
47756,6693,1341272920,MT,Love this! overreliance on supplements over lifestyle change,2882
10942,18506,1341272980,RT,Love this! deforestation policies weak,2883
24802,58074,1341273040,RE,Love this! market crashes affecting livelihoods,2884
26927,39096,1341273100,MT,Love this! coaching inconsistencies affecting performance,2885
35382,31966,1341273160,RT,Love this! creative projects underfunded,2886
151207,69642,1341273220,RE,Love this! professional advancement blocked by outdated policies,2887
269824,82974,1341273280,MT,Love this! technological advancements underutilized,2888
87948,116499,1341273340,RT,Love this! mindset programs not inclusive,2889
62542,51757,1341273400,RE,So glad to see this! critical issues being politicized,2890
1270,111780,1341273460,MT,So glad to see this! shortcuts taken in AI safety,2891
7340,100127,1341273520,RT,So glad to see this! overreliance on supplements over lifestyle change,2892
139524,85083,1341273580,RE,So glad to see this! deforestation policies weak,2893
156400,13516,1341273640,MT,So glad to see this! market crashes affecting livelihoods,2894
65,238524,1341273700,RT,So glad to see this! coaching inconsistencies affecting performance,2895
67215,52129,1341273760,RE,So glad to see this! creative projects underfunded,2896
137343,22832,1341273820,MT,So glad to see this! professional advancement blocked by outdated policies,2897
221484,37430,1341273880,RT,So glad to see this! technological advancements underutilized,2898
278585,4363,1341273940,RE,So glad to see this! mindset programs not inclusive,2899
2055,27705,1341274000,MT,Brilliant work! critical issues being politicized,2900
33386,38672,1341274060,RT,Brilliant work! shortcuts taken in AI safety,2901
64652,3024,1341274120,RE,Brilliant work! overreliance on supplements over lifestyle change,2902
106758,3642,1341274180,MT,Brilliant work! deforestation policies weak,2903
7477,52941,1341274240,RT,Brilliant work! market crashes affecting livelihoods,2904
79185,5143,1341274300,RE,Brilliant work! coaching inconsistencies affecting performance,2905
111494,50865,1341274360,MT,Brilliant work! creative projects underfunded,2906
76455,22408,1341274420,RT,Brilliant work! professional advancement blocked by outdated policies,2907
6982,32414,1341274480,RE,Brilliant work! technological advancements underutilized,2908
97742,364386,1341274540,MT,Brilliant work! mindset programs not inclusive,2909
9964,816,1341274600,RT,Hate this. critical issues being politicized,2910
36558,206362,1341274660,RE,Hate this. shortcuts taken in AI safety,2911
267269,6695,1341274720,MT,Hate this. overreliance on supplements over lifestyle change,2912
78063,227552,1341274780,RT,Hate this. deforestation policies weak,2913
59008,198079,1341274840,RE,Hate this. market crashes affecting livelihoods,2914
22806,166095,1341274900,MT,Hate this. coaching inconsistencies affecting performance,2915
120553,105460,1341274960,RT,Hate this. creative projects underfunded,2916
17129,62439,1341275020,RE,Hate this. professional advancement blocked by outdated policies,2917
9910,103906,1341275080,MT,Hate this. technological advancements underutilized,2918
2084,209321,1341275140,RT,Hate this. mindset programs not inclusive,2919
14584,408,1341275200,RE,This is disappointing. critical issues being politicized,2920
29864,21949,1341275260,MT,This is disappointing. shortcuts taken in AI safety,2921
103862,56698,1341275320,RT,This is disappointing. overreliance on supplements over lifestyle change,2922
38133,186,1341275380,RE,This is disappointing. deforestation policies weak,2923
14124,40293,1341275440,MT,This is disappointing. market crashes affecting livelihoods,2924
14661,33313,1341275500,RT,This is disappointing. coaching inconsistencies affecting performance,2925
2247,39888,1341275560,RE,This is disappointing. creative projects underfunded,2926
54856,208867,1341275620,MT,This is disappointing. professional advancement blocked by outdated policies,2927
8970,180135,1341275680,RT,This is disappointing. technological advancements underutilized,2928
36230,114461,1341275740,RE,This is disappointing. mindset programs not inclusive,2929
68099,13416,1341275800,MT,Not a fan of this at all. critical issues being politicized,2930
773,22779,1341275860,RT,Not a fan of this at all. shortcuts taken in AI safety,2931
53258,11135,1341275920,RE,Not a fan of this at all. overreliance on supplements over lifestyle change,2932
32445,125279,1341275980,MT,Not a fan of this at all. deforestation policies weak,2933
21929,61332,1341276040,RT,Not a fan of this at all. market crashes affecting livelihoods,2934
52846,210229,1341276100,RE,Not a fan of this at all. coaching inconsistencies affecting performance,2935
480,85746,1341276160,MT,Not a fan of this at all. creative projects underfunded,2936
154581,45843,1341276220,RT,Not a fan of this at all. professional advancement blocked by outdated policies,2937
13816,5693,1341276280,RE,Not a fan of this at all. technological advancements underutilized,2938
93066,102377,1341276340,MT,Not a fan of this at all. mindset programs not inclusive,2939
59195,1852,1341276400,RT,Love this! public welfare treated as a burden,2940
39959,18915,1341276460,RE,Love this! automation decisions made without empathy,2941
11118,26175,1341276520,MT,Love this! healthcare systems being bureaucratic,2942
303072,25006,1341276580,RT,Love this! plastic use remaining high despite campaigns,2943
806,20683,1341276640,RE,Love this! crypto bubbles forming rapidly,2944
431,16143,1341276700,MT,Love this! fitness campaigns failing to reach everyone,2945
132118,254611,1341276760,RT,Love this! audiences disappointed by live shows,2946
80068,196379,1341276820,RE,Love this! learning methods not adapting to student needs,2947
3193,150170,1341276880,MT,Love this! climate science being ignored by policymakers,2948
239867,6435,1341276940,RT,Love this! resources for personal growth being uneven,2949
7756,1881,1341277000,RE,So glad to see this! public welfare treated as a burden,2950
92575,1877,1341277060,MT,So glad to see this! automation decisions made without empathy,2951
74036,4642,1341277120,RT,So glad to see this! healthcare systems being bureaucratic,2952
49701,255249,1341277180,RE,So glad to see this! plastic use remaining high despite campaigns,2953
28174,292088,1341277240,MT,So glad to see this! crypto bubbles forming rapidly,2954
195029,429298,1341277300,RT,So glad to see this! fitness campaigns failing to reach everyone,2955
6694,4059,1341277360,RE,So glad to see this! audiences disappointed by live shows,2956
264996,43643,1341277420,MT,So glad to see this! learning methods not adapting to student needs,2957
10638,102682,1341277480,RT,So glad to see this! climate science being ignored by policymakers,2958
21397,9850,1341277540,RE,So glad to see this! resources for personal growth being uneven,2959
132690,1276,1341277600,MT,Brilliant work! public welfare treated as a burden,2960
5206,702,1341277660,RT,Brilliant work! automation decisions made without empathy,2961
2922,11710,1341277720,RE,Brilliant work! healthcare systems being bureaucratic,2962
103439,7284,1341277780,MT,Brilliant work! plastic use remaining high despite campaigns,2963
46433,9912,1341277840,RT,Brilliant work! crypto bubbles forming rapidly,2964
78114,310776,1341277900,RE,Brilliant work! fitness campaigns failing to reach everyone,2965
14567,36065,1341277960,MT,Brilliant work! audiences disappointed by live shows,2966
32351,43723,1341278020,RT,Brilliant work! learning methods not adapting to student needs,2967
35713,46669,1341278080,RE,Brilliant work! climate science being ignored by policymakers,2968
77516,86465,1341278140,MT,Brilliant work! resources for personal growth being uneven,2969
51757,10179,1341278200,RT,Hate this. public welfare treated as a burden,2970
35731,16695,1341278260,RE,Hate this. automation decisions made without empathy,2971
2922,4642,1341278320,MT,Hate this. healthcare systems being bureaucratic,2972
32445,78809,1341278380,RT,Hate this. plastic use remaining high despite campaigns,2973
152360,47998,1341278440,RE,Hate this. crypto bubbles forming rapidly,2974
543,336573,1341278500,MT,Hate this. fitness campaigns failing to reach everyone,2975
261259,44863,1341278560,RT,Hate this. audiences disappointed by live shows,2976
29493,8460,1341278620,RE,Hate this. learning methods not adapting to student needs,2977
12709,10257,1341278680,MT,Hate this. climate science being ignored by policymakers,2978
266547,40,1341278740,RT,Hate this. resources for personal growth being uneven,2979
39511,310,1341278800,RE,This is disappointing. public welfare treated as a burden,2980
11443,43597,1341278860,MT,This is disappointing. automation decisions made without empathy,2981
34282,1546,1341278920,RT,This is disappointing. healthcare systems being bureaucratic,2982
227552,165058,1341278980,RE,This is disappointing. plastic use remaining high despite campaigns,2983
65000,9104,1341279040,MT,This is disappointing. crypto bubbles forming rapidly,2984
90979,959,1341279100,RT,This is disappointing. fitness campaigns failing to reach everyone,2985
10789,53885,1341279160,RE,This is disappointing. audiences disappointed by live shows,2986
93159,39636,1341279220,MT,This is disappointing. learning methods not adapting to student needs,2987
48745,63283,1341279280,RT,This is disappointing. climate science being ignored by policymakers,2988
298974,4504,1341279340,RE,This is disappointing. resources for personal growth being uneven,2989
5226,13795,1341279400,MT,Not a fan of this at all. public welfare treated as a burden,2990
29743,111780,1341279460,RT,Not a fan of this at all. automation decisions made without empathy,2991
120063,38225,1341279520,RE,Not a fan of this at all. healthcare systems being bureaucratic,2992
43544,29482,1341279580,MT,Not a fan of this at all. plastic use remaining high despite campaigns,2993
153717,117539,1341279640,RT,Not a fan of this at all. crypto bubbles forming rapidly,2994
93751,96730,1341279700,RE,Not a fan of this at all. fitness campaigns failing to reach everyone,2995
65007,64864,1341279760,MT,Not a fan of this at all. audiences disappointed by live shows,2996
90243,7081,1341279820,RT,Not a fan of this at all. learning methods not adapting to student needs,2997
171466,8970,1341279880,RE,Not a fan of this at all. climate science being ignored by policymakers,2998
21832,236707,1341279940,MT,Not a fan of this at all. resources for personal growth being uneven,2999
27705,4368,1341280000,RT,Love this! ethics being sacrificed for convenience,3000
143,11844,1341280060,RE,Love this! technology shaping behavior without consent,3001
11891,54258,1341280120,MT,Love this! wellness trends causing confusion,3002
1277,10710,1341280180,RT,Love this! inequality in environmental protection,3003
204755,54758,1341280240,RE,Love this! traditional finance ignoring innovation,3004
506,349931,1341280300,MT,Love this! injury rehabilitation support lacking,3005
252516,99532,1341280360,RT,Love this! celebrities engaging in harmful promotions,3006
14825,49694,1341280420,RE,Love this! job market challenges affecting graduates,3007
101261,32098,1341280480,MT,Love this! research not reaching marginalized communities,3008
22775,6974,1341280540,RT,Love this! work-life balance programs being ignored,3009
9025,1945,1341280600,RE,So glad to see this! ethics being sacrificed for convenience,3010
11555,189,1341280660,MT,So glad to see this! technology shaping behavior without consent,3011
49180,407912,1341280720,RT,So glad to see this! wellness trends causing confusion,3012
165693,309547,1341280780,RE,So glad to see this! inequality in environmental protection,3013
59905,17881,1341280840,MT,So glad to see this! traditional finance ignoring innovation,3014
74920,341871,1341280900,RT,So glad to see this! injury rehabilitation support lacking,3015
10817,24797,1341280960,RE,So glad to see this! celebrities engaging in harmful promotions,3016
105731,143992,1341281020,MT,So glad to see this! job market challenges affecting graduates,3017
425025,107766,1341281080,RT,So glad to see this! research not reaching marginalized communities,3018
381497,209321,1341281140,RE,So glad to see this! work-life balance programs being ignored,3019
3726,27723,1341281200,MT,Brilliant work! ethics being sacrificed for convenience,3020
369,85739,1341281260,RT,Brilliant work! technology shaping behavior without consent,3021
40407,92066,1341281320,RE,Brilliant work! wellness trends causing confusion,3022
130814,174608,1341281380,MT,Brilliant work! inequality in environmental protection,3023
4957,31602,1341281440,RT,Brilliant work! traditional finance ignoring innovation,3024
139286,235278,1341281500,RE,Brilliant work! injury rehabilitation support lacking,3025
172972,45302,1341281560,MT,Brilliant work! celebrities engaging in harmful promotions,3026
77070,208846,1341281620,RT,Brilliant work! job market challenges affecting graduates,3027
71394,265816,1341281680,RE,Brilliant work! research not reaching marginalized communities,3028
109527,1795,1341281740,MT,Brilliant work! work-life balance programs being ignored,3029
3298,374,1341281800,RT,Hate this. ethics being sacrificed for convenience,3030
762,221491,1341281860,RE,Hate this. technology shaping behavior without consent,3031
4642,52122,1341281920,MT,Hate this. wellness trends causing confusion,3032
50329,34555,1341281980,RT,Hate this. inequality in environmental protection,3033
20730,59162,1341282040,RE,Hate this. traditional finance ignoring innovation,3034
25248,26072,1341282100,MT,Hate this. injury rehabilitation support lacking,3035
64367,8989,1341282160,RT,Hate this. celebrities engaging in harmful promotions,3036
202936,387245,1341282220,RE,Hate this. job market challenges affecting graduates,3037
21314,102682,1341282280,MT,Hate this. research not reaching marginalized communities,3038
364386,21397,1341282340,RT,Hate this. work-life balance programs being ignored,3039
16344,37341,1341282400,RE,This is disappointing. ethics being sacrificed for convenience,3040
28462,407,1341282460,MT,This is disappointing. technology shaping behavior without consent,3041
30228,20982,1341282520,RT,This is disappointing. wellness trends causing confusion,3042
118174,110170,1341282580,RE,This is disappointing. inequality in environmental protection,3043
39089,10339,1341282640,MT,This is disappointing. traditional finance ignoring innovation,3044
201103,235207,1341282700,RT,This is disappointing. injury rehabilitation support lacking,3045
27185,133047,1341282760,RE,This is disappointing. celebrities engaging in harmful promotions,3046
7480,176522,1341282820,MT,This is disappointing. job market challenges affecting graduates,3047
28707,37430,1341282880,RT,This is disappointing. research not reaching marginalized communities,3048
17312,197478,1341282940,RE,This is disappointing. work-life balance programs being ignored,3049
213,37523,1341283000,MT,Not a fan of this at all. ethics being sacrificed for convenience,3050
75721,29743,1341283060,RT,Not a fan of this at all. technology shaping behavior without consent,3051
11882,56797,1341283120,RE,Not a fan of this at all. wellness trends causing confusion,3052
9020,8927,1341283180,MT,Not a fan of this at all. inequality in environmental protection,3053
24227,275600,1341283240,RT,Not a fan of this at all. traditional finance ignoring innovation,3054
5,25440,1341283300,RE,Not a fan of this at all. injury rehabilitation support lacking,3055
50249,92049,1341283360,MT,Not a fan of this at all. celebrities engaging in harmful promotions,3056
451156,2645,1341283420,RT,Not a fan of this at all. job market challenges affecting graduates,3057
31271,344580,1341283480,RE,Not a fan of this at all. research not reaching marginalized communities,3058
74247,151791,1341283540,MT,Not a fan of this at all. work-life balance programs being ignored,3059
128559,2164,1341283600,RT,Love this! accountability being selectively enforced,3060
33386,1997,1341283660,RE,Love this! AI systems influencing opinions silently,3061
95510,171,1341283720,MT,Love this! stress management programs underused,3062
168870,21017,1341283780,RT,Love this! ecosystem restoration being underprioritized,3063
9101,287085,1341283840,RE,Love this! high fees limiting investment access,3064
31551,19837,1341283900,MT,Love this! sports opportunities being unequal,3065
75606,50267,1341283960,RT,Love this! streaming platforms prioritizing quantity over quality,3066
143992,33719,1341284020,RE,Love this! career mentorship unavailable for many,3067
340987,32706,1341284080,MT,Love this! experiments facing ethical challenges,3068
93266,55519,1341284140,RT,Love this! self-improvement content overloaded,3069
34719,132690,1341284200,RE,So glad to see this! accountability being selectively enforced,3070
47631,42180,1341284260,MT,So glad to see this! AI systems influencing opinions silently,3071
12899,105315,1341284320,RT,So glad to see this! stress management programs underused,3072
105143,87373,1341284380,RE,So glad to see this! ecosystem restoration being underprioritized,3073
17863,31955,1341284440,MT,So glad to see this! high fees limiting investment access,3074
24033,35707,1341284500,RT,So glad to see this! sports opportunities being unequal,3075
20276,106375,1341284560,RE,So glad to see this! streaming platforms prioritizing quantity over quality,3076
61891,97187,1341284620,MT,So glad to see this! career mentorship unavailable for many,3077
220181,43998,1341284680,RT,So glad to see this! experiments facing ethical challenges,3078
77245,23946,1341284740,RE,So glad to see this! self-improvement content overloaded,3079
370,68308,1341284800,MT,Brilliant work! accountability being selectively enforced,3080
2700,43742,1341284860,RT,Brilliant work! AI systems influencing opinions silently,3081
40220,10704,1341284920,RE,Brilliant work! stress management programs underused,3082
78809,57739,1341284980,MT,Brilliant work! ecosystem restoration being underprioritized,3083
119972,120630,1341285040,RT,Brilliant work! high fees limiting investment access,3084
7428,506,1341285100,RE,Brilliant work! sports opportunities being unequal,3085
80748,98645,1341285160,MT,Brilliant work! streaming platforms prioritizing quantity over quality,3086
51059,47249,1341285220,RT,Brilliant work! career mentorship unavailable for many,3087
69567,37567,1341285280,RE,Brilliant work! experiments facing ethical challenges,3088
93965,122786,1341285340,MT,Brilliant work! self-improvement content overloaded,3089
2696,50733,1341285400,RT,Hate this. accountability being selectively enforced,3090
11267,6231,1341285460,RE,Hate this. AI systems influencing opinions silently,3091
89016,80257,1341285520,MT,Hate this. stress management programs underused,3092
217199,163,1341285580,RT,Hate this. ecosystem restoration being underprioritized,3093
109401,66495,1341285640,RE,Hate this. high fees limiting investment access,3094
132585,195807,1341285700,MT,Hate this. sports opportunities being unequal,3095
267290,258580,1341285760,RT,Hate this. streaming platforms prioritizing quantity over quality,3096
75795,153249,1341285820,RE,Hate this. career mentorship unavailable for many,3097
22804,50275,1341285880,MT,Hate this. experiments facing ethical challenges,3098
89515,91359,1341285940,RT,Hate this. self-improvement content overloaded,3099
3547,42172,1341286000,RE,This is disappointing. accountability being selectively enforced,3100
965,158955,1341286060,MT,This is disappointing. AI systems influencing opinions silently,3101
6496,101502,1341286120,RT,This is disappointing. stress management programs underused,3102
13222,113223,1341286180,RE,This is disappointing. ecosystem restoration being underprioritized,3103
16959,112673,1341286240,MT,This is disappointing. high fees limiting investment access,3104
18364,241536,1341286300,RT,This is disappointing. sports opportunities being unequal,3105
73034,36392,1341286360,RE,This is disappointing. streaming platforms prioritizing quantity over quality,3106
11449,39977,1341286420,MT,This is disappointing. career mentorship unavailable for many,3107
32706,171600,1341286480,RT,This is disappointing. experiments facing ethical challenges,3108
22313,2992,1341286540,RE,This is disappointing. self-improvement content overloaded,3109
3972,60169,1341286600,MT,Not a fan of this at all. accountability being selectively enforced,3110
59529,84112,1341286660,RT,Not a fan of this at all. AI systems influencing opinions silently,3111
34797,46947,1341286720,RE,Not a fan of this at all. stress management programs underused,3112
34226,13239,1341286780,MT,Not a fan of this at all. ecosystem restoration being underprioritized,3113
11666,213163,1341286840,RT,Not a fan of this at all. high fees limiting investment access,3114
12416,14431,1341286900,RE,Not a fan of this at all. sports opportunities being unequal,3115
30525,188831,1341286960,MT,Not a fan of this at all. streaming platforms prioritizing quantity over quality,3116
75795,29588,1341287020,RT,Not a fan of this at all. career mentorship unavailable for many,3117
227122,67998,1341287080,RE,Not a fan of this at all. experiments facing ethical challenges,3118
35726,221458,1341287140,MT,Not a fan of this at all. self-improvement content overloaded,3119
54200,130884,1341287200,RT,Love this! citizens excluded from decision-making,3120
31248,19343,1341287260,RE,Love this! critical tech flaws being downplayed,3121
17057,8398,1341287320,MT,Love this! inadequate care for chronic illness patients,3122
21017,24757,1341287380,RT,Love this! urban planning ignoring green spaces,3123
35242,51638,1341287440,RE,Love this! lack of support for responsible investing,3124
57987,53965,1341287500,MT,Love this! overemphasis on winning over wellness,3125
29721,43347,1341287560,RT,Love this! artists underappreciated for innovative work,3126
154193,138412,1341287620,RE,Love this! educational programs failing to inspire,3127
96820,53266,1341287680,MT,Love this! scientific publications being delayed,3128
201077,73085,1341287740,RT,Love this! healthy lifestyle advice inconsistent,3129
19159,14625,1341287800,RE,So glad to see this! citizens excluded from decision-making,3130
11565,12169,1341287860,MT,So glad to see this! critical tech flaws being downplayed,3131
42178,2349,1341287920,RT,So glad to see this! inadequate care for chronic illness patients,3132
3227,130816,1341287980,RE,So glad to see this! urban planning ignoring green spaces,3133
98138,126459,1341288040,MT,So glad to see this! lack of support for responsible investing,3134
547,57987,1341288100,RT,So glad to see this! overemphasis on winning over wellness,3135
204358,43168,1341288160,RE,So glad to see this! artists underappreciated for innovative work,3136
45322,59178,1341288220,MT,So glad to see this! educational programs failing to inspire,3137
23517,10154,1341288280,RT,So glad to see this! scientific publications being delayed,3138
107829,143674,1341288340,RE,So glad to see this! healthy lifestyle advice inconsistent,3139
4720,11921,1341288400,MT,Brilliant work! citizens excluded from decision-making,3140
69032,12937,1341288460,RT,Brilliant work! critical tech flaws being downplayed,3141
3164,95871,1341288520,RE,Brilliant work! inadequate care for chronic illness patients,3142
10726,26152,1341288580,MT,Brilliant work! urban planning ignoring green spaces,3143
1597,182158,1341288640,RT,Brilliant work! lack of support for responsible investing,3144
26004,122155,1341288700,RE,Brilliant work! overemphasis on winning over wellness,3145
8453,261259,1341288760,MT,Brilliant work! artists underappreciated for innovative work,3146
22380,88419,1341288820,RT,Brilliant work! educational programs failing to inspire,3147
220181,102320,1341288880,RE,Brilliant work! scientific publications being delayed,3148
47184,28214,1341288940,MT,Brilliant work! healthy lifestyle advice inconsistent,3149
5137,85042,1341289000,RT,Hate this. citizens excluded from decision-making,3150
64280,30231,1341289060,RE,Hate this. critical tech flaws being downplayed,3151
36982,6585,1341289120,MT,Hate this. inadequate care for chronic illness patients,3152
48623,36681,1341289180,RT,Hate this. urban planning ignoring green spaces,3153
43352,30714,1341289240,RE,Hate this. lack of support for responsible investing,3154
182825,35707,1341289300,MT,Hate this. overemphasis on winning over wellness,3155
18665,141604,1341289360,RT,Hate this. artists underappreciated for innovative work,3156
39371,75795,1341289420,RE,Hate this. educational programs failing to inspire,3157
17178,3193,1341289480,MT,Hate this. scientific publications being delayed,3158
196346,32564,1341289540,RT,Hate this. healthy lifestyle advice inconsistent,3159
122488,1292,1341289600,RE,This is disappointing. citizens excluded from decision-making,3160
57161,140893,1341289660,MT,This is disappointing. critical tech flaws being downplayed,3161
6693,104613,1341289720,RT,This is disappointing. inadequate care for chronic illness patients,3162
35344,1961,1341289780,RE,This is disappointing. urban planning ignoring green spaces,3163
91627,128773,1341289840,MT,This is disappointing. lack of support for responsible investing,3164
4304,417,1341289900,RT,This is disappointing. overemphasis on winning over wellness,3165
172972,57279,1341289960,RE,This is disappointing. artists underappreciated for innovative work,3166
3300,264996,1341290020,MT,This is disappointing. educational programs failing to inspire,3167
384761,3289,1341290080,RT,This is disappointing. scientific publications being delayed,3168
167472,121217,1341290140,RE,This is disappointing. healthy lifestyle advice inconsistent,3169
31650,65380,1341290200,MT,Not a fan of this at all. citizens excluded from decision-making,3170
1459,96022,1341290260,RT,Not a fan of this at all. critical tech flaws being downplayed,3171
2165,80814,1341290320,RE,Not a fan of this at all. inadequate care for chronic illness patients,3172
327935,8126,1341290380,MT,Not a fan of this at all. urban planning ignoring green spaces,3173
7599,98138,1341290440,RT,Not a fan of this at all. lack of support for responsible investing,3174
196613,79185,1341290500,RE,Not a fan of this at all. overemphasis on winning over wellness,3175
6136,50267,1341290560,MT,Not a fan of this at all. artists underappreciated for innovative work,3176
252361,17109,1341290620,RT,Not a fan of this at all. educational programs failing to inspire,3177
355296,425025,1341290680,RE,Not a fan of this at all. scientific publications being delayed,3178
22926,54029,1341290740,MT,Not a fan of this at all. healthy lifestyle advice inconsistent,3179
13798,16344,1341290800,RT,Love this! a policy that prioritizes healthcare access for everyone,3180
7067,13778,1341290860,RE,Love this! responsibility being shifted to users,3181
49673,56303,1341290920,MT,Love this! lack of support for caregivers,3182
26540,24,1341290980,RT,Love this! sustainable innovation facing barriers,3183
187458,6648,1341291040,RE,Love this! financial inclusion still a major challenge,3184
319196,19609,1341291100,MT,Love this! lack of mentorship for young athletes,3185
33034,6408,1341291160,RT,Love this! content creators facing unfair criticism,3186
123611,192549,1341291220,RE,Love this! skills development initiatives lacking support,3187
101118,3376,1341291280,MT,Love this! space technology being underfunded,3188
7171,95124,1341291340,RT,Love this! motivation hard to sustain over long periods,3189
759,19,1341291400,RE,So glad to see this! a policy that prioritizes healthcare access for everyone,3190
221491,17175,1341291460,MT,So glad to see this! responsibility being shifted to users,3191
24272,120063,1341291520,RT,So glad to see this! lack of support for caregivers,3192
24750,42112,1341291580,RE,So glad to see this! sustainable innovation facing barriers,3193
59905,5669,1341291640,MT,So glad to see this! financial inclusion still a major challenge,3194
11025,62072,1341291700,RT,So glad to see this! lack of mentorship for young athletes,3195
6408,32508,1341291760,RE,So glad to see this! content creators facing unfair criticism,3196
27034,42239,1341291820,MT,So glad to see this! skills development initiatives lacking support,3197
24804,221484,1341291880,RT,So glad to see this! space technology being underfunded,3198
91029,165970,1341291940,RE,So glad to see this! motivation hard to sustain over long periods,3199
122488,19870,1341292000,MT,Brilliant work! a policy that prioritizes healthcare access for everyone,3200
2193,166174,1341292060,RT,Brilliant work! responsibility being shifted to users,3201
80814,2165,1341292120,RE,Brilliant work! lack of support for caregivers,3202
42177,2387,1341292180,MT,Brilliant work! sustainable innovation facing barriers,3203
318856,43397,1341292240,RT,Brilliant work! financial inclusion still a major challenge,3204
62358,8399,1341292300,RE,Brilliant work! lack of mentorship for young athletes,3205
73171,11342,1341292360,MT,Brilliant work! content creators facing unfair criticism,3206
57269,7790,1341292420,RT,Brilliant work! skills development initiatives lacking support,3207
3289,50270,1341292480,RE,Brilliant work! space technology being underfunded,3208
63793,200195,1341292540,MT,Brilliant work! motivation hard to sustain over long periods,3209
1373,5245,1341292600,RT,Hate this. a policy that prioritizes healthcare access for everyone,3210
27037,6418,1341292660,RE,Hate this. responsibility being shifted to users,3211
16313,4433,1341292720,MT,Hate this. lack of support for caregivers,3212
117615,216246,1341292780,RT,Hate this. sustainable innovation facing barriers,3213
69597,46192,1341292840,RE,Hate this. financial inclusion still a major challenge,3214
7313,201103,1341292900,MT,Hate this. lack of mentorship for young athletes,3215
998,37437,1341292960,RT,Hate this. content creators facing unfair criticism,3216
7525,184039,1341293020,RE,Hate this. skills development initiatives lacking support,3217
97197,302195,1341293080,MT,Hate this. space technology being underfunded,3218
170163,6331,1341293140,RT,Hate this. motivation hard to sustain over long periods,3219
16460,19159,1341293200,RE,This is disappointing. a policy that prioritizes healthcare access for everyone,3220
679,90442,1341293260,MT,This is disappointing. responsibility being shifted to users,3221
30241,7694,1341293320,RT,This is disappointing. lack of support for caregivers,3222
136170,325,1341293380,RE,This is disappointing. sustainable innovation facing barriers,3223
35369,142290,1341293440,MT,This is disappointing. financial inclusion still a major challenge,3224
32108,80706,1341293500,RT,This is disappointing. lack of mentorship for young athletes,3225
1854,8409,1341293560,RE,This is disappointing. content creators facing unfair criticism,3226
49940,394034,1341293620,MT,This is disappointing. skills development initiatives lacking support,3227
223014,189670,1341293680,RT,This is disappointing. space technology being underfunded,3228
80087,138635,1341293740,RE,This is disappointing. motivation hard to sustain over long periods,3229
2237,13854,1341293800,MT,Not a fan of this at all. a policy that prioritizes healthcare access for everyone,3230
38790,4821,1341293860,RT,Not a fan of this at all. responsibility being shifted to users,3231
27864,13938,1341293920,RE,Not a fan of this at all. lack of support for caregivers,3232
66977,2290,1341293980,MT,Not a fan of this at all. sustainable innovation facing barriers,3233
32652,22004,1341294040,RT,Not a fan of this at all. financial inclusion still a major challenge,3234
248648,71277,1341294100,RE,Not a fan of this at all. lack of mentorship for young athletes,3235
54023,60848,1341294160,MT,Not a fan of this at all. content creators facing unfair criticism,3236
3226,63360,1341294220,RT,Not a fan of this at all. skills development initiatives lacking support,3237
70037,101118,1341294280,RE,Not a fan of this at all. space technology being underfunded,3238
28214,131144,1341294340,MT,Not a fan of this at all. motivation hard to sustain over long periods,3239
26186,40279,1341294400,RT,Love this! leaders finally listening to public concerns,3240
142160,6418,1341294460,RE,Love this! AI tools improving everyday productivity,3241
68729,120477,1341294520,MT,Love this! inequalities in maternal and child health,3242
32977,1239,1341294580,RT,Love this! renewable energy adoption slow in some regions,3243
130629,30742,1341294640,RE,Love this! misinformation affecting investment decisions,3244
23430,319196,1341294700,MT,Love this! sports development programs underutilized,3245
135110,101806,1341294760,RT,Love this! entertainment sometimes ignoring real issues,3246
102082,406640,1341294820,RE,Love this! students discouraged by systemic obstacles,3247
158358,36521,1341294880,MT,Love this! innovation pipelines interrupted,3248
64816,102564,1341294940,RT,Love this! personal development tools not practical,3249
2014,1343,1341295000,RE,So glad to see this! leaders finally listening to public concerns,3250
20971,50285,1341295060,MT,So glad to see this! AI tools improving everyday productivity,3251
115093,44456,1341295120,RT,So glad to see this! inequalities in maternal and child health,3252
4717,18506,1341295180,RE,So glad to see this! renewable energy adoption slow in some regions,3253
129960,58074,1341295240,MT,So glad to see this! misinformation affecting investment decisions,3254
33387,50228,1341295300,RT,So glad to see this! sports development programs underutilized,3255
291294,69026,1341295360,RE,So glad to see this! entertainment sometimes ignoring real issues,3256
176994,92116,1341295420,MT,So glad to see this! students discouraged by systemic obstacles,3257
173993,20905,1341295480,RT,So glad to see this! innovation pipelines interrupted,3258
191347,65159,1341295540,RE,So glad to see this! personal development tools not practical,3259
1574,19153,1341295600,MT,Brilliant work! leaders finally listening to public concerns,3260
2320,8021,1341295660,RT,Brilliant work! AI tools improving everyday productivity,3261
15113,67792,1341295720,RE,Brilliant work! inequalities in maternal and child health,3262
992,30179,1341295780,MT,Brilliant work! renewable energy adoption slow in some regions,3263
6502,42510,1341295840,RT,Brilliant work! misinformation affecting investment decisions,3264
74346,37510,1341295900,RE,Brilliant work! sports development programs underutilized,3265
2555,93269,1341295960,MT,Brilliant work! entertainment sometimes ignoring real issues,3266
47168,3226,1341296020,RT,Brilliant work! students discouraged by systemic obstacles,3267
358393,50311,1341296080,RE,Brilliant work! innovation pipelines interrupted,3268
63793,1160,1341296140,MT,Brilliant work! personal development tools not practical,3269
98204,10179,1341296200,RT,Hate this. leaders finally listening to public concerns,3270
10855,40298,1341296260,RE,Hate this. AI tools improving everyday productivity,3271
156668,110370,1341296320,MT,Hate this. inequalities in maternal and child health,3272
38133,10685,1341296380,RT,Hate this. renewable energy adoption slow in some regions,3273
68284,52470,1341296440,RE,Hate this. misinformation affecting investment decisions,3274
277615,8425,1341296500,MT,Hate this. sports development programs underutilized,3275
126428,10745,1341296560,RT,Hate this. entertainment sometimes ignoring real issues,3276
19118,138800,1341296620,RE,Hate this. students discouraged by systemic obstacles,3277
39183,191790,1341296680,MT,Hate this. innovation pipelines interrupted,3278
84375,172167,1341296740,RT,Hate this. personal development tools not practical,3279
489,32226,1341296800,RE,This is disappointing. leaders finally listening to public concerns,3280
134319,43701,1341296860,MT,This is disappointing. AI tools improving everyday productivity,3281
56303,72466,1341296920,RT,This is disappointing. inequalities in maternal and child health,3282
38445,204654,1341296980,RE,This is disappointing. renewable energy adoption slow in some regions,3283
21134,71027,1341297040,MT,This is disappointing. misinformation affecting investment decisions,3284
77562,31234,1341297100,RT,This is disappointing. sports development programs underutilized,3285
29600,6136,1341297160,RE,This is disappointing. entertainment sometimes ignoring real issues,3286
217042,17103,1341297220,MT,This is disappointing. students discouraged by systemic obstacles,3287
98203,42836,1341297280,RT,This is disappointing. innovation pipelines interrupted,3288
17655,51288,1341297340,RE,This is disappointing. personal development tools not practical,3289
15536,37341,1341297400,MT,Not a fan of this at all. leaders finally listening to public concerns,3290
10916,7898,1341297460,RT,Not a fan of this at all. AI tools improving everyday productivity,3291
267269,23769,1341297520,RE,Not a fan of this at all. inequalities in maternal and child health,3292
215055,8299,1341297580,MT,Not a fan of this at all. renewable energy adoption slow in some regions,3293
12666,428447,1341297640,RT,Not a fan of this at all. misinformation affecting investment decisions,3294
229741,303205,1341297700,RE,Not a fan of this at all. sports development programs underutilized,3295
190358,23422,1341297760,MT,Not a fan of this at all. entertainment sometimes ignoring real issues,3296
27848,11449,1341297820,RT,Not a fan of this at all. students discouraged by systemic obstacles,3297
50209,10053,1341297880,RE,Not a fan of this at all. innovation pipelines interrupted,3298
199340,50675,1341297940,MT,Not a fan of this at all. personal development tools not practical,3299
14572,3629,1341298000,RT,Love this! real action being taken against corruption,3300
11053,3188,1341298060,RE,Love this! technology making complex tasks easier,3301
9226,68702,1341298120,MT,Love this! emergency preparedness being overlooked,3302
2178,118744,1341298180,RT,Love this! community engagement in climate action limited,3303
102477,39074,1341298240,RE,Love this! technology-driven finance facing security challenges,3304
30298,62107,1341298300,MT,Love this! inadequate facilities in schools,3305
19424,58159,1341298360,RT,Love this! fans frustrated with industry practices,3306
11256,408904,1341298420,RE,Love this! workplace policies not supporting growth,3307
484,128580,1341298480,MT,Love this! research ethics being questioned,3308
9798,50274,1341298540,RT,Love this! lack of accountability in habit tracking,3309
37561,15821,1341298600,RE,So glad to see this! real action being taken against corruption,3310
5281,2244,1341298660,MT,So glad to see this! technology making complex tasks easier,3311
25784,265704,1341298720,RT,So glad to see this! emergency preparedness being overlooked,3312
43544,5038,1341298780,RE,So glad to see this! community engagement in climate action limited,3313
177652,141501,1341298840,MT,So glad to see this! technology-driven finance facing security challenges,3314
67097,50299,1341298900,RT,So glad to see this! inadequate facilities in schools,3315
11072,86184,1341298960,RE,So glad to see this! fans frustrated with industry practices,3316
168393,90752,1341299020,MT,So glad to see this! workplace policies not supporting growth,3317
17207,10300,1341299080,RT,So glad to see this! research ethics being questioned,3318
129456,77516,1341299140,RE,So glad to see this! lack of accountability in habit tracking,3319
317,65301,1341299200,MT,Brilliant work! real action being taken against corruption,3320
407,14600,1341299260,RT,Brilliant work! technology making complex tasks easier,3321
2922,40407,1341299320,RE,Brilliant work! emergency preparedness being overlooked,3322
52897,7117,1341299380,MT,Brilliant work! community engagement in climate action limited,3323
7634,7801,1341299440,RT,Brilliant work! technology-driven finance facing security challenges,3324
24911,68131,1341299500,RE,Brilliant work! inadequate facilities in schools,3325
52129,129824,1341299560,MT,Brilliant work! fans frustrated with industry practices,3326
12005,100067,1341299620,RT,Brilliant work! workplace policies not supporting growth,3327
131668,30635,1341299680,RE,Brilliant work! research ethics being questioned,3328
159599,6712,1341299740,MT,Brilliant work! lack of accountability in habit tracking,3329
3994,55965,1341299800,RT,Hate this. real action being taken against corruption,3330
62904,3115,1341299860,RE,Hate this. technology making complex tasks easier,3331
105315,3239,1341299920,MT,Hate this. emergency preparedness being overlooked,3332
2175,128779,1341299980,RT,Hate this. community engagement in climate action limited,3333
93181,52413,1341300040,RE,Hate this. technology-driven finance facing security challenges,3334
95629,5810,1341300100,MT,Hate this. inadequate facilities in schools,3335
276767,380767,1341300160,RT,Hate this. fans frustrated with industry practices,3336
62168,191108,1341300220,RE,Hate this. workplace policies not supporting growth,3337
52669,84589,1341300280,MT,Hate this. research ethics being questioned,3338
74247,36079,1341300340,RT,Hate this. lack of accountability in habit tracking,3339
4214,57122,1341300400,RE,This is disappointing. real action being taken against corruption,3340
272834,12755,1341300460,MT,This is disappointing. technology making complex tasks easier,3341
4433,4427,1341300520,RT,This is disappointing. emergency preparedness being overlooked,3342
325,113315,1341300580,RE,This is disappointing. community engagement in climate action limited,3343
10063,26171,1341300640,MT,This is disappointing. technology-driven finance facing security challenges,3344
28854,65,1341300700,RT,This is disappointing. inadequate facilities in schools,3345
95603,13878,1341300760,RE,This is disappointing. fans frustrated with industry practices,3346
11872,59998,1341300820,MT,This is disappointing. workplace policies not supporting growth,3347
166169,71394,1341300880,RT,This is disappointing. research ethics being questioned,3348
36841,5041,1341300940,RE,This is disappointing. lack of accountability in habit tracking,3349
7937,531,1341301000,MT,Not a fan of this at all. real action being taken against corruption,3350
1647,40973,1341301060,RT,Not a fan of this at all. technology making complex tasks easier,3351
314122,7269,1341301120,RE,Not a fan of this at all. emergency preparedness being overlooked,3352
41179,12464,1341301180,MT,Not a fan of this at all. community engagement in climate action limited,3353
5478,53477,1341301240,RT,Not a fan of this at all. technology-driven finance facing security challenges,3354
586,99839,1341301300,RE,Not a fan of this at all. inadequate facilities in schools,3355
31224,20128,1341301360,MT,Not a fan of this at all. fans frustrated with industry practices,3356
3141,240806,1341301420,RT,Not a fan of this at all. workplace policies not supporting growth,3357
22555,3376,1341301480,RE,Not a fan of this at all. research ethics being questioned,3358
361661,87948,1341301540,MT,Not a fan of this at all. lack of accountability in habit tracking,3359
26352,40797,1341301600,RT,Love this! transparent decision-making in government,3360
88564,55955,1341301660,RE,Love this! responsible AI development being prioritized,3361
12899,73979,1341301720,MT,Love this! access to healthy food limited in many areas,3362
527,42380,1341301780,RT,Love this! lack of accountability in environmental policies,3363
156400,8902,1341301840,RE,Love this! unstable currencies creating economic pressure,3364
310776,34333,1341301900,MT,Love this! fitness incentives not widely available,3365
141384,10741,1341301960,RT,Love this! a movie receiving well-deserved praise from critics,3366
249802,182708,1341302020,RE,Love this! educational inequity limiting potential,3367
118088,23761,1341302080,MT,Love this! new discoveries expanding our understanding of the universe,3368
91359,13890,1341302140,RT,Love this! wellness programs not reaching everyone,3369
1292,62903,1341302200,RE,So glad to see this! transparent decision-making in government,3370
73478,11103,1341302260,MT,So glad to see this! responsible AI development being prioritized,3371
11095,77058,1341302320,RT,So glad to see this! access to healthy food limited in many areas,3372
130816,47608,1341302380,RE,So glad to see this! lack of accountability in environmental policies,3373
154107,49741,1341302440,MT,So glad to see this! unstable currencies creating economic pressure,3374
60350,26927,1341302500,RT,So glad to see this! fitness incentives not widely available,3375
8395,2374,1341302560,RE,So glad to see this! a movie receiving well-deserved praise from critics,3376
27850,57452,1341302620,MT,So glad to see this! educational inequity limiting potential,3377
34262,6618,1341302680,RT,So glad to see this! new discoveries expanding our understanding of the universe,3378
39147,49396,1341302740,RE,So glad to see this! wellness programs not reaching everyone,3379
191752,2166,1341302800,MT,Brilliant work! transparent decision-making in government,3380
390301,38790,1341302860,RT,Brilliant work! responsible AI development being prioritized,3381
119333,26807,1341302920,RE,Brilliant work! access to healthy food limited in many areas,3382
1390,118744,1341302980,MT,Brilliant work! lack of accountability in environmental policies,3383
247514,1101,1341303040,RT,Brilliant work! unstable currencies creating economic pressure,3384
47518,572,1341303100,RE,Brilliant work! fitness incentives not widely available,3385
59343,153964,1341303160,MT,Brilliant work! a movie receiving well-deserved praise from critics,3386
106469,41692,1341303220,RT,Brilliant work! educational inequity limiting potential,3387
30946,19192,1341303280,RE,Brilliant work! new discoveries expanding our understanding of the universe,3388
352288,165636,1341303340,MT,Brilliant work! wellness programs not reaching everyone,3389
14682,2156,1341303400,RT,Hate this. transparent decision-making in government,3390
13778,199877,1341303460,RE,Hate this. responsible AI development being prioritized,3391
41353,73485,1341303520,MT,Hate this. access to healthy food limited in many areas,3392
52905,128855,1341303580,RT,Hate this. lack of accountability in environmental policies,3393
314518,141739,1341303640,RE,Hate this. unstable currencies creating economic pressure,3394
137200,328882,1341303700,MT,Hate this. fitness incentives not widely available,3395
98728,307771,1341303760,RT,Hate this. a movie receiving well-deserved praise from critics,3396
286739,133418,1341303820,RE,Hate this. educational inequity limiting potential,3397
11919,50294,1341303880,MT,Hate this. new discoveries expanding our understanding of the universe,3398
6974,276525,1341303940,RT,Hate this. wellness programs not reaching everyone,3399
2567,65380,1341304000,RE,This is disappointing. transparent decision-making in government,3400
39524,2160,1341304060,MT,This is disappointing. responsible AI development being prioritized,3401
234284,73505,1341304120,RT,This is disappointing. access to healthy food limited in many areas,3402
135369,50329,1341304180,RE,This is disappointing. lack of accountability in environmental policies,3403
35354,202696,1341304240,MT,This is disappointing. unstable currencies creating economic pressure,3404
53652,110177,1341304300,RT,This is disappointing. fitness incentives not widely available,3405
31966,93162,1341304360,RE,This is disappointing. a movie receiving well-deserved praise from critics,3406
181286,192549,1341304420,MT,This is disappointing. educational inequity limiting potential,3407
86789,82858,1341304480,RT,This is disappointing. new discoveries expanding our understanding of the universe,3408
46922,2278,1341304540,RE,This is disappointing. wellness programs not reaching everyone,3409
14625,7937,1341304600,MT,Not a fan of this at all. transparent decision-making in government,3410
68446,2188,1341304660,RT,Not a fan of this at all. responsible AI development being prioritized,3411
2349,2143,1341304720,RE,Not a fan of this at all. access to healthy food limited in many areas,3412
60163,92500,1341304780,MT,Not a fan of this at all. lack of accountability in environmental policies,3413
9351,150857,1341304840,RT,Not a fan of this at all. unstable currencies creating economic pressure,3414
13078,21288,1341304900,RE,Not a fan of this at all. fitness incentives not widely available,3415
132650,31224,1341304960,MT,Not a fan of this at all. a movie receiving well-deserved praise from critics,3416
5213,2372,1341305020,RT,Not a fan of this at all. educational inequity limiting potential,3417
133011,139746,1341305080,RE,Not a fan of this at all. new discoveries expanding our understanding of the universe,3418
86631,30153,1341305140,MT,Not a fan of this at all. wellness programs not reaching everyone,3419
62903,981,1341305200,RT,Love this! investment in public education systems,3420
21872,93313,1341305260,RE,Love this! automation helping people focus on creative work,3421
103759,80426,1341305320,MT,Love this! new initiatives making healthcare more accessible,3422
35371,34460,1341305380,RT,Love this! efforts to reduce carbon emissions gaining momentum,3423
204755,49741,1341305440,RE,Love this! market speculation causing anxiety,3424
43518,341871,1341305500,MT,Love this! athletes breaking records with hard work,3425
153964,37759,1341305560,RT,Love this! an inspiring performance by a rising star,3426
159515,138860,1341305620,RE,Love this! schools implementing innovative learning programs,3427
19519,69648,1341305680,MT,Love this! research breakthroughs improving healthcare outcomes,3428
36987,46273,1341305740,RT,Love this! new habits improving daily productivity,3429
4368,1896,1341305800,RE,So glad to see this! investment in public education systems,3430
76071,13383,1341305860,MT,So glad to see this! automation helping people focus on creative work,3431
9226,7643,1341305920,RT,So glad to see this! new initiatives making healthcare more accessible,3432
303072,47828,1341305980,RE,So glad to see this! efforts to reduce carbon emissions gaining momentum,3433
10896,31508,1341306040,MT,So glad to see this! market speculation causing anxiety,3434
117034,148702,1341306100,RT,So glad to see this! athletes breaking records with hard work,3435
143550,8786,1341306160,RE,So glad to see this! an inspiring performance by a rising star,3436
100067,281193,1341306220,MT,So glad to see this! schools implementing innovative learning programs,3437
64547,123417,1341306280,RT,So glad to see this! research breakthroughs improving healthcare outcomes,3438
124459,232,1341306340,RE,So glad to see this! new habits improving daily productivity,3439
12510,7698,1341306400,MT,Brilliant work! investment in public education systems,3440
30075,59915,1341306460,RT,Brilliant work! automation helping people focus on creative work,3441
103862,13938,1341306520,RE,Brilliant work! new initiatives making healthcare more accessible,3442
163,12493,1341306580,MT,Brilliant work! efforts to reduce carbon emissions gaining momentum,3443
240450,14124,1341306640,RT,Brilliant work! market speculation causing anxiety,3444
93751,51310,1341306700,RE,Brilliant work! athletes breaking records with hard work,3445
216369,9919,1341306760,MT,Brilliant work! an inspiring performance by a rising star,3446
66468,240806,1341306820,RT,Brilliant work! schools implementing innovative learning programs,3447
263930,269824,1341306880,RE,Brilliant work! research breakthroughs improving healthcare outcomes,3448
276525,9816,1341306940,MT,Brilliant work! new habits improving daily productivity,3449
456,330,1341307000,RT,Hate this. investment in public education systems,3450
36875,76071,1341307060,RE,Hate this. automation helping people focus on creative work,3451
111728,88570,1341307120,MT,Hate this. new initiatives making healthcare more accessible,3452
12464,35597,1341307180,RT,Hate this. efforts to reduce carbon emissions gaining momentum,3453
70897,55185,1341307240,RE,Hate this. market speculation causing anxiety,3454
74228,20117,1341307300,MT,Hate this. athletes breaking records with hard work,3455
166106,67666,1341307360,RT,Hate this. an inspiring performance by a rising star,3456
43709,196379,1341307420,RE,Hate this. schools implementing innovative learning programs,3457
36521,14877,1341307480,MT,Hate this. research breakthroughs improving healthcare outcomes,3458
147149,70102,1341307540,RT,Hate this. new habits improving daily productivity,3459
18168,34719,1341307600,RE,This is disappointing. investment in public education systems,3460
25934,5071,1341307660,MT,This is disappointing. automation helping people focus on creative work,3461
60512,18012,1341307720,RT,This is disappointing. new initiatives making healthcare more accessible,3462
48073,113315,1341307780,RE,This is disappointing. efforts to reduce carbon emissions gaining momentum,3463
88515,126308,1341307840,MT,This is disappointing. market speculation causing anxiety,3464
140402,55495,1341307900,RT,This is disappointing. athletes breaking records with hard work,3465
23979,120684,1341307960,RE,This is disappointing. an inspiring performance by a rising star,3466
46752,306742,1341308020,MT,This is disappointing. schools implementing innovative learning programs,3467
10140,78425,1341308080,RT,This is disappointing. research breakthroughs improving healthcare outcomes,3468
57118,88716,1341308140,RE,This is disappointing. new habits improving daily productivity,3469
4336,14564,1341308200,MT,Not a fan of this at all. investment in public education systems,3470
14064,18915,1341308260,RT,Not a fan of this at all. automation helping people focus on creative work,3471
57958,11095,1341308320,RE,Not a fan of this at all. new initiatives making healthcare more accessible,3472
78063,89010,1341308380,MT,Not a fan of this at all. efforts to reduce carbon emissions gaining momentum,3473
53477,62940,1341308440,RT,Not a fan of this at all. market speculation causing anxiety,3474
4905,586,1341308500,RE,Not a fan of this at all. athletes breaking records with hard work,3475
44863,11438,1341308560,MT,Not a fan of this at all. an inspiring performance by a rising star,3476
6659,81190,1341308620,RT,Not a fan of this at all. schools implementing innovative learning programs,3477
27066,175211,1341308680,RE,Not a fan of this at all. research breakthroughs improving healthcare outcomes,3478
41796,118480,1341308740,MT,Not a fan of this at all. new habits improving daily productivity,3479
7533,263505,1341308800,RT,Love this! policies that protect workers’ rights,3480
236994,5160,1341308860,RE,Love this! AI models becoming more transparent,3481
12899,89926,1341308920,MT,Love this! mental health programs being prioritized in communities,3482
8296,4929,1341308980,RT,Love this! renewable energy projects being implemented worldwide,3483
30223,154350,1341309040,RE,Love this! new regulations improving market transparency,3484
89495,32534,1341309100,MT,Love this! new fitness programs helping people stay active,3485
1941,53885,1341309160,RT,Love this! TV shows promoting meaningful messages,3486
31564,354973,1341309220,RE,Love this! teachers being recognized for their dedication,3487
180135,51168,1341309280,MT,Love this! scientists making important climate change findings,3488
159807,197852,1341309340,RT,Love this! mindfulness practices reducing stress,3489
1276,2567,1341309400,RE,So glad to see this! policies that protect workers’ rights,3490
31450,50927,1341309460,MT,So glad to see this! AI models becoming more transparent,3491
43371,75083,1341309520,RT,So glad to see this! mental health programs being prioritized in communities,3492
30639,22740,1341309580,RE,So glad to see this! renewable energy projects being implemented worldwide,3493
143104,91627,1341309640,MT,So glad to see this! new regulations improving market transparency,3494
97129,31084,1341309700,RT,So glad to see this! new fitness programs helping people stay active,3495
66443,113088,1341309760,RE,So glad to see this! TV shows promoting meaningful messages,3496
37001,10225,1341309820,MT,So glad to see this! teachers being recognized for their dedication,3497
14890,96820,1341309880,RT,So glad to see this! scientists making important climate change findings,3498
36312,53071,1341309940,RE,So glad to see this! mindfulness practices reducing stress,3499
274,9363,1341310000,MT,Brilliant work! policies that protect workers’ rights,3500
2153,15998,1341310060,RT,Brilliant work! AI models becoming more transparent,3501
47756,61944,1341310120,RE,Brilliant work! mental health programs being prioritized in communities,3502
27682,40282,1341310180,MT,Brilliant work! renewable energy projects being implemented worldwide,3503
17468,61138,1341310240,RT,Brilliant work! new regulations improving market transparency,3504
116966,37510,1341310300,RE,Brilliant work! new fitness programs helping people stay active,3505
23587,10789,1341310360,MT,Brilliant work! TV shows promoting meaningful messages,3506
577,34746,1341310420,RT,Brilliant work! teachers being recognized for their dedication,3507
166548,24751,1341310480,RE,Brilliant work! scientists making important climate change findings,3508
7219,67132,1341310540,MT,Brilliant work! mindfulness practices reducing stress,3509
81,9021,1341310600,RT,Hate this. policies that protect workers’ rights,3510
69970,62906,1341310660,RE,Hate this. AI models becoming more transparent,3511
6693,12648,1341310720,MT,Hate this. mental health programs being prioritized in communities,3512
6945,139524,1341310780,RT,Hate this. renewable energy projects being implemented worldwide,3513
27800,71027,1341310840,RE,Hate this. new regulations improving market transparency,3514
69022,110932,1341310900,MT,Hate this. new fitness programs helping people stay active,3515
8453,98645,1341310960,RT,Hate this. TV shows promoting meaningful messages,3516
138327,19887,1341311020,RE,Hate this. teachers being recognized for their dedication,3517
18570,64547,1341311080,MT,Hate this. scientists making important climate change findings,3518
8895,6974,1341311140,RT,Hate this. mindfulness practices reducing stress,3519
36371,9323,1341311200,RE,This is disappointing. policies that protect workers’ rights,3520
42180,3115,1341311260,MT,This is disappointing. AI models becoming more transparent,3521
57958,88570,1341311320,RT,This is disappointing. mental health programs being prioritized in communities,3522
25006,174859,1341311380,RE,This is disappointing. renewable energy projects being implemented worldwide,3523
119972,223200,1341311440,MT,This is disappointing. new regulations improving market transparency,3524
169754,216038,1341311500,RT,This is disappointing. new fitness programs helping people stay active,3525
15407,34950,1341311560,RE,This is disappointing. TV shows promoting meaningful messages,3526
47506,22408,1341311620,MT,This is disappointing. teachers being recognized for their dedication,3527
2996,358393,1341311680,RT,This is disappointing. scientists making important climate change findings,3528
176894,12904,1341311740,RE,This is disappointing. mindfulness practices reducing stress,3529
122469,7937,1341311800,MT,Not a fan of this at all. policies that protect workers’ rights,3530
5206,400,1341311860,RT,Not a fan of this at all. AI models becoming more transparent,3531
89016,14945,1341311920,RE,Not a fan of this at all. mental health programs being prioritized in communities,3532
121551,32445,1341311980,MT,Not a fan of this at all. renewable energy projects being implemented worldwide,3533
65000,55698,1341312040,RT,Not a fan of this at all. new regulations improving market transparency,3534
13078,40214,1341312100,RE,Not a fan of this at all. new fitness programs helping people stay active,3535
423897,23979,1341312160,MT,Not a fan of this at all. TV shows promoting meaningful messages,3536
51334,3226,1341312220,RT,Not a fan of this at all. teachers being recognized for their dedication,3537
109972,119547,1341312280,RE,Not a fan of this at all. scientists making important climate change findings,3538
76,126503,1341312340,MT,Not a fan of this at all. mindfulness practices reducing stress,3539
4200,115382,1341312400,RT,Love this! lawmakers focusing on long-term impact over short-term gains,3540
73941,19343,1341312460,RE,Love this! ethical guidelines shaping AI innovation,3541
86903,6765,1341312520,MT,Love this! fitness campaigns motivating people to stay active,3542
77579,43684,1341312580,RT,Love this! policies protecting endangered species,3543
218218,71027,1341312640,RE,Love this! cryptocurrency adoption growing responsibly,3544
3752,21288,1341312700,MT,Love this! community sports initiatives encouraging youth participation,3545
115447,322774,1341312760,RT,Love this! musicians using their platform for good causes,3546
102082,100924,1341312820,RE,Love this! career programs helping students find their passion,3547
38711,43276,1341312880,MT,Love this! space missions inspiring curiosity globally,3548
997,6023,1341312940,RT,Love this! self-care routines making a real difference,3549
750,2874,1341313000,RE,So glad to see this! lawmakers focusing on long-term impact over short-term gains,3550
359985,2898,1341313060,MT,So glad to see this! ethical guidelines shaping AI innovation,3551
6072,14729,1341313120,RT,So glad to see this! fitness campaigns motivating people to stay active,3552
41179,113223,1341313180,RE,So glad to see this! policies protecting endangered species,3553
1101,153995,1341313240,MT,So glad to see this! cryptocurrency adoption growing responsibly,3554
254716,17884,1341313300,RT,So glad to see this! community sports initiatives encouraging youth participation,3555
36065,9919,1341313360,RE,So glad to see this! musicians using their platform for good causes,3556
4875,30598,1341313420,MT,So glad to see this! career programs helping students find their passion,3557
351520,208328,1341313480,RT,So glad to see this! space missions inspiring curiosity globally,3558
106558,39752,1341313540,RE,So glad to see this! self-care routines making a real difference,3559
12928,13633,1341313600,MT,Brilliant work! lawmakers focusing on long-term impact over short-term gains,3560
3188,38819,1341313660,RT,Brilliant work! ethical guidelines shaping AI innovation,3561
52150,8992,1341313720,RE,Brilliant work! fitness campaigns motivating people to stay active,3562
10914,2175,1341313780,MT,Brilliant work! policies protecting endangered species,3563
9101,35064,1341313840,RT,Brilliant work! cryptocurrency adoption growing responsibly,3564
125327,28872,1341313900,RE,Brilliant work! community sports initiatives encouraging youth participation,3565
3924,35304,1341313960,MT,Brilliant work! musicians using their platform for good causes,3566
247265,12038,1341314020,RT,Brilliant work! career programs helping students find their passion,3567
35080,144204,1341314080,RE,Brilliant work! space missions inspiring curiosity globally,3568
266547,102564,1341314140,MT,Brilliant work! self-care routines making a real difference,3569
26186,15,1341314200,RT,Hate this. lawmakers focusing on long-term impact over short-term gains,3570
30324,35731,1341314260,RE,Hate this. ethical guidelines shaping AI innovation,3571
31949,36368,1341314320,MT,Hate this. fitness campaigns motivating people to stay active,3572
129069,52882,1341314380,RT,Hate this. policies protecting endangered species,3573
24031,167,1341314440,RE,Hate this. cryptocurrency adoption growing responsibly,3574
6672,68599,1341314500,MT,Hate this. community sports initiatives encouraging youth participation,3575
27185,25063,1341314560,RT,Hate this. musicians using their platform for good causes,3576
138800,11521,1341314620,RE,Hate this. career programs helping students find their passion,3577
32207,279373,1341314680,MT,Hate this. space missions inspiring curiosity globally,3578
45419,93965,1341314740,RT,Hate this. self-care routines making a real difference,3579
86,3604,1341314800,RE,This is disappointing. lawmakers focusing on long-term impact over short-term gains,3580
131851,6703,1341314860,MT,This is disappointing. ethical guidelines shaping AI innovation,3581
8398,29252,1341314920,RT,This is disappointing. fitness campaigns motivating people to stay active,3582
8719,16335,1341314980,RE,This is disappointing. policies protecting endangered species,3583
24703,6761,1341315040,MT,This is disappointing. cryptocurrency adoption growing responsibly,3584
21198,147538,1341315100,RT,This is disappointing. community sports initiatives encouraging youth participation,3585
18827,34247,1341315160,RE,This is disappointing. musicians using their platform for good causes,3586
5018,114837,1341315220,MT,This is disappointing. career programs helping students find their passion,3587
42574,272862,1341315280,RT,This is disappointing. space missions inspiring curiosity globally,3588
9251,104248,1341315340,RE,This is disappointing. self-care routines making a real difference,3589
59945,67774,1341315400,MT,Not a fan of this at all. lawmakers focusing on long-term impact over short-term gains,3590
45884,21749,1341315460,RT,Not a fan of this at all. ethical guidelines shaping AI innovation,3591
3482,8404,1341315520,RE,Not a fan of this at all. fitness campaigns motivating people to stay active,3592
78063,124398,1341315580,MT,Not a fan of this at all. policies protecting endangered species,3593
84831,26159,1341315640,RT,Not a fan of this at all. cryptocurrency adoption growing responsibly,3594
2915,95027,1341315700,RE,Not a fan of this at all. community sports initiatives encouraging youth participation,3595
356981,28950,1341315760,MT,Not a fan of this at all. musicians using their platform for good causes,3596
5018,39636,1341315820,RT,Not a fan of this at all. career programs helping students find their passion,3597
11337,98439,1341315880,RE,Not a fan of this at all. space missions inspiring curiosity globally,3598
68266,86631,1341315940,MT,Not a fan of this at all. self-care routines making a real difference,3599
9025,7937,1341316000,RT,Love this! steps toward reducing economic inequality,3600
2373,6418,1341316060,RE,Love this! technology improving accessibility for everyone,3601
76901,2517,1341316120,MT,Love this! nutrition awareness efforts reaching wider audiences,3602
204654,11945,1341316180,RT,Love this! innovations in sustainable agriculture,3603
247514,63773,1341316240,RE,Love this! financial literacy programs reaching more people,3604
97478,44371,1341316300,MT,Love this! technology improving training and performance,3605
8989,356981,1341316360,RT,Love this! award ceremonies celebrating real talent,3606
81190,40312,1341316420,RE,Love this! online courses expanding access to education,3607
80006,61320,1341316480,MT,Love this! innovations in renewable energy technology,3608
30323,62673,1341316540,RT,Love this! personal growth programs helping people achieve goals,3609
45605,2417,1341316600,RE,So glad to see this! steps toward reducing economic inequality,3610
20718,29542,1341316660,MT,So glad to see this! technology improving accessibility for everyone,3611
52122,44456,1341316720,RT,So glad to see this! nutrition awareness efforts reaching wider audiences,3612
79577,18506,1341316780,RE,So glad to see this! innovations in sustainable agriculture,3613
6951,62110,1341316840,MT,So glad to see this! financial literacy programs reaching more people,3614
109191,26367,1341316900,RT,So glad to see this! technology improving training and performance,3615
60848,1317,1341316960,RE,So glad to see this! award ceremonies celebrating real talent,3616
117478,29378,1341317020,MT,So glad to see this! online courses expanding access to education,3617
170101,181626,1341317080,RT,So glad to see this! innovations in renewable energy technology,3618
7418,177834,1341317140,RE,So glad to see this! personal growth programs helping people achieve goals,3619
14584,34719,1341317200,MT,Brilliant work! steps toward reducing economic inequality,3620
69127,98992,1341317260,RT,Brilliant work! technology improving accessibility for everyone,3621
8925,84219,1341317320,RE,Brilliant work! nutrition awareness efforts reaching wider audiences,3622
225318,2178,1341317380,MT,Brilliant work! innovations in sustainable agriculture,3623
428447,4514,1341317440,RT,Brilliant work! financial literacy programs reaching more people,3624
50273,20073,1341317500,RE,Brilliant work! technology improving training and performance,3625
105460,5406,1341317560,MT,Brilliant work! award ceremonies celebrating real talent,3626
92116,168393,1341317620,RT,Brilliant work! online courses expanding access to education,3627
355296,34071,1341317680,RE,Brilliant work! innovations in renewable energy technology,3628
84841,70102,1341317740,MT,Brilliant work! personal growth programs helping people achieve goals,3629
31617,768,1341317800,RT,Hate this. steps toward reducing economic inequality,3630
36558,62391,1341317860,RE,Hate this. technology improving accessibility for everyone,3631
76901,138461,1341317920,MT,Hate this. nutrition awareness efforts reaching wider audiences,3632
39501,7117,1341317980,RT,Hate this. innovations in sustainable agriculture,3633
23220,68284,1341318040,RE,Hate this. financial literacy programs reaching more people,3634
7570,15188,1341318100,MT,Hate this. technology improving training and performance,3635
111494,2050,1341318160,RT,Hate this. award ceremonies celebrating real talent,3636
114837,21814,1341318220,RE,Hate this. online courses expanding access to education,3637
299994,2996,1341318280,MT,Hate this. innovations in renewable energy technology,3638
140242,118527,1341318340,RT,Hate this. personal growth programs helping people achieve goals,3639
7691,505,1341318400,RE,This is disappointing. steps toward reducing economic inequality,3640
221491,50927,1341318460,MT,This is disappointing. technology improving accessibility for everyone,3641
110223,31231,1341318520,RT,This is disappointing. nutrition awareness efforts reaching wider audiences,3642
98762,27682,1341318580,RE,This is disappointing. innovations in sustainable agriculture,3643
9868,79232,1341318640,MT,This is disappointing. financial literacy programs reaching more people,3644
11444,75480,1341318700,RT,This is disappointing. technology improving training and performance,3645
329707,2885,1341318760,RE,This is disappointing. award ceremonies celebrating real talent,3646
9822,114631,1341318820,MT,This is disappointing. online courses expanding access to education,3647
2916,95377,1341318880,RT,This is disappointing. innovations in renewable energy technology,3648
41603,1160,1341318940,RE,This is disappointing. personal growth programs helping people achieve goals,3649
8005,38535,1341319000,MT,Not a fan of this at all. steps toward reducing economic inequality,3650
1322,716,1341319060,RT,Not a fan of this at all. technology improving accessibility for everyone,3651
47756,386123,1341319120,RE,Not a fan of this at all. nutrition awareness efforts reaching wider audiences,3652
2786,33672,1341319180,MT,Not a fan of this at all. innovations in sustainable agriculture,3653
46526,13076,1341319240,RT,Not a fan of this at all. financial literacy programs reaching more people,3654
79185,18364,1341319300,RE,Not a fan of this at all. technology improving training and performance,3655
291294,353362,1341319360,MT,Not a fan of this at all. award ceremonies celebrating real talent,3656
57654,97338,1341319420,RT,Not a fan of this at all. online courses expanding access to education,3657
10257,87983,1341319480,RE,Not a fan of this at all. innovations in renewable energy technology,3658
166216,6023,1341319540,MT,Not a fan of this at all. personal growth programs helping people achieve goals,3659
19913,28586,1341319600,RT,Love this! evidence-based policymaking becoming the norm,3660
109647,15451,1341319660,RE,Love this! AI assisting doctors with better diagnoses,3661
3861,199570,1341319720,MT,Love this! breakthroughs in disease prevention and treatment,3662
52897,47608,1341319780,RT,Love this! community programs cleaning up local environments,3663
71339,13278,1341319840,RE,Love this! innovations making banking more accessible,3664
12251,40214,1341319900,MT,Love this! healthy lifestyle campaigns reaching more people,3665
6308,6408,1341319960,RT,Love this! actors showing dedication to their craft,3666
68869,11256,1341320020,RE,Love this! mentorship opportunities guiding young professionals,3667
96820,10140,1341320080,MT,Love this! scientific studies shedding light on complex problems,3668
232004,57994,1341320140,RT,Love this! healthy lifestyle choices being adopted widely,3669
33833,3629,1341320200,RE,So glad to see this! evidence-based policymaking becoming the norm,3670
12270,13506,1341320260,MT,So glad to see this! AI assisting doctors with better diagnoses,3671
37428,43905,1341320320,RT,So glad to see this! breakthroughs in disease prevention and treatment,3672
18231,87373,1341320380,RE,So glad to see this! community programs cleaning up local environments,3673
22977,40398,1341320440,MT,So glad to see this! innovations making banking more accessible,3674
703,59266,1341320500,RT,So glad to see this! healthy lifestyle campaigns reaching more people,3675
31966,3372,1341320560,RE,So glad to see this! actors showing dedication to their craft,3676
34852,176488,1341320620,MT,So glad to see this! mentorship opportunities guiding young professionals,3677
199454,28072,1341320680,RT,So glad to see this! scientific studies shedding light on complex problems,3678
28170,71545,1341320740,RE,So glad to see this! healthy lifestyle choices being adopted widely,3679
8135,5907,1341320800,MT,Brilliant work! evidence-based policymaking becoming the norm,3680
231650,235,1341320860,RT,Brilliant work! AI assisting doctors with better diagnoses,3681
176111,200585,1341320920,RE,Brilliant work! breakthroughs in disease prevention and treatment,3682
177812,25006,1341320980,MT,Brilliant work! community programs cleaning up local environments,3683
80879,180496,1341321040,RT,Brilliant work! innovations making banking more accessible,3684
24099,146284,1341321100,RE,Brilliant work! healthy lifestyle campaigns reaching more people,3685
327714,165916,1341321160,MT,Brilliant work! actors showing dedication to their craft,3686
93990,99029,1341321220,RT,Brilliant work! mentorship opportunities guiding young professionals,3687
188384,75493,1341321280,RE,Brilliant work! scientific studies shedding light on complex problems,3688
138635,231873,1341321340,MT,Brilliant work! healthy lifestyle choices being adopted widely,3689
130884,13808,1341321400,RT,Hate this. evidence-based policymaking becoming the norm,3690
52514,7020,1341321460,RE,Hate this. AI assisting doctors with better diagnoses,3691
8925,5307,1341321520,MT,Hate this. breakthroughs in disease prevention and treatment,3692
255249,124506,1341321580,RT,Hate this. community programs cleaning up local environments,3693
48344,22714,1341321640,RE,Hate this. innovations making banking more accessible,3694
173809,195807,1341321700,MT,Hate this. healthy lifestyle campaigns reaching more people,3695
70690,12750,1341321760,RT,Hate this. actors showing dedication to their craft,3696
45322,26655,1341321820,RE,Hate this. mentorship opportunities guiding young professionals,3697
340987,103906,1341321880,MT,Hate this. scientific studies shedding light on complex problems,3698
247440,28455,1341321940,RT,Hate this. healthy lifestyle choices being adopted widely,3699
8806,60035,1341322000,RE,This is disappointing. evidence-based policymaking becoming the norm,3700
80429,773,1341322060,MT,This is disappointing. AI assisting doctors with better diagnoses,3701
52030,16304,1341322120,RT,This is disappointing. breakthroughs in disease prevention and treatment,3702
114610,101238,1341322180,RE,This is disappointing. community programs cleaning up local environments,3703
65000,68284,1341322240,MT,This is disappointing. innovations making banking more accessible,3704
30298,9191,1341322300,RT,This is disappointing. healthy lifestyle campaigns reaching more people,3705
40295,381414,1341322360,RE,This is disappointing. actors showing dedication to their craft,3706
14134,114631,1341322420,MT,This is disappointing. mentorship opportunities guiding young professionals,3707
48780,42836,1341322480,RT,This is disappointing. scientific studies shedding light on complex problems,3708
91029,55521,1341322540,RE,This is disappointing. healthy lifestyle choices being adopted widely,3709
396,677,1341322600,MT,Not a fan of this at all. evidence-based policymaking becoming the norm,3710
103451,40558,1341322660,RT,Not a fan of this at all. AI assisting doctors with better diagnoses,3711
75083,35604,1341322720,RE,Not a fan of this at all. breakthroughs in disease prevention and treatment,3712
186,44,1341322780,MT,Not a fan of this at all. community programs cleaning up local environments,3713
50910,213163,1341322840,RT,Not a fan of this at all. innovations making banking more accessible,3714
92584,106871,1341322900,RE,Not a fan of this at all. healthy lifestyle campaigns reaching more people,3715
338389,29100,1341322960,MT,Not a fan of this at all. actors showing dedication to their craft,3716
22408,101872,1341323020,RT,Not a fan of this at all. mentorship opportunities guiding young professionals,3717
244581,269824,1341323080,RE,Not a fan of this at all. scientific studies shedding light on complex problems,3718
8438,152531,1341323140,MT,Not a fan of this at all. healthy lifestyle choices being adopted widely,3719
2055,71,1341323200,RT,Love this! public funds being used responsibly,3720
43701,69127,1341323260,RE,Love this! smart systems optimizing energy usage,3721
35604,52030,1341323320,MT,Love this! telemedicine improving access to care,3722
7124,303072,1341323380,RT,Love this! government commitments to fight climate change,3723
542,61211,1341323440,RE,Love this! policies supporting small investors,3724
22989,129505,1341323500,MT,Love this! teams showing great sportsmanship,3725
55,30383,1341323560,RT,Love this! films breaking stereotypes in storytelling,3726
63920,26668,1341323620,RE,Love this! policies improving education quality,3727
50200,90495,1341323680,MT,Love this! astronomy projects revealing distant galaxies,3728
12922,132195,1341323740,RT,Love this! motivational content inspiring positive change,3729
89805,20920,1341323800,RE,So glad to see this! public funds being used responsibly,3730
11329,221,1341323860,MT,So glad to see this! smart systems optimizing energy usage,3731
16293,22734,1341323920,RT,So glad to see this! telemedicine improving access to care,3732
9932,56,1341323980,RE,So glad to see this! government commitments to fight climate change,3733
148228,209641,1341324040,MT,So glad to see this! policies supporting small investors,3734
24911,19609,1341324100,RT,So glad to see this! teams showing great sportsmanship,3735
70275,43347,1341324160,RE,So glad to see this! films breaking stereotypes in storytelling,3736
32351,57942,1341324220,MT,So glad to see this! policies improving education quality,3737
131668,96820,1341324280,RT,So glad to see this! astronomy projects revealing distant galaxies,3738
231873,92693,1341324340,RE,So glad to see this! motivational content inspiring positive change,3739
9797,7592,1341324400,MT,Brilliant work! public funds being used responsibly,3740
87263,103921,1341324460,RT,Brilliant work! smart systems optimizing energy usage,3741
14934,6693,1341324520,RE,Brilliant work! telemedicine improving access to care,3742
309547,163,1341324580,MT,Brilliant work! government commitments to fight climate change,3743
229438,29081,1341324640,RT,Brilliant work! policies supporting small investors,3744
35348,66669,1341324700,RE,Brilliant work! teams showing great sportsmanship,3745
65904,31850,1341324760,MT,Brilliant work! films breaking stereotypes in storytelling,3746
242386,143992,1341324820,RT,Brilliant work! policies improving education quality,3747
25068,25855,1341324880,RE,Brilliant work! astronomy projects revealing distant galaxies,3748
55291,50675,1341324940,MT,Brilliant work! motivational content inspiring positive change,3749
14664,2874,1341325000,RT,Hate this. public funds being used responsibly,3750
8391,16746,1341325060,RE,Hate this. smart systems optimizing energy usage,3751
34264,265613,1341325120,MT,Hate this. telemedicine improving access to care,3752
134560,16824,1341325180,RT,Hate this. government commitments to fight climate change,3753
13685,8593,1341325240,RE,Hate this. policies supporting small investors,3754
34,225859,1341325300,MT,Hate this. teams showing great sportsmanship,3755
10340,212194,1341325360,RT,Hate this. films breaking stereotypes in storytelling,3756
108272,26611,1341325420,RE,Hate this. policies improving education quality,3757
16435,7245,1341325480,MT,Hate this. astronomy projects revealing distant galaxies,3758
11956,246856,1341325540,RT,Hate this. motivational content inspiring positive change,3759
13813,389,1341325600,RE,This is disappointing. public funds being used responsibly,3760
14201,215057,1341325660,MT,This is disappointing. smart systems optimizing energy usage,3761
18700,473,1341325720,RT,This is disappointing. telemedicine improving access to care,3762
18506,14539,1341325780,RE,This is disappointing. government commitments to fight climate change,3763
16959,53331,1341325840,MT,This is disappointing. policies supporting small investors,3764
97129,53831,1341325900,RT,This is disappointing. teams showing great sportsmanship,3765
44342,2233,1341325960,RE,This is disappointing. films breaking stereotypes in storytelling,3766
138800,57886,1341326020,MT,This is disappointing. policies improving education quality,3767
30635,203555,1341326080,RT,This is disappointing. astronomy projects revealing distant galaxies,3768
167070,39422,1341326140,RE,This is disappointing. motivational content inspiring positive change,3769
4259,16344,1341326200,MT,Not a fan of this at all. public funds being used responsibly,3770
16708,43597,1341326260,RT,Not a fan of this at all. smart systems optimizing energy usage,3771
3239,156668,1341326320,RE,Not a fan of this at all. telemedicine improving access to care,3772
105407,17460,1341326380,MT,Not a fan of this at all. government commitments to fight climate change,3773
137746,40293,1341326440,RT,Not a fan of this at all. policies supporting small investors,3774
38028,24898,1341326500,RE,Not a fan of this at all. teams showing great sportsmanship,3775
9341,9906,1341326560,MT,Not a fan of this at all. films breaking stereotypes in storytelling,3776
87319,34852,1341326620,RT,Not a fan of this at all. policies improving education quality,3777
14877,6069,1341326680,RE,Not a fan of this at all. astronomy projects revealing distant galaxies,3778
24742,281077,1341326740,MT,Not a fan of this at all. motivational content inspiring positive change,3779
4368,6940,1341326800,RT,Love this! inclusive policies that represent marginalized communities,3780
7266,14725,1341326860,RE,Love this! AI-powered tools enhancing education,3781
100103,88558,1341326920,MT,Love this! holistic wellness approaches being adopted,3782
57916,17871,1341326980,RT,Love this! green technology making cities cleaner,3783
168933,4514,1341327040,RE,Love this! blockchain technology improving transaction security,3784
77241,46265,1341327100,MT,Love this! exercise routines becoming more accessible,3785
28067,34247,1341327160,RT,Love this! celebrities raising awareness for social issues,3786
249802,134505,1341327220,RE,Love this! training programs enhancing workplace skills,3787
95377,8970,1341327280,MT,Love this! research improving environmental sustainability,3788
147396,54064,1341327340,RT,Love this! time management strategies boosting efficiency,3789
310,85042,1341327400,RE,So glad to see this! inclusive policies that represent marginalized communities,3790
4821,50230,1341327460,MT,So glad to see this! AI-powered tools enhancing education,3791
298,44456,1341327520,RT,So glad to see this! holistic wellness approaches being adopted,3792
202609,106282,1341327580,RE,So glad to see this! green technology making cities cleaner,3793
96775,17863,1341327640,MT,So glad to see this! blockchain technology improving transaction security,3794
47935,133894,1341327700,RT,So glad to see this! exercise routines becoming more accessible,3795
95081,12949,1341327760,RE,So glad to see this! celebrities raising awareness for social issues,3796
8943,176994,1341327820,MT,So glad to see this! training programs enhancing workplace skills,3797
373047,22555,1341327880,RT,So glad to see this! research improving environmental sustainability,3798
194422,1500,1341327940,RE,So glad to see this! time management strategies boosting efficiency,3799
248,67032,1341328000,MT,Brilliant work! inclusive policies that represent marginalized communities,3800
9903,10121,1341328060,RT,Brilliant work! AI-powered tools enhancing education,3801
52122,89003,1341328120,RE,Brilliant work! holistic wellness approaches being adopted,3802
18036,73343,1341328180,MT,Brilliant work! green technology making cities cleaner,3803
13618,12013,1341328240,RT,Brilliant work! blockchain technology improving transaction security,3804
9254,20192,1341328300,RE,Brilliant work! exercise routines becoming more accessible,3805
240790,64864,1341328360,MT,Brilliant work! celebrities raising awareness for social issues,3806
7480,40312,1341328420,RT,Brilliant work! training programs enhancing workplace skills,3807
47010,71020,1341328480,RE,Brilliant work! research improving environmental sustainability,3808
259237,209321,1341328540,MT,Brilliant work! time management strategies boosting efficiency,3809
138,78,1341328600,RT,Hate this. inclusive policies that represent marginalized communities,3810
7898,19869,1341328660,RE,Hate this. AI-powered tools enhancing education,3811
11095,77276,1341328720,MT,Hate this. holistic wellness approaches being adopted,3812
34324,22816,1341328780,RT,Hate this. green technology making cities cleaner,3813
9858,183894,1341328840,RE,Hate this. blockchain technology improving transaction security,3814
28854,11405,1341328900,MT,Hate this. exercise routines becoming more accessible,3815
94869,69026,1341328960,RT,Hate this. celebrities raising awareness for social issues,3816
26629,33719,1341329020,RE,Hate this. training programs enhancing workplace skills,3817
34262,17640,1341329080,MT,Hate this. research improving environmental sustainability,3818
197478,206726,1341329140,RT,Hate this. time management strategies boosting efficiency,3819
11714,19908,1341329200,RE,This is disappointing. inclusive policies that represent marginalized communities,3820
1647,134319,1341329260,MT,This is disappointing. AI-powered tools enhancing education,3821
1205,13758,1341329320,RT,This is disappointing. holistic wellness approaches being adopted,3822
2568,35597,1341329380,RE,This is disappointing. green technology making cities cleaner,3823
7599,5282,1341329440,MT,This is disappointing. blockchain technology improving transaction security,3824
47518,166095,1341329500,RT,This is disappointing. exercise routines becoming more accessible,3825
55382,5406,1341329560,RE,This is disappointing. celebrities raising awareness for social issues,3826
850,154581,1341329620,MT,This is disappointing. training programs enhancing workplace skills,3827
154619,204728,1341329680,RT,This is disappointing. research improving environmental sustainability,3828
101783,410219,1341329740,RE,This is disappointing. time management strategies boosting efficiency,3829
396,1062,1341329800,MT,Not a fan of this at all. inclusive policies that represent marginalized communities,3830
21296,10964,1341329860,RT,Not a fan of this at all. AI-powered tools enhancing education,3831
16699,103862,1341329920,RE,Not a fan of this at all. holistic wellness approaches being adopted,3832
40274,77583,1341329980,MT,Not a fan of this at all. green technology making cities cleaner,3833
62940,14845,1341330040,RT,Not a fan of this at all. blockchain technology improving transaction security,3834
4885,6668,1341330100,RE,Not a fan of this at all. exercise routines becoming more accessible,3835
143548,59343,1341330160,MT,Not a fan of this at all. celebrities raising awareness for social issues,3836
116683,27839,1341330220,RT,Not a fan of this at all. training programs enhancing workplace skills,3837
84589,38234,1341330280,RE,Not a fan of this at all. research improving environmental sustainability,3838
77245,94373,1341330340,MT,Not a fan of this at all. time management strategies boosting efficiency,3839
7569,55471,1341330400,RT,Love this! efforts to strengthen democratic institutions,3840
62906,6703,1341330460,RE,Love this! clear regulations for emerging technologies,3841
17057,54291,1341330520,MT,Love this! vaccination drives protecting vulnerable populations,3842
378310,42380,1341330580,RT,Love this! awareness campaigns encouraging recycling,3843
54892,24031,1341330640,RE,Love this! initiatives protecting consumers from fraud,3844
22185,148272,1341330700,MT,Love this! coaching programs mentoring young talent,3845
2050,18654,1341330760,RT,Love this! new content that engages audiences positively,3846
49323,39071,1341330820,RE,Love this! students achieving impressive academic milestones,3847
8956,432466,1341330880,MT,Love this! space exploration pushing technological boundaries,3848
22926,16690,1341330940,RT,Love this! wellness apps helping track progress effectively,3849
31617,2177,1341331000,RE,So glad to see this! efforts to strengthen democratic institutions,3850
4986,8209,1341331060,MT,So glad to see this! clear regulations for emerging technologies,3851
34305,104774,1341331120,RT,So glad to see this! vaccination drives protecting vulnerable populations,3852
130816,36840,1341331180,RE,So glad to see this! awareness campaigns encouraging recycling,3853
9917,22004,1341331240,MT,So glad to see this! initiatives protecting consumers from fraud,3854
32534,13122,1341331300,RT,So glad to see this! coaching programs mentoring young talent,3855
141604,113088,1341331360,RE,So glad to see this! new content that engages audiences positively,3856
93990,19118,1341331420,MT,So glad to see this! students achieving impressive academic milestones,3857
28802,43276,1341331480,RT,So glad to see this! space exploration pushing technological boundaries,3858
232004,58847,1341331540,RE,So glad to see this! wellness apps helping track progress effectively,3859
35376,20385,1341331600,MT,Brilliant work! efforts to strengthen democratic institutions,3860
1647,17155,1341331660,RT,Brilliant work! clear regulations for emerging technologies,3861
49178,257094,1341331720,RE,Brilliant work! vaccination drives protecting vulnerable populations,3862
152768,168699,1341331780,MT,Brilliant work! awareness campaigns encouraging recycling,3863
21686,9868,1341331840,RT,Brilliant work! initiatives protecting consumers from fraud,3864
237922,74375,1341331900,RE,Brilliant work! coaching programs mentoring young talent,3865
67624,490,1341331960,MT,Brilliant work! new content that engages audiences positively,3866
3226,186273,1341332020,RT,Brilliant work! students achieving impressive academic milestones,3867
196855,203555,1341332080,RE,Brilliant work! space exploration pushing technological boundaries,3868
88716,63793,1341332140,MT,Brilliant work! wellness apps helping track progress effectively,3869
8767,759,1341332200,RT,Hate this. efforts to strengthen democratic institutions,3870
27037,18325,1341332260,RE,Hate this. clear regulations for emerging technologies,3871
52476,13139,1341332320,MT,Hate this. vaccination drives protecting vulnerable populations,3872
7930,286570,1341332380,RT,Hate this. awareness campaigns encouraging recycling,3873
6645,54214,1341332440,RE,Hate this. initiatives protecting consumers from fraud,3874
26681,1042,1341332500,MT,Hate this. coaching programs mentoring young talent,3875
184606,137329,1341332560,RT,Hate this. new content that engages audiences positively,3876
57269,376537,1341332620,RE,Hate this. students achieving impressive academic milestones,3877
104508,50290,1341332680,MT,Hate this. space exploration pushing technological boundaries,3878
142050,42909,1341332740,RT,Hate this. wellness apps helping track progress effectively,3879
1343,62542,1341332800,RE,This is disappointing. efforts to strengthen democratic institutions,3880
88804,26755,1341332860,MT,This is disappointing. clear regulations for emerging technologies,3881
56733,147362,1341332920,RT,This is disappointing. vaccination drives protecting vulnerable populations,3882
120908,48920,1341332980,RE,This is disappointing. awareness campaigns encouraging recycling,3883
71336,22636,1341333040,MT,This is disappointing. initiatives protecting consumers from fraud,3884
10694,10093,1341333100,RT,This is disappointing. coaching programs mentoring young talent,3885
65187,8964,1341333160,RE,This is disappointing. new content that engages audiences positively,3886
20139,147804,1341333220,MT,This is disappointing. students achieving impressive academic milestones,3887
80648,206773,1341333280,RT,This is disappointing. space exploration pushing technological boundaries,3888
109527,41041,1341333340,RE,This is disappointing. wellness apps helping track progress effectively,3889
13249,2353,1341333400,MT,Not a fan of this at all. efforts to strengthen democratic institutions,3890
14604,69970,1341333460,RT,Not a fan of this at all. clear regulations for emerging technologies,3891
25258,13938,1341333520,RE,Not a fan of this at all. vaccination drives protecting vulnerable populations,3892
17871,50679,1341333580,MT,Not a fan of this at all. awareness campaigns encouraging recycling,3893
29081,33787,1341333640,RT,Not a fan of this at all. initiatives protecting consumers from fraud,3894
5799,93751,1341333700,RE,Not a fan of this at all. coaching programs mentoring young talent,3895
10815,29264,1341333760,MT,Not a fan of this at all. new content that engages audiences positively,3896
75684,181286,1341333820,RT,Not a fan of this at all. students achieving impressive academic milestones,3897
24932,10901,1341333880,RE,Not a fan of this at all. space exploration pushing technological boundaries,3898
34928,56423,1341333940,MT,Not a fan of this at all. wellness apps helping track progress effectively,3899
40279,27744,1341334000,RT,Love this! clear accountability from elected officials,3900
3020,9036,1341334060,RE,Love this! human-centered AI design principles,3901
120063,27071,1341334120,MT,Love this! wellness technology helping track personal health,3902
87373,8719,1341334180,RT,Love this! reforestation projects restoring natural habitats,3903
148228,35242,1341334240,RE,Love this! financial technology simplifying payments,3904
2907,2062,1341334300,MT,Love this! sports events promoting inclusivity,3905
106375,20187,1341334360,RT,Love this! performances that leave audiences amazed,3906
13275,90474,1341334420,RE,Love this! programs reducing barriers to higher education,3907
33847,27043,1341334480,MT,Love this! science education initiatives reaching more students,3908
533,10365,1341334540,RT,Love this! goal-setting workshops encouraging focus,3909
4526,3419,1341334600,RE,So glad to see this! clear accountability from elected officials,3910
33386,403954,1341334660,MT,So glad to see this! human-centered AI design principles,3911
1999,149922,1341334720,RT,So glad to see this! wellness technology helping track personal health,3912
98762,735,1341334780,RE,So glad to see this! reforestation projects restoring natural habitats,3913
288158,38448,1341334840,MT,So glad to see this! financial technology simplifying payments,3914
452453,122155,1341334900,RT,So glad to see this! sports events promoting inclusivity,3915
12641,65904,1341334960,RE,So glad to see this! performances that leave audiences amazed,3916
408904,38232,1341335020,MT,So glad to see this! programs reducing barriers to higher education,3917
68282,10638,1341335080,RT,So glad to see this! science education initiatives reaching more students,3918
426646,22805,1341335140,RE,So glad to see this! goal-setting workshops encouraging focus,3919
2353,3298,1341335200,MT,Brilliant work! clear accountability from elected officials,3920
235473,10964,1341335260,RT,Brilliant work! human-centered AI design principles,3921
39029,502,1341335320,RE,Brilliant work! wellness technology helping track personal health,3922
10128,4537,1341335380,MT,Brilliant work! reforestation projects restoring natural habitats,3923
117539,31681,1341335440,RT,Brilliant work! financial technology simplifying payments,3924
11139,8928,1341335500,RE,Brilliant work! sports events promoting inclusivity,3925
15934,114159,1341335560,MT,Brilliant work! performances that leave audiences amazed,3926
47506,81190,1341335620,RT,Brilliant work! programs reducing barriers to higher education,3927
50294,45137,1341335680,RE,Brilliant work! science education initiatives reaching more students,3928
41041,34928,1341335740,MT,Brilliant work! goal-setting workshops encouraging focus,3929
38602,39889,1341335800,RT,Hate this. clear accountability from elected officials,3930
39524,3637,1341335860,RE,Hate this. human-centered AI design principles,3931
7340,106209,1341335920,MT,Hate this. wellness technology helping track personal health,3932
50052,225318,1341335980,RT,Hate this. reforestation projects restoring natural habitats,3933
42510,132001,1341336040,RE,Hate this. financial technology simplifying payments,3934
140190,50945,1341336100,MT,Hate this. sports events promoting inclusivity,3935
23633,9906,1341336160,RT,Hate this. performances that leave audiences amazed,3936
67997,16216,1341336220,RE,Hate this. programs reducing barriers to higher education,3937
8839,127681,1341336280,MT,Hate this. science education initiatives reaching more students,3938
185437,56042,1341336340,RT,Hate this. goal-setting workshops encouraging focus,3939
85042,27744,1341336400,RE,This is disappointing. clear accountability from elected officials,3940
47631,8077,1341336460,MT,This is disappointing. human-centered AI design principles,3941
875,122460,1341336520,RT,This is disappointing. wellness technology helping track personal health,3942
38382,4364,1341336580,RE,This is disappointing. reforestation projects restoring natural habitats,3943
335263,79651,1341336640,MT,This is disappointing. financial technology simplifying payments,3944
117034,103448,1341336700,RT,This is disappointing. sports events promoting inclusivity,3945
31585,206229,1341336760,RE,This is disappointing. performances that leave audiences amazed,3946
58737,57654,1341336820,MT,This is disappointing. programs reducing barriers to higher education,3947
195048,42831,1341336880,RT,This is disappointing. science education initiatives reaching more students,3948
497,2278,1341336940,RE,This is disappointing. goal-setting workshops encouraging focus,3949
4,67774,1341337000,MT,Not a fan of this at all. clear accountability from elected officials,3950
1037,75846,1341337060,RT,Not a fan of this at all. human-centered AI design principles,3951
31949,2839,1341337120,RE,Not a fan of this at all. wellness technology helping track personal health,3952
65377,139524,1341337180,MT,Not a fan of this at all. reforestation projects restoring natural habitats,3953
168933,54758,1341337240,RT,Not a fan of this at all. financial technology simplifying payments,3954
15039,40796,1341337300,RE,Not a fan of this at all. sports events promoting inclusivity,3955
316278,86496,1341337360,MT,Not a fan of this at all. performances that leave audiences amazed,3956
54856,14825,1341337420,RT,Not a fan of this at all. programs reducing barriers to higher education,3957
375668,128580,1341337480,RE,Not a fan of this at all. science education initiatives reaching more students,3958
176894,167472,1341337540,MT,Not a fan of this at all. goal-setting workshops encouraging focus,3959
16440,213,1341337600,RT,Love this! policies that support small businesses,3960
43742,8757,1341337660,RE,Love this! technology closing gaps instead of widening them,3961
11882,80814,1341337720,MT,Love this! healthcare workers receiving better support,3962
23159,20246,1341337780,RT,Love this! clean energy adoption improving air quality,3963
9917,39016,1341337840,RE,Love this! investment education being prioritized,3964
85735,349931,1341337900,MT,Love this! innovations in sports safety equipment,3965
86813,6406,1341337960,RT,Love this! innovative projects in the entertainment industry,3966
12005,1989,1341338020,RE,Love this! innovative teaching methods engaging learners,3967
42831,21314,1341338080,MT,Love this! scientists collaborating across borders effectively,3968
74247,18901,1341338140,RT,Love this! meditation practices improving mental clarity,3969
2287,128559,1341338200,RE,So glad to see this! policies that support small businesses,3970
2898,2080,1341338260,MT,So glad to see this! technology closing gaps instead of widening them,3971
91840,44307,1341338320,RT,So glad to see this! healthcare workers receiving better support,3972
4098,25905,1341338380,RE,So glad to see this! clean energy adoption improving air quality,3973
66495,33642,1341338440,MT,So glad to see this! investment education being prioritized,3974
103448,277615,1341338500,RT,So glad to see this! innovations in sports safety equipment,3975
280798,50401,1341338560,RE,So glad to see this! innovative projects in the entertainment industry,3976
28452,73476,1341338620,MT,So glad to see this! innovative teaching methods engaging learners,3977
47241,51168,1341338680,RT,So glad to see this! scientists collaborating across borders effectively,3978
170806,19879,1341338740,RE,So glad to see this! meditation practices improving mental clarity,3979
3994,31957,1341338800,MT,Brilliant work! policies that support small businesses,3980
4380,7020,1341338860,RT,Brilliant work! technology closing gaps instead of widening them,3981
18575,28091,1341338920,RE,Brilliant work! healthcare workers receiving better support,3982
42894,36681,1341338980,MT,Brilliant work! clean energy adoption improving air quality,3983
13618,3390,1341339040,RT,Brilliant work! investment education being prioritized,3984
3999,64190,1341339100,RE,Brilliant work! innovations in sports safety equipment,3985
120553,10745,1341339160,MT,Brilliant work! innovative projects in the entertainment industry,3986
68277,12005,1341339220,RT,Brilliant work! innovative teaching methods engaging learners,3987
32098,425025,1341339280,RE,Brilliant work! scientists collaborating across borders effectively,3988
67204,57496,1341339340,MT,Brilliant work! meditation practices improving mental clarity,3989
3571,85042,1341339400,RT,Hate this. policies that support small businesses,3990
166174,6651,1341339460,RE,Hate this. technology closing gaps instead of widening them,3991
6693,8385,1341339520,MT,Hate this. healthcare workers receiving better support,3992
134304,121551,1341339580,RT,Hate this. clean energy adoption improving air quality,3993
79724,95986,1341339640,RE,Hate this. investment education being prioritized,3994
39660,53733,1341339700,MT,Hate this. innovations in sports safety equipment,3995
6661,140003,1341339760,RT,Hate this. innovative projects in the entertainment industry,3996
2673,134595,1341339820,RE,Hate this. innovative teaching methods engaging learners,3997
140629,39372,1341339880,MT,Hate this. scientists collaborating across borders effectively,3998
398000,282071,1341339940,RT,Hate this. meditation practices improving mental clarity,3999
32972,456,1341340000,RE,This is disappointing. policies that support small businesses,4000
6686,15998,1341340060,MT,This is disappointing. technology closing gaps instead of widening them,4001
40303,23956,1341340120,RT,This is disappointing. healthcare workers receiving better support,4002
85083,140393,1341340180,RE,This is disappointing. clean energy adoption improving air quality,4003
23318,51878,1341340240,MT,This is disappointing. investment education being prioritized,4004
146922,26681,1341340300,RT,This is disappointing. innovations in sports safety equipment,4005
24197,107937,1341340360,RE,This is disappointing. innovative projects in the entertainment industry,4006
266085,201107,1341340420,MT,This is disappointing. innovative teaching methods engaging learners,4007
86906,25766,1341340480,RT,This is disappointing. scientists collaborating across borders effectively,4008
121553,6175,1341340540,RE,This is disappointing. meditation practices improving mental clarity,4009
88,19604,1341340600,MT,Not a fan of this at all. policies that support small businesses,4010
47470,134319,1341340660,RT,Not a fan of this at all. technology closing gaps instead of widening them,4011
16699,18536,1341340720,RE,Not a fan of this at all. healthcare workers receiving better support,4012
204768,29230,1341340780,MT,Not a fan of this at all. clean energy adoption improving air quality,4013
193543,142114,1341340840,RT,Not a fan of this at all. investment education being prioritized,4014
12416,38632,1341340900,RE,Not a fan of this at all. innovations in sports safety equipment,4015
69589,80881,1341340960,MT,Not a fan of this at all. innovative projects in the entertainment industry,4016
408904,7790,1341341020,RT,Not a fan of this at all. innovative teaching methods engaging learners,4017
86789,351520,1341341080,RE,Not a fan of this at all. scientists collaborating across borders effectively,4018
15873,4363,1341341140,MT,Not a fan of this at all. meditation practices improving mental clarity,4019
2353,248,1341341200,RT,Love this! meaningful reforms instead of empty promises,4020
30222,2153,1341341260,RE,Love this! open-source contributions driving innovation,4021
360368,14934,1341341320,MT,Love this! programs reducing stress in workplaces,4022
735,13123,1341341380,RT,Love this! research driving climate adaptation strategies,4023
227353,8099,1341341440,RE,Love this! cryptocurrency being integrated responsibly,4024
37685,77241,1341341500,MT,Love this! mental health being prioritized for athletes,4025
72657,70275,1341341560,RT,Love this! celebrity collaborations creating positive impact,4026
97524,350,1341341620,RE,Love this! schools prioritizing mental health support,4027
8970,8956,1341341680,MT,Love this! new technologies advancing space travel,4028
147149,94918,1341341740,RT,Love this! fitness routines integrated into busy schedules,4029
9881,26352,1341341800,RE,So glad to see this! meaningful reforms instead of empty promises,4030
288958,369,1341341860,MT,So glad to see this! open-source contributions driving innovation,4031
24676,45391,1341341920,RT,So glad to see this! programs reducing stress in workplaces,4032
51637,53930,1341341980,RE,So glad to see this! research driving climate adaptation strategies,4033
63741,180496,1341342040,MT,So glad to see this! cryptocurrency being integrated responsibly,4034
26633,84902,1341342100,RT,So glad to see this! mental health being prioritized for athletes,4035
18893,446415,1341342160,RE,So glad to see this! celebrity collaborations creating positive impact,4036
39362,18641,1341342220,MT,So glad to see this! schools prioritizing mental health support,4037
39183,60995,1341342280,RT,So glad to see this! new technologies advancing space travel,4038
50770,55291,1341342340,RE,So glad to see this! fitness routines integrated into busy schedules,4039
335,39889,1341342400,MT,Brilliant work! meaningful reforms instead of empty promises,4040
2373,14064,1341342460,RT,Brilliant work! open-source contributions driving innovation,4041
278811,15113,1341342520,RE,Brilliant work! programs reducing stress in workplaces,4042
152768,113315,1341342580,MT,Brilliant work! research driving climate adaptation strategies,4043
10894,57289,1341342640,RT,Brilliant work! cryptocurrency being integrated responsibly,4044
3752,4199,1341342700,RE,Brilliant work! mental health being prioritized for athletes,4045
35304,998,1341342760,MT,Brilliant work! celebrity collaborations creating positive impact,4046
18641,62666,1341342820,RT,Brilliant work! schools prioritizing mental health support,4047
28250,222578,1341342880,RE,Brilliant work! new technologies advancing space travel,4048
208845,232237,1341342940,MT,Brilliant work! fitness routines integrated into busy schedules,4049
4730,26486,1341343000,RT,Hate this. meaningful reforms instead of empty promises,4050
11443,50227,1341343060,RE,Hate this. open-source contributions driving innovation,4051
331789,100127,1341343120,MT,Hate this. programs reducing stress in workplaces,4052
21695,44726,1341343180,RT,Hate this. research driving climate adaptation strategies,4053
31681,219373,1341343240,RE,Hate this. cryptocurrency being integrated responsibly,4054
75480,16766,1341343300,MT,Hate this. mental health being prioritized for athletes,4055
32508,64320,1341343360,RT,Hate this. celebrity collaborations creating positive impact,4056
102082,97187,1341343420,RE,Hate this. schools prioritizing mental health support,4057
65552,6069,1341343480,MT,Hate this. new technologies advancing space travel,4058
64816,25180,1341343540,RT,Hate this. fitness routines integrated into busy schedules,4059
213,35843,1341343600,RE,This is disappointing. meaningful reforms instead of empty promises,4060
288958,141619,1341343660,MT,This is disappointing. open-source contributions driving innovation,4061
149327,93062,1341343720,RT,This is disappointing. programs reducing stress in workplaces,4062
171180,58739,1341343780,RE,This is disappointing. research driving climate adaptation strategies,4063
43952,42510,1341343840,MT,This is disappointing. cryptocurrency being integrated responsibly,4064
130735,43518,1341343900,RT,This is disappointing. mental health being prioritized for athletes,4065
65210,37503,1341343960,RE,This is disappointing. celebrity collaborations creating positive impact,4066
51059,190181,1341344020,MT,This is disappointing. schools prioritizing mental health support,4067
6545,204760,1341344080,RT,This is disappointing. new technologies advancing space travel,4068
197852,34928,1341344140,RE,This is disappointing. fitness routines integrated into busy schedules,4069
43725,35376,1341344200,MT,Not a fan of this at all. meaningful reforms instead of empty promises,4070
73478,62904,1341344260,RT,Not a fan of this at all. open-source contributions driving innovation,4071
14945,23769,1341344320,RE,Not a fan of this at all. programs reducing stress in workplaces,4072
78063,42170,1341344380,MT,Not a fan of this at all. research driving climate adaptation strategies,4073
40398,31624,1341344440,RT,Not a fan of this at all. cryptocurrency being integrated responsibly,4074
14355,38046,1341344500,RE,Not a fan of this at all. mental health being prioritized for athletes,4075
14146,70786,1341344560,MT,Not a fan of this at all. celebrity collaborations creating positive impact,4076
133418,35993,1341344620,RT,Not a fan of this at all. schools prioritizing mental health support,4077
109972,222578,1341344680,RE,Not a fan of this at all. new technologies advancing space travel,4078
147149,122087,1341344740,MT,Not a fan of this at all. fitness routines integrated into busy schedules,4079
60021,59195,1341344800,RT,Love this! environmental considerations being taken seriously,4080
1897,59915,1341344860,RE,Love this! AI being used to solve real-world problems,4081
120477,15691,1341344920,MT,Love this! public campaigns encouraging healthy lifestyles,4082
80009,52905,1341344980,RT,Love this! ocean conservation initiatives making progress,4083
61332,1478,1341345040,RE,Love this! markets showing resilience after volatility,4084
4199,99839,1341345100,MT,Love this! fitness challenges motivating communities,4085
93162,80881,1341345160,RT,Love this! artists pushing creative boundaries,4086
34466,80068,1341345220,RE,Love this! workplace initiatives promoting career growth,4087
8970,42836,1341345280,MT,Love this! data from experiments leading to critical insights,4088
55291,19253,1341345340,RT,Love this! journaling helping people reflect and grow,4089
37561,38535,1341345400,RE,So glad to see this! environmental considerations being taken seriously,4090
33386,8021,1341345460,MT,So glad to see this! AI being used to solve real-world problems,4091
68702,18575,1341345520,RT,So glad to see this! public campaigns encouraging healthy lifestyles,4092
134560,124506,1341345580,RE,So glad to see this! ocean conservation initiatives making progress,4093
7646,22714,1341345640,MT,So glad to see this! markets showing resilience after volatility,4094
18364,31234,1341345700,RT,So glad to see this! fitness challenges motivating communities,4095
131538,3453,1341345760,RE,So glad to see this! artists pushing creative boundaries,4096
30652,59178,1341345820,MT,So glad to see this! workplace initiatives promoting career growth,4097
115543,16832,1341345880,RT,So glad to see this! data from experiments leading to critical insights,4098
51849,228125,1341345940,RE,So glad to see this! journaling helping people reflect and grow,4099
76165,71,1341346000,MT,Brilliant work! environmental considerations being taken seriously,4100
7932,216655,1341346060,RT,Brilliant work! AI being used to solve real-world problems,4101
233483,69883,1341346120,RE,Brilliant work! public campaigns encouraging healthy lifestyles,4102
3807,78063,1341346180,MT,Brilliant work! ocean conservation initiatives making progress,4103
3146,38001,1341346240,RT,Brilliant work! markets showing resilience after volatility,4104
322484,28996,1341346300,RE,Brilliant work! fitness challenges motivating communities,4105
6658,109178,1341346360,MT,Brilliant work! artists pushing creative boundaries,4106
18641,118226,1341346420,RT,Brilliant work! workplace initiatives promoting career growth,4107
6039,432466,1341346480,RE,Brilliant work! data from experiments leading to critical insights,4108
259237,164875,1341346540,MT,Brilliant work! journaling helping people reflect and grow,4109
492,216,1341346600,RT,Hate this. environmental considerations being taken seriously,4110
158955,4528,1341346660,RE,Hate this. AI being used to solve real-world problems,4111
298,73933,1341346720,MT,Hate this. public campaigns encouraging healthy lifestyles,4112
106574,10710,1341346780,RT,Hate this. ocean conservation initiatives making progress,4113
113163,387599,1341346840,RE,Hate this. markets showing resilience after volatility,4114
822,68,1341346900,MT,Hate this. fitness challenges motivating communities,4115
10340,51889,1341346960,RT,Hate this. artists pushing creative boundaries,4116
404683,90474,1341347020,RE,Hate this. workplace initiatives promoting career growth,4117
23752,278404,1341347080,MT,Hate this. data from experiments leading to critical insights,4118
85960,18284,1341347140,RT,Hate this. journaling helping people reflect and grow,4119
7960,39885,1341347200,RE,This is disappointing. environmental considerations being taken seriously,4120
12318,27,1341347260,MT,This is disappointing. AI being used to solve real-world problems,4121
257094,23956,1341347320,RT,This is disappointing. public campaigns encouraging healthy lifestyles,4122
419,203735,1341347380,RE,This is disappointing. ocean conservation initiatives making progress,4123
52936,79724,1341347440,MT,This is disappointing. markets showing resilience after volatility,4124
121433,10482,1341347500,RT,This is disappointing. fitness challenges motivating communities,4125
27518,107937,1341347560,RE,This is disappointing. artists pushing creative boundaries,4126
20263,57469,1341347620,MT,This is disappointing. workplace initiatives promoting career growth,4127
10053,46181,1341347680,RT,This is disappointing. data from experiments leading to critical insights,4128
26078,10357,1341347740,RE,This is disappointing. journaling helping people reflect and grow,4129
1880,211,1341347800,MT,Not a fan of this at all. environmental considerations being taken seriously,4130
37832,11103,1341347860,RT,Not a fan of this at all. AI being used to solve real-world problems,4131
54301,154462,1341347920,RE,Not a fan of this at all. public campaigns encouraging healthy lifestyles,4132
598,13092,1341347980,MT,Not a fan of this at all. ocean conservation initiatives making progress,4133
43793,103986,1341348040,RT,Not a fan of this at all. markets showing resilience after volatility,4134
310776,195807,1341348100,RE,Not a fan of this at all. fitness challenges motivating communities,4135
206229,10741,1341348160,MT,Not a fan of this at all. artists pushing creative boundaries,4136
95017,26629,1341348220,RT,Not a fan of this at all. workplace initiatives promoting career growth,4137
10752,50209,1341348280,RE,Not a fan of this at all. data from experiments leading to critical insights,4138
78328,125337,1341348340,MT,Not a fan of this at all. journaling helping people reflect and grow,4139
4526,2572,1341348400,RT,Love this! ethical standards being enforced in politics,4140
403,10916,1341348460,RE,Love this! unregulated AI systems being deployed,4141
101502,52502,1341348520,MT,Love this! innovations in mental health therapy,4142
53930,12514,1341348580,RT,Love this! eco-friendly policies being introduced in industries,4143
38448,148228,1341348640,RE,Love this! programs helping people save and invest,4144
50228,59397,1341348700,MT,Love this! nutrition programs supporting athlete performance,4145
6607,57754,1341348760,RT,Love this! movies highlighting important real-world themes,4146
138327,150297,1341348820,RE,Love this! educational technology improving learning outcomes,4147
85599,199020,1341348880,MT,Love this! research programs addressing pressing global issues,4148
2278,304700,1341348940,RT,Love this! personal development books making an impact,4149
214,6948,1341349000,RE,So glad to see this! ethical standards being enforced in politics,4150
223,27,1341349060,MT,So glad to see this! unregulated AI systems being deployed,4151
40185,259849,1341349120,RT,So glad to see this! innovations in mental health therapy,4152
61318,29021,1341349180,RE,So glad to see this! eco-friendly policies being introduced in industries,4153
204197,2900,1341349240,MT,So glad to see this! programs helping people save and invest,4154
53652,63143,1341349300,RT,So glad to see this! nutrition programs supporting athlete performance,4155
381414,16333,1341349360,RE,So glad to see this! movies highlighting important real-world themes,4156
43709,122123,1341349420,MT,So glad to see this! educational technology improving learning outcomes,4157
96783,104904,1341349480,RT,So glad to see this! research programs addressing pressing global issues,4158
28715,70066,1341349540,RE,So glad to see this! personal development books making an impact,4159
42172,26195,1341349600,MT,Brilliant work! ethical standards being enforced in politics,4160
19843,103921,1341349660,RT,Brilliant work! unregulated AI systems being deployed,4161
74036,37428,1341349720,RE,Brilliant work! innovations in mental health therapy,4162
8927,4974,1341349780,MT,Brilliant work! eco-friendly policies being introduced in industries,4163
4344,36093,1341349840,RT,Brilliant work! programs helping people save and invest,4164
68256,99839,1341349900,RE,Brilliant work! nutrition programs supporting athlete performance,4165
22053,120553,1341349960,MT,Brilliant work! movies highlighting important real-world themes,4166
12005,17185,1341350020,RT,Brilliant work! educational technology improving learning outcomes,4167
223014,24804,1341350080,RE,Brilliant work! research programs addressing pressing global issues,4168
84375,36252,1341350140,MT,Brilliant work! personal development books making an impact,4169
689,15536,1341350200,RT,Hate this. ethical standards being enforced in politics,4170
30222,40298,1341350260,RE,Hate this. unregulated AI systems being deployed,4171
13912,28976,1341350320,MT,Hate this. innovations in mental health therapy,4172
56022,36681,1341350380,RT,Hate this. eco-friendly policies being introduced in industries,4173
26361,182158,1341350440,RE,Hate this. programs helping people save and invest,4174
53831,114273,1341350500,MT,Hate this. nutrition programs supporting athlete performance,4175
65187,77167,1341350560,RT,Hate this. movies highlighting important real-world themes,4176
7594,94553,1341350620,RE,Hate this. educational technology improving learning outcomes,4177
23752,145624,1341350680,MT,Hate this. research programs addressing pressing global issues,4178
57118,316275,1341350740,RT,Hate this. personal development books making an impact,4179
81405,39885,1341350800,RE,This is disappointing. ethical standards being enforced in politics,4180
50227,65536,1341350860,MT,This is disappointing. unregulated AI systems being deployed,4181
18792,7269,1341350920,RT,This is disappointing. innovations in mental health therapy,4182
86822,27184,1341350980,RE,This is disappointing. eco-friendly policies being introduced in industries,4183
95881,93,1341351040,MT,This is disappointing. programs helping people save and invest,4184
4984,8425,1341351100,RT,This is disappointing. nutrition programs supporting athlete performance,4185
3693,2233,1341351160,RE,This is disappointing. movies highlighting important real-world themes,4186
213472,40312,1341351220,MT,This is disappointing. educational technology improving learning outcomes,4187
62619,30486,1341351280,RT,This is disappointing. research programs addressing pressing global issues,4188
34928,346917,1341351340,RE,This is disappointing. personal development books making an impact,4189
511,816,1341351400,MT,Not a fan of this at all. ethical standards being enforced in politics,4190
116924,965,1341351460,RT,Not a fan of this at all. unregulated AI systems being deployed,4191
8398,35604,1341351520,RE,Not a fan of this at all. innovations in mental health therapy,4192
327935,89010,1341351580,MT,Not a fan of this at all. eco-friendly policies being introduced in industries,4193
156400,249845,1341351640,RT,Not a fan of this at all. programs helping people save and invest,4194
14728,35348,1341351700,RE,Not a fan of this at all. nutrition programs supporting athlete performance,4195
380375,1912,1341351760,MT,Not a fan of this at all. movies highlighting important real-world themes,4196
37001,2127,1341351820,RT,Not a fan of this at all. educational technology improving learning outcomes,4197
278652,148429,1341351880,RE,Not a fan of this at all. research programs addressing pressing global issues,4198
60739,35059,1341351940,MT,Not a fan of this at all. personal development books making an impact,4199
54550,17004,1341352000,RT,Love this! public interest placed above corporate influence,4200
4904,27311,1341352060,RE,Love this! technology replacing jobs without safeguards,4201
314122,232659,1341352120,MT,Love this! community programs promoting preventive care,4202
37526,29230,1341352180,RT,Love this! sustainable transportation options being promoted,4203
59905,60627,1341352240,RE,Love this! banks offering more ethical financial products,4204
53965,20395,1341352300,MT,Love this! adaptive sports programs expanding,4205
10817,16333,1341352360,RT,Love this! entertainment bringing people together,4206
34852,142148,1341352420,RE,Love this! community programs supporting lifelong learning,4207
51892,188858,1341352480,MT,Love this! scientific communication becoming more accessible,4208
35535,7395,1341352540,RT,Love this! online courses fostering skill growth,4209
86851,8598,1341352600,RE,So glad to see this! public interest placed above corporate influence,4210
4986,14201,1341352660,MT,So glad to see this! technology replacing jobs without safeguards,4211
184761,40407,1341352720,RT,So glad to see this! community programs promoting preventive care,4212
20246,35723,1341352780,RE,So glad to see this! sustainable transportation options being promoted,4213
177652,22714,1341352840,MT,So glad to see this! banks offering more ethical financial products,4214
85314,84902,1341352900,RT,So glad to see this! adaptive sports programs expanding,4215
54066,412350,1341352960,RE,So glad to see this! entertainment bringing people together,4216
57324,117882,1341353020,MT,So glad to see this! community programs supporting lifelong learning,4217
4328,31305,1341353080,RT,So glad to see this! scientific communication becoming more accessible,4218
74270,6974,1341353140,RE,So glad to see this! online courses fostering skill growth,4219
13821,752,1341353200,MT,Brilliant work! public interest placed above corporate influence,4220
37162,63931,1341353260,RT,Brilliant work! technology replacing jobs without safeguards,4221
195232,54291,1341353320,RE,Brilliant work! community programs promoting preventive care,4222
117615,8299,1341353380,MT,Brilliant work! sustainable transportation options being promoted,4223
453313,9858,1341353440,RT,Brilliant work! banks offering more ethical financial products,4224
82566,7423,1341353500,RE,Brilliant work! adaptive sports programs expanding,4225
65282,21705,1341353560,MT,Brilliant work! entertainment bringing people together,4226
164123,51059,1341353620,RT,Brilliant work! community programs supporting lifelong learning,4227
35080,305,1341353680,RE,Brilliant work! scientific communication becoming more accessible,4228
37753,14609,1341353740,MT,Brilliant work! online courses fostering skill growth,4229
358,22051,1341353800,RT,Hate this. public interest placed above corporate influence,4230
35295,14721,1341353860,RE,Hate this. technology replacing jobs without safeguards,4231
8756,6674,1341353920,MT,Hate this. community programs promoting preventive care,4232
137587,38695,1341353980,RT,Hate this. sustainable transportation options being promoted,4233
80431,15261,1341354040,RE,Hate this. banks offering more ethical financial products,4234
173809,1425,1341354100,MT,Hate this. adaptive sports programs expanding,4235
37437,52836,1341354160,RT,Hate this. entertainment bringing people together,4236
7803,136490,1341354220,RE,Hate this. community programs supporting lifelong learning,4237
169287,312038,1341354280,MT,Hate this. scientific communication becoming more accessible,4238
281077,147396,1341354340,RT,Hate this. online courses fostering skill growth,4239
387,891,1341354400,RE,This is disappointing. public interest placed above corporate influence,4240
1895,113517,1341354460,MT,This is disappointing. technology replacing jobs without safeguards,4241
229447,56733,1341354520,RT,This is disappointing. community programs promoting preventive care,4242
368167,66350,1341354580,RE,This is disappointing. sustainable transportation options being promoted,4243
119268,69012,1341354640,MT,This is disappointing. banks offering more ethical financial products,4244
168820,41736,1341354700,RT,This is disappointing. adaptive sports programs expanding,4245
176473,5832,1341354760,RE,This is disappointing. entertainment bringing people together,4246
190181,23570,1341354820,MT,This is disappointing. community programs supporting lifelong learning,4247
36114,344580,1341354880,RT,This is disappointing. scientific communication becoming more accessible,4248
7171,40275,1341354940,RE,This is disappointing. online courses fostering skill growth,4249
206,14611,1341355000,MT,Not a fan of this at all. public interest placed above corporate influence,4250
81422,9707,1341355060,RT,Not a fan of this at all. technology replacing jobs without safeguards,4251
16970,83432,1341355120,RE,Not a fan of this at all. community programs promoting preventive care,4252
12344,10719,1341355180,MT,Not a fan of this at all. sustainable transportation options being promoted,4253
22339,10232,1341355240,RT,Not a fan of this at all. banks offering more ethical financial products,4254
37510,822,1341355300,RE,Not a fan of this at all. adaptive sports programs expanding,4255
6658,54021,1341355360,MT,Not a fan of this at all. entertainment bringing people together,4256
27850,49694,1341355420,RT,Not a fan of this at all. community programs supporting lifelong learning,4257
4328,10140,1341355480,RE,Not a fan of this at all. scientific communication becoming more accessible,4258
183312,77516,1341355540,MT,Not a fan of this at all. online courses fostering skill growth,4259
3479,34519,1341355600,RT,Love this! laws that protect basic human rights,4260
49159,46754,1341355660,RE,Love this! AI decisions lacking transparency,4261
100127,50276,1341355720,MT,Love this! research improving treatment for chronic conditions,4262
14575,77579,1341355780,RT,Love this! awareness about plastic pollution increasing,4263
30750,53331,1341355840,RE,Love this! transparent reporting improving investor trust,4264
147538,238570,1341355900,MT,Love this! grassroots programs growing interest in sports,4265
8453,106375,1341355960,RT,Love this! celebrity behavior that disappoints fans,4266
108383,15251,1341356020,RE,Love this! scholarships making education accessible,4267
2996,58534,1341356080,MT,Love this! lack of funding for important research,4268
209524,93266,1341356140,RT,Love this! community support programs motivating change,4269
268,14572,1341356200,RE,So glad to see this! laws that protect basic human rights,4270
1231,702,1341356260,MT,So glad to see this! AI decisions lacking transparency,4271
40303,15483,1341356320,RT,So glad to see this! research improving treatment for chronic conditions,4272
30039,47828,1341356380,RE,So glad to see this! awareness about plastic pollution increasing,4273
36093,14845,1341356440,MT,So glad to see this! transparent reporting improving investor trust,4274
208863,44869,1341356500,RT,So glad to see this! grassroots programs growing interest in sports,4275
380767,2233,1341356560,RE,So glad to see this! celebrity behavior that disappoints fans,4276
186184,97524,1341356620,MT,So glad to see this! scholarships making education accessible,4277
312038,95377,1341356680,RT,So glad to see this! lack of funding for important research,4278
19879,41796,1341356740,RE,So glad to see this! community support programs motivating change,4279
21280,2870,1341356800,MT,Brilliant work! laws that protect basic human rights,4280
965,9221,1341356860,RT,Brilliant work! AI decisions lacking transparency,4281
16293,28976,1341356920,RE,Brilliant work! research improving treatment for chronic conditions,4282
204654,181181,1341356980,MT,Brilliant work! awareness about plastic pollution increasing,4283
64987,9868,1341357040,RT,Brilliant work! transparent reporting improving investor trust,4284
73337,34,1341357100,RE,Brilliant work! grassroots programs growing interest in sports,4285
75606,27185,1341357160,MT,Brilliant work! celebrity behavior that disappoints fans,4286
78220,1989,1341357220,RT,Brilliant work! scholarships making education accessible,4287
15466,48745,1341357280,RE,Brilliant work! lack of funding for important research,4288
201745,142050,1341357340,MT,Brilliant work! community support programs motivating change,4289
2348,13820,1341357400,RT,Hate this. laws that protect basic human rights,4290
1895,85437,1341357460,RE,Hate this. AI decisions lacking transparency,4291
101502,13235,1341357520,MT,Hate this. research improving treatment for chronic conditions,4292
47821,10269,1341357580,RT,Hate this. awareness about plastic pollution increasing,4293
39089,8711,1341357640,RE,Hate this. transparent reporting improving investor trust,4294
5493,121433,1341357700,MT,Hate this. grassroots programs growing interest in sports,4295
7215,16131,1341357760,RT,Hate this. celebrity behavior that disappoints fans,4296
101872,46554,1341357820,RE,Hate this. scholarships making education accessible,4297
3976,80648,1341357880,MT,Hate this. lack of funding for important research,4298
131506,107918,1341357940,RT,Hate this. community support programs motivating change,4299
54222,40279,1341358000,RE,This is disappointing. laws that protect basic human rights,4300
236994,14600,1341358060,MT,This is disappointing. AI decisions lacking transparency,4301
7340,15458,1341358120,RT,This is disappointing. research improving treatment for chronic conditions,4302
106951,134095,1341358180,RE,This is disappointing. awareness about plastic pollution increasing,4303
22339,91627,1341358240,MT,This is disappointing. transparent reporting improving investor trust,4304
18364,81105,1341358300,RT,This is disappointing. grassroots programs growing interest in sports,4305
381414,97805,1341358360,RE,This is disappointing. celebrity behavior that disappoints fans,4306
92116,72217,1341358420,MT,This is disappointing. scholarships making education accessible,4307
50290,221484,1341358480,RT,This is disappointing. lack of funding for important research,4308
221458,19955,1341358540,RE,This is disappointing. community support programs motivating change,4309
891,327,1341358600,MT,Not a fan of this at all. laws that protect basic human rights,4310
5281,42907,1341358660,RT,Not a fan of this at all. AI decisions lacking transparency,4311
37428,66417,1341358720,RE,Not a fan of this at all. research improving treatment for chronic conditions,4312
36795,14539,1341358780,MT,Not a fan of this at all. awareness about plastic pollution increasing,4313
13685,215675,1341358840,RT,Not a fan of this at all. transparent reporting improving investor trust,4314
27872,7845,1341358900,RE,Not a fan of this at all. grassroots programs growing interest in sports,4315
36065,410367,1341358960,MT,Not a fan of this at all. celebrity behavior that disappoints fans,4316
50349,154068,1341359020,RT,Not a fan of this at all. scholarships making education accessible,4317
301250,139746,1341359080,RE,Not a fan of this at all. lack of funding for important research,4318
76667,28455,1341359140,MT,Not a fan of this at all. community support programs motivating change,4319
37502,8806,1341359200,RT,Love this! government transparency improving,4320
30075,68446,1341359260,RE,Love this! data privacy being treated lightly,4321
100103,15691,1341359320,MT,Love this! poor access to affordable healthcare,4322
2746,42168,1341359380,RT,Love this! lack of urgency in climate policy,4323
43793,59159,1341359440,RE,Love this! financial innovation supporting economic growth,4324
182825,13078,1341359500,MT,Love this! injuries sidelining top athletes,4325
57754,32508,1341359560,RT,Love this! controversial statements by public figures,4326
93159,52490,1341359620,RE,Love this! underfunded schools struggling to meet needs,4327
113373,210094,1341359680,MT,Love this! scientific misinformation spreading rapidly,4328
8895,62673,1341359740,RT,Love this! lack of consistency in self-improvement routines,4329
33476,16801,1341359800,RE,So glad to see this! government transparency improving,4330
98992,17507,1341359860,MT,So glad to see this! data privacy being treated lightly,4331
126242,17332,1341359920,RT,So glad to see this! poor access to affordable healthcare,4332
113315,36840,1341359980,RE,So glad to see this! lack of urgency in climate policy,4333
6761,8902,1341360040,MT,So glad to see this! financial innovation supporting economic growth,4334
48930,431,1341360100,RT,So glad to see this! injuries sidelining top athletes,4335
2681,202206,1341360160,RE,So glad to see this! controversial statements by public figures,4336
97187,70199,1341360220,MT,So glad to see this! underfunded schools struggling to meet needs,4337
230245,6982,1341360280,RT,So glad to see this! scientific misinformation spreading rapidly,4338
151460,6707,1341360340,RE,So glad to see this! lack of consistency in self-improvement routines,4339
20522,37502,1341360400,MT,Brilliant work! government transparency improving,4340
57882,75798,1341360460,RT,Brilliant work! data privacy being treated lightly,4341
77179,52030,1341360520,RE,Brilliant work! poor access to affordable healthcare,4342
18036,303217,1341360580,MT,Brilliant work! lack of urgency in climate policy,4343
9351,39093,1341360640,RT,Brilliant work! financial innovation supporting economic growth,4344
25339,375095,1341360700,RE,Brilliant work! injuries sidelining top athletes,4345
68399,40295,1341360760,MT,Brilliant work! controversial statements by public figures,4346
124861,18641,1341360820,RT,Brilliant work! underfunded schools struggling to meet needs,4347
6692,45587,1341360880,RE,Brilliant work! scientific misinformation spreading rapidly,4348
232004,236707,1341360940,MT,Brilliant work! lack of consistency in self-improvement routines,4349
1276,30799,1341361000,RT,Hate this. government transparency improving,4350
14600,52087,1341361060,RE,Hate this. data privacy being treated lightly,4351
251706,161907,1341361120,MT,Hate this. poor access to affordable healthcare,4352
12514,25931,1341361180,RT,Hate this. lack of urgency in climate policy,4353
13127,275600,1341361240,RE,Hate this. financial innovation supporting economic growth,4354
39564,194148,1341361300,MT,Hate this. injuries sidelining top athletes,4355
132118,11967,1341361360,RT,Hate this. controversial statements by public figures,4356
29493,144338,1341361420,RE,Hate this. underfunded schools struggling to meet needs,4357
310048,57688,1341361480,MT,Hate this. scientific misinformation spreading rapidly,4358
368955,16516,1341361540,RT,Hate this. lack of consistency in self-improvement routines,4359
358,21280,1341361600,RE,This is disappointing. government transparency improving,4360
385,2153,1341361660,MT,This is disappointing. data privacy being treated lightly,4361
141656,8398,1341361720,RT,This is disappointing. poor access to affordable healthcare,4362
2919,95896,1341361780,RE,This is disappointing. lack of urgency in climate policy,4363
141739,144933,1341361840,MT,This is disappointing. financial innovation supporting economic growth,4364
35144,66778,1341361900,RT,This is disappointing. injuries sidelining top athletes,4365
57754,16523,1341361960,RE,This is disappointing. controversial statements by public figures,4366
5018,153249,1341362020,MT,This is disappointing. underfunded schools struggling to meet needs,4367
30635,2996,1341362080,RT,This is disappointing. scientific misinformation spreading rapidly,4368
105491,199015,1341362140,RE,This is disappointing. lack of consistency in self-improvement routines,4369
2417,1276,1341362200,MT,Not a fan of this at all. government transparency improving,4370
6651,110210,1341362260,RT,Not a fan of this at all. data privacy being treated lightly,4371
25661,110522,1341362320,RE,Not a fan of this at all. poor access to affordable healthcare,4372
30069,163,1341362380,MT,Not a fan of this at all. lack of urgency in climate policy,4373
8593,275600,1341362440,RT,Not a fan of this at all. financial innovation supporting economic growth,4374
23430,52846,1341362500,RE,Not a fan of this at all. injuries sidelining top athletes,4375
80748,58912,1341362560,MT,Not a fan of this at all. controversial statements by public figures,4376
35772,54009,1341362620,RT,Not a fan of this at all. underfunded schools struggling to meet needs,4377
178192,3193,1341362680,RE,Not a fan of this at all. scientific misinformation spreading rapidly,4378
8889,77692,1341362740,MT,Not a fan of this at all. lack of consistency in self-improvement routines,4379
15210,95905,1341362800,RT,Love this! policies designed with expert input,4380
4380,56860,1341362860,RE,Love this! overreliance on automation,4381
103759,28976,1341362920,MT,Love this! mental health stigma still widespread,4382
4704,1961,1341362980,RT,Love this! deforestation continuing at alarming rates,4383
53801,31171,1341363040,RE,Love this! lack of oversight in crypto markets,4384
183404,15521,1341363100,MT,Love this! fitness programs being too expensive,4385
18893,14567,1341363160,RT,Love this! overhyped movies failing to deliver,4386
80068,408904,1341363220,RE,Love this! students facing barriers to quality education,4387
10638,43276,1341363280,MT,Love this! space missions delayed due to technical issues,4388
259237,138060,1341363340,RT,Love this! burnout despite lifestyle efforts,4389
3393,330,1341363400,RE,So glad to see this! policies designed with expert input,4390
13603,8077,1341363460,MT,So glad to see this! overreliance on automation,4391
68702,58744,1341363520,RT,So glad to see this! mental health stigma still widespread,4392
4704,249,1341363580,RE,So glad to see this! deforestation continuing at alarming rates,4393
128,54892,1341363640,MT,So glad to see this! lack of oversight in crypto markets,4394
26843,114982,1341363700,RT,So glad to see this! fitness programs being too expensive,4395
21007,265301,1341363760,RE,So glad to see this! overhyped movies failing to deliver,4396
147804,93990,1341363820,MT,So glad to see this! students facing barriers to quality education,4397
447409,53266,1341363880,RT,So glad to see this! space missions delayed due to technical issues,4398
352288,246856,1341363940,RE,So glad to see this! burnout despite lifestyle efforts,4399
16358,205,1341364000,MT,Brilliant work! policies designed with expert input,4400
89784,2060,1341364060,RT,Brilliant work! overreliance on automation,4401
42714,16514,1341364120,RE,Brilliant work! mental health stigma still widespread,4402
73077,440981,1341364180,MT,Brilliant work! deforestation continuing at alarming rates,4403
13137,70120,1341364240,RT,Brilliant work! lack of oversight in crypto markets,4404
237922,78917,1341364300,RE,Brilliant work! fitness programs being too expensive,4405
80926,12498,1341364360,MT,Brilliant work! overhyped movies failing to deliver,4406
192549,77656,1341364420,RT,Brilliant work! students facing barriers to quality education,4407
70271,10728,1341364480,RE,Brilliant work! space missions delayed due to technical issues,4408
70148,97191,1341364540,MT,Brilliant work! burnout despite lifestyle efforts,4409
9025,349,1341364600,RT,Hate this. policies designed with expert input,4410
105173,116924,1341364660,RE,Hate this. overreliance on automation,4411
52150,326,1341364720,MT,Hate this. mental health stigma still widespread,4412
8299,59324,1341364780,RT,Hate this. deforestation continuing at alarming rates,4413
2351,40253,1341364840,RE,Hate this. lack of oversight in crypto markets,4414
43518,182011,1341364900,MT,Hate this. fitness programs being too expensive,4415
240790,113088,1341364960,RT,Hate this. overhyped movies failing to deliver,4416
238634,249802,1341365020,RE,Hate this. students facing barriers to quality education,4417
90235,32098,1341365080,MT,Hate this. space missions delayed due to technical issues,4418
124257,57994,1341365140,RT,Hate this. burnout despite lifestyle efforts,4419
6948,19913,1341365200,RE,This is disappointing. policies designed with expert input,4420
80429,21949,1341365260,MT,This is disappointing. overreliance on automation,4421
16304,38224,1341365320,RT,This is disappointing. mental health stigma still widespread,4422
52204,7551,1341365380,RE,This is disappointing. deforestation continuing at alarming rates,4423
193543,129960,1341365440,MT,This is disappointing. lack of oversight in crypto markets,4424
3691,114224,1341365500,RT,This is disappointing. fitness programs being too expensive,4425
121505,196143,1341365560,RE,This is disappointing. overhyped movies failing to deliver,4426
77070,33150,1341365620,MT,This is disappointing. students facing barriers to quality education,4427
227122,6704,1341365680,RT,This is disappointing. space missions delayed due to technical issues,4428
34806,80254,1341365740,RE,This is disappointing. burnout despite lifestyle efforts,4429
7783,3994,1341365800,MT,Not a fan of this at all. policies designed with expert input,4430
30578,104474,1341365860,RT,Not a fan of this at all. overreliance on automation,4431
8398,119333,1341365920,RE,Not a fan of this at all. mental health stigma still widespread,4432
40612,36795,1341365980,MT,Not a fan of this at all. deforestation continuing at alarming rates,4433
71027,1101,1341366040,RT,Not a fan of this at all. lack of oversight in crypto markets,4434
196786,209539,1341366100,RE,Not a fan of this at all. fitness programs being too expensive,4435
8786,37759,1341366160,MT,Not a fan of this at all. overhyped movies failing to deliver,4436
7480,23812,1341366220,RT,Not a fan of this at all. students facing barriers to quality education,4437
71871,90235,1341366280,RE,Not a fan of this at all. space missions delayed due to technical issues,4438
77595,12375,1341366340,MT,Not a fan of this at all. burnout despite lifestyle efforts,4439
1134,57138,1341366400,RT,Love this! leaders admitting mistakes and correcting course,4440
57159,2813,1341366460,RE,Love this! AI models trained on biased data,4441
77058,14628,1341366520,MT,Love this! fitness programs being inaccessible to many,4442
80477,5006,1341366580,RT,Love this! carbon emissions still rising in many countries,4443
38040,15214,1341366640,RE,Love this! fraudulent schemes exploiting investors,4444
4602,20922,1341366700,MT,Love this! teams underperforming despite potential,4445
190207,212194,1341366760,RT,Love this! award shows ignoring deserving talent,4446
242934,45322,1341366820,RE,Love this! mentorship programs lacking resources,4447
132751,53842,1341366880,MT,Love this! research not being translated into action,4448
10645,246856,1341366940,RT,Love this! motivational advice feeling generic or ineffective,4449
42172,17527,1341367000,RE,So glad to see this! leaders admitting mistakes and correcting course,4450
137321,4535,1341367060,MT,So glad to see this! AI models trained on biased data,4451
8268,331789,1341367120,RT,So glad to see this! fitness programs being inaccessible to many,4452
8299,66279,1341367180,RE,So glad to see this! carbon emissions still rising in many countries,4453
462,39464,1341367240,MT,So glad to see this! fraudulent schemes exploiting investors,4454
336573,61527,1341367300,RT,So glad to see this! teams underperforming despite potential,4455
64789,16523,1341367360,RE,So glad to see this! award shows ignoring deserving talent,4456
394034,26687,1341367420,MT,So glad to see this! mentorship programs lacking resources,4457
96783,13660,1341367480,RT,So glad to see this! research not being translated into action,4458
161672,12159,1341367540,RE,So glad to see this! motivational advice feeling generic or ineffective,4459
26677,14572,1341367600,MT,Brilliant work! leaders admitting mistakes and correcting course,4460
113517,39959,1341367660,RT,Brilliant work! AI models trained on biased data,4461
161907,92608,1341367720,RE,Brilliant work! fitness programs being inaccessible to many,4462
7551,285443,1341367780,MT,Brilliant work! carbon emissions still rising in many countries,4463
275600,55126,1341367840,RT,Brilliant work! fraudulent schemes exploiting investors,4464
226183,43516,1341367900,RE,Brilliant work! teams underperforming despite potential,4465
6658,3277,1341367960,MT,Brilliant work! award shows ignoring deserving talent,4466
57269,61891,1341368020,RT,Brilliant work! mentorship programs lacking resources,4467
435809,13816,1341368080,RE,Brilliant work! research not being translated into action,4468
81265,103163,1341368140,MT,Brilliant work! motivational advice feeling generic or ineffective,4469
5716,62903,1341368200,RT,Hate this. leaders admitting mistakes and correcting course,4470
29225,90083,1341368260,RE,Hate this. AI models trained on biased data,4471
265704,13235,1341368320,MT,Hate this. fitness programs being inaccessible to many,4472
43554,34227,1341368380,RT,Hate this. carbon emissions still rising in many countries,4473
2157,10091,1341368440,RE,Hate this. fraudulent schemes exploiting investors,4474
148272,50265,1341368500,MT,Hate this. teams underperforming despite potential,4475
334930,12949,1341368560,RT,Hate this. award shows ignoring deserving talent,4476
117478,252361,1341368620,RE,Hate this. mentorship programs lacking resources,4477
53842,108925,1341368680,MT,Hate this. research not being translated into action,4478
33620,61530,1341368740,RT,Hate this. motivational advice feeling generic or ineffective,4479
8252,268,1341368800,RE,This is disappointing. leaders admitting mistakes and correcting course,4480
21979,12318,1341368860,MT,This is disappointing. AI models trained on biased data,4481
919,110370,1341368920,RT,This is disappointing. fitness programs being inaccessible to many,4482
1961,10685,1341368980,RE,This is disappointing. carbon emissions still rising in many countries,4483
148687,12122,1341369040,MT,This is disappointing. fraudulent schemes exploiting investors,4484
50945,21524,1341369100,RT,This is disappointing. teams underperforming despite potential,4485
70690,19650,1341369160,RE,This is disappointing. award shows ignoring deserving talent,4486
93184,36729,1341369220,MT,This is disappointing. mentorship programs lacking resources,4487
28250,48780,1341369280,RT,This is disappointing. research not being translated into action,4488
15310,62216,1341369340,RE,This is disappointing. motivational advice feeling generic or ineffective,4489
62542,13799,1341369400,MT,Not a fan of this at all. leaders admitting mistakes and correcting course,4490
22779,38790,1341369460,RT,Not a fan of this at all. AI models trained on biased data,4491
73505,18700,1341369520,RE,Not a fan of this at all. fitness programs being inaccessible to many,4492
74039,8282,1341369580,MT,Not a fan of this at all. carbon emissions still rising in many countries,4493
94713,75780,1341369640,RT,Not a fan of this at all. fraudulent schemes exploiting investors,4494
25284,1828,1341369700,RE,Not a fan of this at all. teams underperforming despite potential,4495
6596,7215,1341369760,MT,Not a fan of this at all. award shows ignoring deserving talent,4496
128915,8460,1341369820,RT,Not a fan of this at all. mentorship programs lacking resources,4497
18451,150170,1341369880,RE,Not a fan of this at all. research not being translated into action,4498
71545,361415,1341369940,MT,Not a fan of this at all. motivational advice feeling generic or ineffective,4499
335,4336,1341370000,RT,Love this! bipartisan cooperation on critical issues,4500
45884,47666,1341370060,RE,Love this! tech companies prioritizing speed over safety,4501
104774,11095,1341370120,MT,Love this! nutritional guidance being ignored,4502
59985,52200,1341370180,RT,Love this! pollution affecting vulnerable communities,4503
1431,596,1341370240,RE,Love this! extreme market volatility causing panic,4504
224711,40796,1341370300,MT,Love this! lack of access to sports facilities,4505
34800,11342,1341370360,RT,Love this! poor treatment of artists behind the scenes,4506
306742,264996,1341370420,RE,Love this! career development opportunities limited,4507
16099,67998,1341370480,MT,Love this! inequality in access to scientific education,4508
166216,6435,1341370540,RT,Love this! healthy habits being hard to maintain,4509
81181,7540,1341370600,RE,So glad to see this! bipartisan cooperation on critical issues,4510
11346,4910,1341370660,MT,So glad to see this! tech companies prioritizing speed over safety,4511
54291,11118,1341370720,RT,So glad to see this! nutritional guidance being ignored,4512
42170,40254,1341370780,RE,So glad to see this! pollution affecting vulnerable communities,4513
79423,39566,1341370840,MT,So glad to see this! extreme market volatility causing panic,4514
109134,139286,1341370900,RT,So glad to see this! lack of access to sports facilities,4515
93337,128853,1341370960,RE,So glad to see this! poor treatment of artists behind the scenes,4516
865,50286,1341371020,MT,So glad to see this! career development opportunities limited,4517
184353,196855,1341371080,RT,So glad to see this! inequality in access to scientific education,4518
17312,148719,1341371140,RE,So glad to see this! healthy habits being hard to maintain,4519
1858,11921,1341371200,MT,Brilliant work! bipartisan cooperation on critical issues,4520
385,2266,1341371260,RT,Brilliant work! tech companies prioritizing speed over safety,4521
118304,35365,1341371320,RE,Brilliant work! nutritional guidance being ignored,4522
47821,49592,1341371380,MT,Brilliant work! pollution affecting vulnerable communities,4523
41240,24224,1341371440,RT,Brilliant work! extreme market volatility causing panic,4524
303205,231574,1341371500,RE,Brilliant work! lack of access to sports facilities,4525
150890,157722,1341371560,MT,Brilliant work! poor treatment of artists behind the scenes,4526
23410,64993,1341371620,RT,Brilliant work! career development opportunities limited,4527
310048,47783,1341371680,RE,Brilliant work! inequality in access to scientific education,4528
200195,125337,1341371740,MT,Brilliant work! healthy habits being hard to maintain,4529
979,6644,1341371800,RT,Hate this. bipartisan cooperation on critical issues,4530
1997,95921,1341371860,RE,Hate this. tech companies prioritizing speed over safety,4531
47759,50266,1341371920,MT,Hate this. nutritional guidance being ignored,4532
85083,299898,1341371980,RT,Hate this. pollution affecting vulnerable communities,4533
177652,69597,1341372040,RE,Hate this. extreme market volatility causing panic,4534
62107,75640,1341372100,MT,Hate this. lack of access to sports facilities,4535
3453,17531,1341372160,RT,Hate this. poor treatment of artists behind the scenes,4536
23410,97338,1341372220,RE,Hate this. career development opportunities limited,4537
48780,102320,1341372280,MT,Hate this. inequality in access to scientific education,4538
368955,98212,1341372340,RT,Hate this. healthy habits being hard to maintain,4539
14376,2055,1341372400,RE,This is disappointing. bipartisan cooperation on critical issues,4540
75830,16695,1341372460,MT,This is disappointing. tech companies prioritizing speed over safety,4541
91500,149327,1341372520,RT,This is disappointing. nutritional guidance being ignored,4542
38695,9974,1341372580,RE,This is disappointing. pollution affecting vulnerable communities,4543
177272,260698,1341372640,MT,This is disappointing. extreme market volatility causing panic,4544
77548,29315,1341372700,RT,This is disappointing. lack of access to sports facilities,4545
38237,32508,1341372760,RE,This is disappointing. poor treatment of artists behind the scenes,4546
17129,376537,1341372820,MT,This is disappointing. career development opportunities limited,4547
90495,35080,1341372880,RT,This is disappointing. inequality in access to scientific education,4548
6023,477,1341372940,RE,This is disappointing. healthy habits being hard to maintain,4549
40279,981,1341373000,MT,Not a fan of this at all. bipartisan cooperation on critical issues,4550
27311,30222,1341373060,RT,Not a fan of this at all. tech companies prioritizing speed over safety,4551
12648,37443,1341373120,RE,Not a fan of this at all. nutritional guidance being ignored,4552
12686,48920,1341373180,MT,Not a fan of this at all. pollution affecting vulnerable communities,4553
48070,73973,1341373240,RT,Not a fan of this at all. extreme market volatility causing panic,4554
11444,81105,1341373300,RE,Not a fan of this at all. lack of access to sports facilities,4555
19258,114159,1341373360,MT,Not a fan of this at all. poor treatment of artists behind the scenes,4556
35772,39410,1341373420,RT,Not a fan of this at all. career development opportunities limited,4557
4635,189345,1341373480,RE,Not a fan of this at all. inequality in access to scientific education,4558
102377,258985,1341373540,MT,Not a fan of this at all. healthy habits being hard to maintain,4559
205,85042,1341373600,RT,Love this! measures that strengthen social safety nets,4560
43597,61753,1341373660,RE,Love this! lack of accountability in AI failures,4561
19009,11095,1341373720,MT,Love this! misinformation spreading about health topics,4562
28493,14570,1341373780,RT,Love this! environmental laws being ignored,4563
249845,88392,1341373840,RE,Love this! financial inequalities remaining high,4564
3752,25339,1341373900,MT,Love this! poor safety measures in training,4565
76048,126231,1341373960,RT,Love this! films with weak storylines or messages,4566
94553,39636,1341374020,RE,Love this! outdated curriculum affecting learning,4567
190966,9910,1341374080,MT,Love this! critical studies being ignored,4568
167070,62673,1341374140,RT,Love this! personal growth programs underdelivering,4569
33383,35366,1341374200,RE,So glad to see this! measures that strengthen social safety nets,4570
26538,143,1341374260,MT,So glad to see this! lack of accountability in AI failures,4571
111105,93314,1341374320,RT,So glad to see this! misinformation spreading about health topics,4572
111624,41179,1341374380,RE,So glad to see this! environmental laws being ignored,4573
40261,42208,1341374440,MT,So glad to see this! financial inequalities remaining high,4574
169754,14589,1341374500,RT,So glad to see this! poor safety measures in training,4575
127964,1941,1341374560,RE,So glad to see this! films with weak storylines or messages,4576
45843,408904,1341374620,MT,So glad to see this! outdated curriculum affecting learning,4577
11337,66791,1341374680,RT,So glad to see this! critical studies being ignored,4578
36252,51816,1341374740,RE,So glad to see this! personal growth programs underdelivering,4579
8603,14615,1341374800,MT,Brilliant work! measures that strengthen social safety nets,4580
42180,288958,1341374860,RT,Brilliant work! lack of accountability in AI failures,4581
18012,34282,1341374920,RE,Brilliant work! misinformation spreading about health topics,4582
78063,128382,1341374980,MT,Brilliant work! environmental laws being ignored,4583
44019,7825,1341375040,RT,Brilliant work! financial inequalities remaining high,4584
15799,42902,1341375100,RE,Brilliant work! poor safety measures in training,4585
17564,367035,1341375160,MT,Brilliant work! films with weak storylines or messages,4586
13275,359115,1341375220,RT,Brilliant work! outdated curriculum affecting learning,4587
189670,191790,1341375280,RE,Brilliant work! critical studies being ignored,4588
4493,204522,1341375340,MT,Brilliant work! personal growth programs underdelivering,4589
19153,236,1341375400,RT,Hate this. measures that strengthen social safety nets,4590
2188,5206,1341375460,RE,Hate this. lack of accountability in AI failures,4591
69883,22823,1341375520,MT,Hate this. misinformation spreading about health topics,4592
174608,48271,1341375580,RT,Hate this. environmental laws being ignored,4593
4344,182158,1341375640,RE,Hate this. financial inequalities remaining high,4594
62072,157176,1341375700,MT,Hate this. poor safety measures in training,4595
3292,212194,1341375760,RT,Hate this. films with weak storylines or messages,4596
58737,30598,1341375820,RE,Hate this. outdated curriculum affecting learning,4597
6692,10257,1341375880,MT,Hate this. critical studies being ignored,4598
126298,159807,1341375940,RT,Hate this. personal growth programs underdelivering,4599
3808,765,1341376000,RE,This is disappointing. measures that strengthen social safety nets,4600
104474,63,1341376060,MT,This is disappointing. lack of accountability in AI failures,4601
74030,21996,1341376120,RT,This is disappointing. misinformation spreading about health topics,4602
92688,17989,1341376180,RE,This is disappointing. environmental laws being ignored,4603
25089,62110,1341376240,MT,This is disappointing. financial inequalities remaining high,4604
400577,13609,1341376300,RT,This is disappointing. poor safety measures in training,4605
49342,10815,1341376360,RE,This is disappointing. films with weak storylines or messages,4606
262697,14755,1341376420,MT,This is disappointing. outdated curriculum affecting learning,4607
67299,24932,1341376480,RT,This is disappointing. critical studies being ignored,4608
130555,70550,1341376540,RE,This is disappointing. personal growth programs underdelivering,4609
39420,30799,1341376600,MT,Not a fan of this at all. measures that strengthen social safety nets,4610
26538,36417,1341376660,RT,Not a fan of this at all. lack of accountability in AI failures,4611
23769,27071,1341376720,RE,Not a fan of this at all. misinformation spreading about health topics,4612
16211,7551,1341376780,MT,Not a fan of this at all. environmental laws being ignored,4613
48977,3290,1341376840,RT,Not a fan of this at all. financial inequalities remaining high,4614
62107,16546,1341376900,RE,Not a fan of this at all. poor safety measures in training,4615
29477,22053,1341376960,MT,Not a fan of this at all. films with weak storylines or messages,4616
3984,252174,1341377020,RT,Not a fan of this at all. outdated curriculum affecting learning,4617
174346,78133,1341377080,RE,Not a fan of this at all. critical studies being ignored,4618
36230,124257,1341377140,MT,Not a fan of this at all. personal growth programs underdelivering,4619
2671,2870,1341377200,RT,Love this! citizen voices influencing policy outcomes,4620
104474,47470,1341377260,RE,Love this! surveillance technologies expanding unchecked,4621
27864,105315,1341377320,MT,Love this! healthcare inequalities persisting,4622
3816,57739,1341377380,RT,Love this! ineffective recycling systems,4623
95881,26334,1341377440,RE,Love this! scams targeting inexperienced traders,4624
26004,33070,1341377500,MT,Love this! coaching programs being inconsistent,4625
10815,61890,1341377560,RT,Love this! celebrity scandals overshadowing achievements,4626
360,26655,1341377620,RE,Love this! teachers overwhelmed by class sizes,4627
36521,167245,1341377680,MT,Love this! scientists facing obstacles in publishing work,4628
36230,21832,1341377740,RT,Love this! wellness trends being overhyped,4629
396,2179,1341377800,RE,So glad to see this! citizen voices influencing policy outcomes,4630
885,5281,1341377860,MT,So glad to see this! surveillance technologies expanding unchecked,4631
7514,53285,1341377920,RT,So glad to see this! healthcare inequalities persisting,4632
11711,41733,1341377980,RE,So glad to see this! ineffective recycling systems,4633
9352,33642,1341378040,MT,So glad to see this! scams targeting inexperienced traders,4634
59266,390,1341378100,RT,So glad to see this! coaching programs being inconsistent,4635
338389,80748,1341378160,RE,So glad to see this! celebrity scandals overshadowing achievements,4636
3300,99029,1341378220,MT,So glad to see this! teachers overwhelmed by class sizes,4637
69475,17640,1341378280,RT,So glad to see this! scientists facing obstacles in publishing work,4638
14609,358538,1341378340,RE,So glad to see this! wellness trends being overhyped,4639
45605,67774,1341378400,MT,Brilliant work! citizen voices influencing policy outcomes,4640
2898,235473,1341378460,RT,Brilliant work! surveillance technologies expanding unchecked,4641
49610,67792,1341378520,RE,Brilliant work! healthcare inequalities persisting,4642
42894,29230,1341378580,MT,Brilliant work! ineffective recycling systems,4643
45082,10232,1341378640,RT,Brilliant work! scams targeting inexperienced traders,4644
40214,187844,1341378700,RE,Brilliant work! coaching programs being inconsistent,4645
261259,71591,1341378760,MT,Brilliant work! celebrity scandals overshadowing achievements,4646
7216,68474,1341378820,RT,Brilliant work! teachers overwhelmed by class sizes,4647
484,187200,1341378880,RE,Brilliant work! scientists facing obstacles in publishing work,4648
94373,67132,1341378940,MT,Brilliant work! wellness trends being overhyped,4649
263505,31510,1341379000,RT,Hate this. citizen voices influencing policy outcomes,4650
28462,21872,1341379060,RE,Hate this. surveillance technologies expanding unchecked,4651
386123,278811,1341379120,MT,Hate this. healthcare inequalities persisting,4652
92500,1277,1341379180,RT,Hate this. ineffective recycling systems,4653
20533,171153,1341379240,RE,Hate this. scams targeting inexperienced traders,4654
53652,15493,1341379300,MT,Hate this. coaching programs being inconsistent,4655
184606,490,1341379360,RT,Hate this. celebrity scandals overshadowing achievements,4656
28273,20263,1341379420,RE,Hate this. teachers overwhelmed by class sizes,4657
8512,80006,1341379480,MT,Hate this. scientists facing obstacles in publishing work,4658
80087,23946,1341379540,RT,Hate this. wellness trends being overhyped,4659
6948,37341,1341379600,RE,This is disappointing. citizen voices influencing policy outcomes,4660
282758,131851,1341379660,MT,This is disappointing. surveillance technologies expanding unchecked,4661
42714,51729,1341379720,RT,This is disappointing. healthcare inequalities persisting,4662
15801,12483,1341379780,RE,This is disappointing. ineffective recycling systems,4663
25091,27800,1341379840,MT,This is disappointing. scams targeting inexperienced traders,4664
65,31926,1341379900,RT,This is disappointing. coaching programs being inconsistent,4665
28950,3924,1341379960,RE,This is disappointing. celebrity scandals overshadowing achievements,4666
151207,81190,1341380020,MT,This is disappointing. teachers overwhelmed by class sizes,4667
71394,209683,1341380080,RT,This is disappointing. scientists facing obstacles in publishing work,4668
253928,285185,1341380140,RE,This is disappointing. wellness trends being overhyped,4669
1343,4895,1341380200,MT,Not a fan of this at all. citizen voices influencing policy outcomes,4670
96022,12818,1341380260,RT,Not a fan of this at all. surveillance technologies expanding unchecked,4671
20919,49685,1341380320,RE,Not a fan of this at all. healthcare inequalities persisting,4672
7,372414,1341380380,MT,Not a fan of this at all. ineffective recycling systems,4673
13074,10005,1341380440,RT,Not a fan of this at all. scams targeting inexperienced traders,4674
322484,12891,1341380500,RE,Not a fan of this at all. coaching programs being inconsistent,4675
41425,7998,1341380560,MT,Not a fan of this at all. celebrity scandals overshadowing achievements,4676
149163,101872,1341380620,RT,Not a fan of this at all. teachers overwhelmed by class sizes,4677
86397,86845,1341380680,RE,Not a fan of this at all. scientists facing obstacles in publishing work,4678
17655,40266,1341380740,MT,Not a fan of this at all. wellness trends being overhyped,4679
16358,1274,1341380800,RT,Love this! decisions being made without public consultation,4680
14725,113517,1341380860,RE,Love this! AI being used without user consent,4681
90578,47759,1341380920,MT,Love this! overworked medical staff facing burnout,4682
22236,8745,1341380980,RT,Love this! wildlife habitats being destroyed,4683
182158,52413,1341381040,RE,Love this! cryptocurrency hype outpacing regulation,4684
66669,32502,1341381100,MT,Love this! athlete burnout due to overtraining,4685
71783,147968,1341381160,RT,Love this! performances falling short of expectations,4686
37271,88355,1341381220,RE,Love this! inequality in access to educational resources,4687
38234,815,1341381280,MT,Love this! underfunded environmental research,4688
497,244219,1341381340,RT,Love this! time management tools being confusing,4689
35375,27705,1341381400,RE,So glad to see this! decisions being made without public consultation,4690
90442,54217,1341381460,MT,So glad to see this! AI being used without user consent,4691
57541,1999,1341381520,RT,So glad to see this! overworked medical staff facing burnout,4692
52905,5590,1341381580,RE,So glad to see this! wildlife habitats being destroyed,4693
24599,7442,1341381640,MT,So glad to see this! cryptocurrency hype outpacing regulation,4694
20373,390,1341381700,RT,So glad to see this! athlete burnout due to overtraining,4695
20,24197,1341381760,RE,So glad to see this! performances falling short of expectations,4696
242934,28452,1341381820,MT,So glad to see this! inequality in access to educational resources,4697
42831,51168,1341381880,RT,So glad to see this! underfunded environmental research,4698
43210,77595,1341381940,RE,So glad to see this! time management tools being confusing,4699
10179,383,1341382000,MT,Brilliant work! decisions being made without public consultation,4700
34306,11854,1341382060,RT,Brilliant work! AI being used without user consent,4701
16304,22450,1341382120,RE,Brilliant work! overworked medical staff facing burnout,4702
38445,59654,1341382180,MT,Brilliant work! wildlife habitats being destroyed,4703
349771,596,1341382240,RT,Brilliant work! cryptocurrency hype outpacing regulation,4704
5,201103,1341382300,RE,Brilliant work! athlete burnout due to overtraining,4705
190358,3372,1341382360,MT,Brilliant work! performances falling short of expectations,4706
4350,59977,1341382420,RT,Brilliant work! inequality in access to educational resources,4707
210094,123417,1341382480,RE,Brilliant work! underfunded environmental research,4708
69868,409056,1341382540,MT,Brilliant work! time management tools being confusing,4709
37341,35352,1341382600,RT,Hate this. decisions being made without public consultation,4710
19843,20244,1341382660,RE,Hate this. AI being used without user consent,4711
116808,241617,1341382720,MT,Hate this. overworked medical staff facing burnout,4712
2178,4123,1341382780,RT,Hate this. wildlife habitats being destroyed,4713
57738,20730,1341382840,RE,Hate this. cryptocurrency hype outpacing regulation,4714
37510,14551,1341382900,MT,Hate this. athlete burnout due to overtraining,4715
65282,106375,1341382960,RT,Hate this. performances falling short of expectations,4716
73556,6013,1341383020,RE,Hate this. inequality in access to educational resources,4717
21782,36521,1341383080,MT,Hate this. underfunded environmental research,4718
94918,22926,1341383140,RT,Hate this. time management tools being confusing,4719
26195,35366,1341383200,RE,This is disappointing. decisions being made without public consultation,4720
30324,231650,1341383260,MT,This is disappointing. AI being used without user consent,4721
15458,2697,1341383320,RT,This is disappointing. overworked medical staff facing burnout,4722
137587,28493,1341383380,RE,This is disappointing. wildlife habitats being destroyed,4723
129929,95986,1341383440,MT,This is disappointing. cryptocurrency hype outpacing regulation,4724
43853,50273,1341383500,RT,This is disappointing. athlete burnout due to overtraining,4725
7214,17564,1341383560,RE,This is disappointing. performances falling short of expectations,4726
377965,118729,1341383620,MT,This is disappointing. inequality in access to educational resources,4727
14877,305,1341383680,RT,This is disappointing. underfunded environmental research,4728
135875,418109,1341383740,RE,This is disappointing. time management tools being confusing,4729
4526,8252,1341383800,MT,Not a fan of this at all. decisions being made without public consultation,4730
4570,8073,1341383860,RT,Not a fan of this at all. AI being used without user consent,4731
48652,15691,1341383920,RE,Not a fan of this at all. overworked medical staff facing burnout,4732
4375,80247,1341383980,MT,Not a fan of this at all. wildlife habitats being destroyed,4733
16502,2351,1341384040,RT,Not a fan of this at all. cryptocurrency hype outpacing regulation,4734
400577,8602,1341384100,RE,Not a fan of this at all. athlete burnout due to overtraining,4735
19947,65210,1341384160,MT,Not a fan of this at all. performances falling short of expectations,4736
176522,21062,1341384220,RT,Not a fan of this at all. inequality in access to educational resources,4737
176110,263930,1341384280,RE,Not a fan of this at all. underfunded environmental research,4738
76667,77245,1341384340,MT,Not a fan of this at all. time management tools being confusing,4739
35216,14557,1341384400,RT,Love this! policies that benefit a small elite,4740
2824,324955,1341384460,RE,Love this! technology increasing social isolation,4741
95510,8756,1341384520,MT,Love this! wellness apps failing to protect privacy,4742
32445,204654,1341384580,RT,Love this! lack of investment in clean energy,4743
42510,38448,1341384640,RE,Love this! investor protections being ignored,4744
61130,87681,1341384700,MT,Love this! youth programs lacking funding,4745
58411,24082,1341384760,RT,Love this! overexposure of certain celebrities,4746
15489,29378,1341384820,RE,Love this! workplace training being inconsistent,4747
6692,20905,1341384880,MT,Love this! failed experiments causing setbacks,4748
25180,23946,1341384940,RT,Love this! lack of access to coaching or mentorship,4749
2347,14075,1341385000,RE,So glad to see this! policies that benefit a small elite,4750
8903,39523,1341385060,MT,So glad to see this! technology increasing social isolation,4751
25784,5380,1341385120,RT,So glad to see this! wellness apps failing to protect privacy,4752
58742,21695,1341385180,RE,So glad to see this! lack of investment in clean energy,4753
32526,74604,1341385240,MT,So glad to see this! investor protections being ignored,4754
304715,1002,1341385300,RT,So glad to see this! youth programs lacking funding,4755
2681,74421,1341385360,RE,So glad to see this! overexposure of certain celebrities,4756
3984,66910,1341385420,MT,So glad to see this! workplace training being inconsistent,4757
363,312038,1341385480,RT,So glad to see this! failed experiments causing setbacks,4758
338829,42909,1341385540,RE,So glad to see this! lack of access to coaching or mentorship,4759
7569,5137,1341385600,MT,Brilliant work! policies that benefit a small elite,4760
81422,95913,1341385660,RT,Brilliant work! technology increasing social isolation,4761
7568,44133,1341385720,RE,Brilliant work! wellness apps failing to protect privacy,4762
12686,461,1341385780,MT,Brilliant work! lack of investment in clean energy,4763
92153,28557,1341385840,RT,Brilliant work! investor protections being ignored,4764
71277,238524,1341385900,RE,Brilliant work! youth programs lacking funding,4765
22053,104320,1341385960,MT,Brilliant work! overexposure of certain celebrities,4766
7480,241984,1341386020,RT,Brilliant work! workplace training being inconsistent,4767
18570,48780,1341386080,RE,Brilliant work! failed experiments causing setbacks,4768
21397,2084,1341386140,MT,Brilliant work! lack of access to coaching or mentorship,4769
6971,68278,1341386200,RT,Hate this. policies that benefit a small elite,4770
14571,13506,1341386260,RE,Hate this. technology increasing social isolation,4771
31288,106209,1341386320,MT,Hate this. wellness apps failing to protect privacy,4772
22816,34460,1341386380,RT,Hate this. lack of investment in clean energy,4773
32438,16441,1341386440,RE,Hate this. investor protections being ignored,4774
66897,20287,1341386500,MT,Hate this. youth programs lacking funding,4775
30185,5375,1341386560,RT,Hate this. overexposure of certain celebrities,4776
406640,20139,1341386620,RE,Hate this. workplace training being inconsistent,4777
133011,198177,1341386680,MT,Hate this. failed experiments causing setbacks,4778
91016,15873,1341386740,RT,Hate this. lack of access to coaching or mentorship,4779
6929,88572,1341386800,RE,This is disappointing. policies that benefit a small elite,4780
6703,7898,1341386860,MT,This is disappointing. technology increasing social isolation,4781
51181,10647,1341386920,RT,This is disappointing. wellness apps failing to protect privacy,4782
7551,24757,1341386980,RE,This is disappointing. lack of investment in clean energy,4783
109872,16502,1341387040,MT,This is disappointing. investor protections being ignored,4784
25248,85735,1341387100,RT,This is disappointing. youth programs lacking funding,4785
37231,57754,1341387160,RE,This is disappointing. overexposure of certain celebrities,4786
377965,69238,1341387220,MT,This is disappointing. workplace training being inconsistent,4787
50200,98439,1341387280,RT,This is disappointing. failed experiments causing setbacks,4788
80254,345629,1341387340,RE,This is disappointing. lack of access to coaching or mentorship,4789
9021,14454,1341387400,MT,Not a fan of this at all. policies that benefit a small elite,4790
236994,68206,1341387460,RT,Not a fan of this at all. technology increasing social isolation,4791
75448,253,1341387520,RE,Not a fan of this at all. wellness apps failing to protect privacy,4792
29230,65634,1341387580,MT,Not a fan of this at all. lack of investment in clean energy,4793
37009,349449,1341387640,RT,Not a fan of this at all. investor protections being ignored,4794
27982,260304,1341387700,RE,Not a fan of this at all. youth programs lacking funding,4795
65007,27748,1341387760,MT,Not a fan of this at all. overexposure of certain celebrities,4796
406640,73476,1341387820,RT,Not a fan of this at all. workplace training being inconsistent,4797
301250,3976,1341387880,RE,Not a fan of this at all. failed experiments causing setbacks,4798
276033,444973,1341387940,MT,Not a fan of this at all. lack of access to coaching or mentorship,4799
2164,553,1341388000,RT,Love this! lack of accountability for misconduct,4800
38226,16695,1341388060,RE,Love this! algorithms reinforcing inequality,4801
127479,103862,1341388120,MT,Love this! chronic conditions being underfunded,4802
18506,128382,1341388180,RT,Love this! greenwashing by large corporations,4803
252993,31624,1341388240,RE,Love this! high-risk investments marketed irresponsibly,4804
35421,28261,1341388300,MT,Love this! sports policies failing to protect players,4805
27185,29100,1341388360,RT,Love this! entertainment news focusing on negativity,4806
3166,201107,1341388420,RE,Love this! students dropping out due to lack of support,4807
55401,13700,1341388480,MT,Love this! space exploration projects canceled,4808
298974,6435,1341388540,RT,Love this! fitness routines being too demanding,4809
37502,13821,1341388600,RE,So glad to see this! lack of accountability for misconduct,4810
5123,43597,1341388660,MT,So glad to see this! algorithms reinforcing inequality,4811
6585,31288,1341388720,RT,So glad to see this! chronic conditions being underfunded,4812
87373,75797,1341388780,RE,So glad to see this! greenwashing by large corporations,4813
13516,6645,1341388840,MT,So glad to see this! high-risk investments marketed irresponsibly,4814
10093,38817,1341388900,RT,So glad to see this! sports policies failing to protect players,4815
19844,353362,1341388960,RE,So glad to see this! entertainment news focusing on negativity,4816
97881,59332,1341389020,MT,So glad to see this! students dropping out due to lack of support,4817
57648,22804,1341389080,RT,So glad to see this! space exploration projects canceled,4818
57994,261489,1341389140,RE,So glad to see this! fitness routines being too demanding,4819
35352,6958,1341389200,MT,Brilliant work! lack of accountability for misconduct,4820
19343,9682,1341389260,RT,Brilliant work! algorithms reinforcing inequality,4821
8303,12899,1341389320,RE,Brilliant work! chronic conditions being underfunded,4822
157724,29230,1341389380,MT,Brilliant work! greenwashing by large corporations,4823
3146,144933,1341389440,RT,Brilliant work! high-risk investments marketed irresponsibly,4824
9191,114273,1341389500,RE,Brilliant work! sports policies failing to protect players,4825
124340,42984,1341389560,MT,Brilliant work! entertainment news focusing on negativity,4826
90107,92116,1341389620,RT,Brilliant work! students dropping out due to lack of support,4827
52669,18451,1341389680,RE,Brilliant work! space exploration projects canceled,4828
879,300860,1341389740,MT,Brilliant work! fitness routines being too demanding,4829
4368,6969,1341389800,RT,Hate this. lack of accountability for misconduct,4830
68446,7566,1341389860,RE,Hate this. algorithms reinforcing inequality,4831
3164,214092,1341389920,MT,Hate this. chronic conditions being underfunded,4832
7414,52204,1341389980,RT,Hate this. greenwashing by large corporations,4833
22997,11007,1341390040,RE,Hate this. high-risk investments marketed irresponsibly,4834
27875,195807,1341390100,MT,Hate this. sports policies failing to protect players,4835
2681,14146,1341390160,RT,Hate this. entertainment news focusing on negativity,4836
28115,329401,1341390220,RE,Hate this. students dropping out due to lack of support,4837
64999,13638,1341390280,MT,Hate this. space exploration projects canceled,4838
101783,232,1341390340,RT,Hate this. fitness routines being too demanding,4839
20522,28476,1341390400,RE,This is disappointing. lack of accountability for misconduct,4840
21979,282758,1341390460,MT,This is disappointing. algorithms reinforcing inequality,4841
5112,60512,1341390520,RT,This is disappointing. chronic conditions being underfunded,4842
98762,52920,1341390580,RE,This is disappointing. greenwashing by large corporations,4843
7442,31508,1341390640,MT,This is disappointing. high-risk investments marketed irresponsibly,4844
141637,140190,1341390700,RT,This is disappointing. sports policies failing to protect players,4845
30185,150890,1341390760,RE,This is disappointing. entertainment news focusing on negativity,4846
52490,14825,1341390820,MT,This is disappointing. students dropping out due to lack of support,4847
359339,53842,1341390880,RT,This is disappointing. space exploration projects canceled,4848
34284,8895,1341390940,RE,This is disappointing. fitness routines being too demanding,4849
689,322,1341391000,MT,Not a fan of this at all. lack of accountability for misconduct,4850
36989,89807,1341391060,RT,Not a fan of this at all. algorithms reinforcing inequality,4851
28962,11135,1341391120,RE,Not a fan of this at all. chronic conditions being underfunded,4852
14731,113315,1341391180,MT,Not a fan of this at all. greenwashing by large corporations,4853
53504,53801,1341391240,RT,Not a fan of this at all. high-risk investments marketed irresponsibly,4854
146284,42902,1341391300,RE,Not a fan of this at all. sports policies failing to protect players,4855
8396,20,1341391360,MT,Not a fan of this at all. entertainment news focusing on negativity,4856
165066,62439,1341391420,RT,Not a fan of this at all. students dropping out due to lack of support,4857
4328,223125,1341391480,RE,Not a fan of this at all. space exploration projects canceled,4858
298974,70066,1341391540,MT,Not a fan of this at all. fitness routines being too demanding,4859
191752,51742,1341391600,RT,Love this! important reforms being endlessly delayed,4860
7956,523,1341391660,RE,Love this! poor communication about AI limitations,4861
44133,11095,1341391720,MT,Love this! lack of support for mental wellness,4862
53930,23940,1341391780,RT,Love this! poor enforcement of environmental regulations,4863
24227,269816,1341391840,RE,Love this! banks failing to support small businesses,4864
189839,102591,1341391900,MT,Love this! health risks ignored in competitions,4865
2594,43168,1341391960,RT,Love this! talent being overlooked in award decisions,4866
36729,282515,1341392020,RE,Love this! professional guidance not reaching everyone,4867
178192,132751,1341392080,MT,Love this! innovation slowed by bureaucracy,4868
118527,50233,1341392140,RT,Love this! goal-setting advice feeling unrealistic,4869
22990,5193,1341392200,RE,So glad to see this! important reforms being endlessly delayed,4870
1542,2180,1341392260,MT,So glad to see this! poor communication about AI limitations,4871
17057,51749,1341392320,RT,So glad to see this! lack of support for mental wellness,4872
21695,83957,1341392380,RE,So glad to see this! poor enforcement of environmental regulations,4873
287085,57766,1341392440,MT,So glad to see this! banks failing to support small businesses,4874
21288,341871,1341392500,RT,So glad to see this! health risks ignored in competitions,4875
265301,143550,1341392560,RE,So glad to see this! talent being overlooked in award decisions,4876
57319,48532,1341392620,MT,So glad to see this! professional guidance not reaching everyone,4877
26694,91843,1341392680,RT,So glad to see this! innovation slowed by bureaucracy,4878
381497,32796,1341392740,RE,So glad to see this! goal-setting advice feeling unrealistic,4879
14549,182906,1341392800,MT,Brilliant work! important reforms being endlessly delayed,4880
15998,10964,1341392860,RT,Brilliant work! poor communication about AI limitations,4881
230115,9003,1341392920,RE,Brilliant work! lack of support for mental wellness,4882
44969,14570,1341392980,MT,Brilliant work! poor enforcement of environmental regulations,4883
227353,209641,1341393040,RT,Brilliant work! banks failing to support small businesses,4884
14662,61130,1341393100,RE,Brilliant work! health risks ignored in competitions,4885
36415,97805,1341393160,MT,Brilliant work! talent being overlooked in award decisions,4886
19887,54856,1341393220,RT,Brilliant work! professional guidance not reaching everyone,4887
69567,815,1341393280,RE,Brilliant work! innovation slowed by bureaucracy,4888
10365,106558,1341393340,MT,Brilliant work! goal-setting advice feeling unrealistic,4889
36436,335,1341393400,RT,Hate this. important reforms being endlessly delayed,4890
28458,8903,1341393460,RE,Hate this. poor communication about AI limitations,4891
16970,51715,1341393520,MT,Hate this. lack of support for mental wellness,4892
6150,11711,1341393580,RT,Hate this. poor enforcement of environmental regulations,4893
4740,318856,1341393640,RE,Hate this. banks failing to support small businesses,4894
5602,49408,1341393700,MT,Hate this. health risks ignored in competitions,4895
31137,142345,1341393760,RT,Hate this. talent being overlooked in award decisions,4896
247265,4350,1341393820,RE,Hate this. professional guidance not reaching everyone,4897
15466,14890,1341393880,MT,Hate this. innovation slowed by bureaucracy,4898
418109,12375,1341393940,RT,Hate this. goal-setting advice feeling unrealistic,4899
752,16358,1341394000,RE,This is disappointing. important reforms being endlessly delayed,4900
26550,5071,1341394060,MT,This is disappointing. poor communication about AI limitations,4901
73485,106789,1341394120,RT,This is disappointing. lack of support for mental wellness,4902
130816,286570,1341394180,RE,This is disappointing. poor enforcement of environmental regulations,4903
8593,9941,1341394240,MT,This is disappointing. banks failing to support small businesses,4904
28854,22955,1341394300,RT,This is disappointing. health risks ignored in competitions,4905
43440,21705,1341394360,RE,This is disappointing. talent being overlooked in award decisions,4906
122030,38277,1341394420,MT,This is disappointing. professional guidance not reaching everyone,4907
109972,263930,1341394480,RT,This is disappointing. innovation slowed by bureaucracy,4908
70518,280909,1341394540,RE,This is disappointing. goal-setting advice feeling unrealistic,4909
115382,13813,1341394600,MT,Not a fan of this at all. important reforms being endlessly delayed,4910
2373,12265,1341394660,RT,Not a fan of this at all. poor communication about AI limitations,4911
6695,7717,1341394720,RE,Not a fan of this at all. lack of support for mental wellness,4912
1959,2676,1341394780,MT,Not a fan of this at all. poor enforcement of environmental regulations,4913
22634,7951,1341394840,RT,Not a fan of this at all. banks failing to support small businesses,4914
13609,63143,1341394900,RE,Not a fan of this at all. health risks ignored in competitions,4915
74783,6406,1341394960,MT,Not a fan of this at all. talent being overlooked in award decisions,4916
86368,9991,1341395020,RT,Not a fan of this at all. professional guidance not reaching everyone,4917
66320,2908,1341395080,RE,Not a fan of this at all. innovation slowed by bureaucracy,4918
22805,48702,1341395140,MT,Not a fan of this at all. goal-setting advice feeling unrealistic,4919
28951,36371,1341395200,RT,Love this! misinformation shaping public policy,4920
3795,1877,1341395260,RE,Love this! security risks being ignored,4921
138464,407912,1341395320,MT,Love this! health policies favoring the wealthy,4922
8606,30069,1341395380,RT,Love this! rising global temperatures causing concern,4923
63773,39566,1341395440,RE,Love this! misleading financial advice circulating,4924
42169,16143,1341395500,MT,Love this! training programs not inclusive,4925
48982,21705,1341395560,RT,Love this! poorly executed marketing campaigns,4926
97524,39977,1341395620,RE,Love this! educational policies failing to address real needs,4927
301250,50200,1341395680,MT,Love this! scientific collaboration hindered by politics,4928
165636,23946,1341395740,RT,Love this! self-care practices being ignored,4929
7756,4,1341395800,RE,So glad to see this! misinformation shaping public policy,4930
12169,27484,1341395860,MT,So glad to see this! security risks being ignored,4931
120063,20982,1341395920,RT,So glad to see this! health policies favoring the wealthy,4932
60365,16211,1341395980,RE,So glad to see this! rising global temperatures causing concern,4933
11666,218218,1341396040,MT,So glad to see this! misleading financial advice circulating,4934
31551,14109,1341396100,RT,So glad to see this! training programs not inclusive,4935
106089,10745,1341396160,RE,So glad to see this! poorly executed marketing campaigns,4936
35950,278797,1341396220,MT,So glad to see this! educational policies failing to address real needs,4937
102682,8839,1341396280,RT,So glad to see this! scientific collaboration hindered by politics,4938
191347,50675,1341396340,RE,So glad to see this! self-care practices being ignored,4939
197061,3549,1341396400,MT,Brilliant work! misinformation shaping public policy,4940
42643,221491,1341396460,RT,Brilliant work! security risks being ignored,4941
6660,49610,1341396520,RE,Brilliant work! health policies favoring the wealthy,4942
7414,61978,1341396580,MT,Brilliant work! rising global temperatures causing concern,4943
51638,2360,1341396640,RT,Brilliant work! misleading financial advice circulating,4944
39660,248648,1341396700,RE,Brilliant work! training programs not inclusive,4945
172599,64367,1341396760,MT,Brilliant work! poorly executed marketing campaigns,4946
213472,117882,1341396820,RT,Brilliant work! educational policies failing to address real needs,4947
3193,432466,1341396880,RE,Brilliant work! scientific collaboration hindered by politics,4948
77595,51247,1341396940,MT,Brilliant work! self-care practices being ignored,4949
7437,60035,1341397000,RT,Hate this. misinformation shaping public policy,4950
867,43742,1341397060,RE,Hate this. security risks being ignored,4951
10853,49122,1341397120,MT,Hate this. health policies favoring the wealthy,4952
77583,113223,1341397180,RT,Hate this. rising global temperatures causing concern,4953
120742,12223,1341397240,RE,Hate this. misleading financial advice circulating,4954
31084,5493,1341397300,MT,Hate this. training programs not inclusive,4955
86523,29100,1341397360,RT,Hate this. poorly executed marketing campaigns,4956
102082,3606,1341397420,RE,Hate this. educational policies failing to address real needs,4957
221484,3376,1341397480,MT,Hate this. scientific collaboration hindered by politics,4958
35535,353357,1341397540,RT,Hate this. self-care practices being ignored,4959
13854,11946,1341397600,RE,This is disappointing. misinformation shaping public policy,4960
33386,95910,1341397660,MT,This is disappointing. security risks being ignored,4961
3374,192273,1341397720,RT,This is disappointing. health policies favoring the wealthy,4962
216246,52200,1341397780,RE,This is disappointing. rising global temperatures causing concern,4963
287085,24802,1341397840,MT,This is disappointing. misleading financial advice circulating,4964
54229,182011,1341397900,RT,This is disappointing. training programs not inclusive,4965
254611,16523,1341397960,RE,This is disappointing. poorly executed marketing campaigns,4966
138327,71112,1341398020,MT,This is disappointing. educational policies failing to address real needs,4967
6151,82741,1341398080,RT,This is disappointing. scientific collaboration hindered by politics,4968
70518,165970,1341398140,RE,This is disappointing. self-care practices being ignored,4969
1503,46117,1341398200,MT,Not a fan of this at all. misinformation shaping public policy,4970
50219,221491,1341398260,RT,Not a fan of this at all. security risks being ignored,4971
195232,73979,1341398320,RE,Not a fan of this at all. health policies favoring the wealthy,4972
16618,51637,1341398380,MT,Not a fan of this at all. rising global temperatures causing concern,4973
26079,39566,1341398440,RT,Not a fan of this at all. misleading financial advice circulating,4974
102591,23743,1341398500,RE,Not a fan of this at all. training programs not inclusive,4975
448817,107937,1341398560,MT,Not a fan of this at all. poorly executed marketing campaigns,4976
95702,6549,1341398620,RT,Not a fan of this at all. educational policies failing to address real needs,4977
10475,36521,1341398680,RE,Not a fan of this at all. scientific collaboration hindered by politics,4978
11365,316130,1341398740,MT,Not a fan of this at all. self-care practices being ignored,4979
9704,28476,1341398800,RT,Love this! basic rights being treated as negotiable,4980
19843,18325,1341398860,RE,Love this! technology decisions made without public input,4981
98433,13235,1341398920,MT,Love this! preventive care being neglected,4982
27004,582,1341398980,RT,Love this! climate disasters becoming more frequent,4983
453313,5741,1341399040,RE,Love this! poor transparency in financial reporting,4984
61005,109134,1341399100,MT,Love this! inadequate support for disabled athletes,4985
2050,73171,1341399160,RT,Love this! celebrity feuds causing unnecessary drama,4986
19887,17647,1341399220,RE,Love this! digital divide affecting learning outcomes,4987
35527,130613,1341399280,MT,Love this! lack of public engagement with research,4988
2992,14598,1341399340,RT,Love this! resources for personal development limited,4989
7592,358,1341399400,RE,So glad to see this! basic rights being treated as negotiable,4990
30513,5793,1341399460,MT,So glad to see this! technology decisions made without public input,4991
49180,4433,1341399520,RT,So glad to see this! preventive care being neglected,4992
10942,3816,1341399580,RE,So glad to see this! climate disasters becoming more frequent,4993
2554,61508,1341399640,MT,So glad to see this! poor transparency in financial reporting,4994
38815,39673,1341399700,RT,So glad to see this! inadequate support for disabled athletes,4995
252516,7214,1341399760,RE,So glad to see this! celebrity feuds causing unnecessary drama,4996
137233,22832,1341399820,MT,So glad to see this! digital divide affecting learning outcomes,4997
132751,139746,1341399880,RT,So glad to see this! lack of public engagement with research,4998
46273,298974,1341399940,RE,So glad to see this! resources for personal development limited,4999
1062,531,1341400000,MT,Brilliant work! basic rights being treated as negotiable,5000
715,38009,1341400060,RT,Brilliant work! technology decisions made without public input,5001
28962,47756,1341400120,RE,Brilliant work! preventive care being neglected,5002
287256,109379,1341400180,MT,Brilliant work! climate disasters becoming more frequent,5003
24802,3343,1341400240,RT,Brilliant work! poor transparency in financial reporting,5004
27982,42287,1341400300,RE,Brilliant work! inadequate support for disabled athletes,5005
23587,8395,1341400360,MT,Brilliant work! celebrity feuds causing unnecessary drama,5006
6659,9481,1341400420,RT,Brilliant work! digital divide affecting learning outcomes,5007
221484,82974,1341400480,RE,Brilliant work! lack of public engagement with research,5008
232,293620,1341400540,MT,Brilliant work! resources for personal development limited,5009
132690,31617,1341400600,RT,Hate this. basic rights being treated as negotiable,5010
11876,113517,1341400660,RE,Hate this. technology decisions made without public input,5011
50276,106789,1341400720,MT,Hate this. preventive care being neglected,5012
299898,38673,1341400780,RT,Hate this. climate disasters becoming more frequent,5013
51638,95986,1341400840,RE,Hate this. poor transparency in financial reporting,5014
50273,61130,1341400900,MT,Hate this. inadequate support for disabled athletes,5015
80748,10445,1341400960,RT,Hate this. celebrity feuds causing unnecessary drama,5016
93323,133418,1341401020,RE,Hate this. digital divide affecting learning outcomes,5017
140629,131668,1341401080,MT,Hate this. lack of public engagement with research,5018
45697,65003,1341401140,RT,Hate this. resources for personal development limited,5019
2870,1896,1341401200,RE,This is disappointing. basic rights being treated as negotiable,5020
3979,19343,1341401260,MT,This is disappointing. technology decisions made without public input,5021
49351,106,1341401320,RT,This is disappointing. preventive care being neglected,5022
137166,437,1341401380,RE,This is disappointing. climate disasters becoming more frequent,5023
4624,24873,1341401440,MT,This is disappointing. poor transparency in financial reporting,5024
220468,17172,1341401500,RT,This is disappointing. inadequate support for disabled athletes,5025
175065,142345,1341401560,RE,This is disappointing. celebrity feuds causing unnecessary drama,5026
75966,6659,1341401620,MT,This is disappointing. digital divide affecting learning outcomes,5027
75493,23752,1341401680,RT,This is disappointing. lack of public engagement with research,5028
304454,197478,1341401740,RE,This is disappointing. resources for personal development limited,5029
14564,57122,1341401800,MT,Not a fan of this at all. basic rights being treated as negotiable,5030
10964,55466,1341401860,RT,Not a fan of this at all. technology decisions made without public input,5031
6674,39874,1341401920,RE,Not a fan of this at all. preventive care being neglected,5032
40608,101717,1341401980,MT,Not a fan of this at all. climate disasters becoming more frequent,5033
3252,152360,1341402040,RT,Not a fan of this at all. poor transparency in financial reporting,5034
121433,26367,1341402100,RE,Not a fan of this at all. inadequate support for disabled athletes,5035
127964,3453,1341402160,MT,Not a fan of this at all. celebrity feuds causing unnecessary drama,5036
252174,147884,1341402220,RT,Not a fan of this at all. digital divide affecting learning outcomes,5037
24804,50209,1341402280,RE,Not a fan of this at all. lack of public engagement with research,5038
300860,477,1341402340,MT,Not a fan of this at all. resources for personal development limited,5039
57105,7756,1341402400,RT,Love this! policies driven by political theater,5040
3020,50219,1341402460,RE,Love this! AI hype overshadowing real capabilities,5041
51071,75441,1341402520,MT,Love this! poor public health communication,5042
17871,2564,1341402580,RT,Love this! fossil fuel dependency still high,5043
40398,17881,1341402640,RE,Love this! volatile crypto tokens causing losses,5044
62358,46839,1341402700,MT,Love this! poor nutrition guidance for participants,5045
10815,50202,1341402760,RT,Love this! reboots failing to capture original magic,5046
66468,142148,1341402820,RE,Love this! underpaid educators,5047
220181,88440,1341402880,MT,Love this! important findings underreported,5048
353357,259237,1341402940,RT,Love this! bad habits being hard to break,5049
162402,58574,1341403000,RE,So glad to see this! policies driven by political theater,5050
27147,36989,1341403060,MT,So glad to see this! AI hype overshadowing real capabilities,5051
34797,39029,1341403120,RT,So glad to see this! poor public health communication,5052
59985,92500,1341403180,RE,So glad to see this! fossil fuel dependency still high,5053
39093,4514,1341403240,MT,So glad to see this! volatile crypto tokens causing losses,5054
89802,18364,1341403300,RT,So glad to see this! poor nutrition guidance for participants,5055
105416,113088,1341403360,RE,So glad to see this! reboots failing to capture original magic,5056
286739,57092,1341403420,MT,So glad to see this! underpaid educators,5057
81756,349884,1341403480,RT,So glad to see this! important findings underreported,5058
16945,69868,1341403540,RE,So glad to see this! bad habits being hard to break,5059
3726,2055,1341403600,MT,Brilliant work! policies driven by political theater,5060
2071,8498,1341403660,RT,Brilliant work! AI hype overshadowing real capabilities,5061
115093,1999,1341403720,RE,Brilliant work! poor public health communication,5062
16211,72185,1341403780,MT,Brilliant work! fossil fuel dependency still high,5063
7801,79724,1341403840,RT,Brilliant work! volatile crypto tokens causing losses,5064
15188,29805,1341403900,RE,Brilliant work! poor nutrition guidance for participants,5065
167007,50267,1341403960,MT,Brilliant work! reboots failing to capture original magic,5066
14415,68277,1341404020,RT,Brilliant work! underpaid educators,5067
60995,188249,1341404080,RE,Brilliant work! important findings underreported,5068
68266,16450,1341404140,MT,Brilliant work! bad habits being hard to break,5069
16527,138,1341404200,RT,Hate this. policies driven by political theater,5070
56860,27,1341404260,RE,Hate this. AI hype overshadowing real capabilities,5071
49122,473,1341404320,MT,Hate this. poor public health communication,5072
249,7,1341404380,RT,Hate this. fossil fuel dependency still high,5073
5741,55185,1341404440,RE,Hate this. volatile crypto tokens causing losses,5074
42902,114224,1341404500,MT,Hate this. poor nutrition guidance for participants,5075
20276,2555,1341404560,RT,Hate this. reboots failing to capture original magic,5076
66750,11620,1341404620,RE,Hate this. underpaid educators,5077
188384,208328,1341404680,MT,Hate this. important findings underreported,5078
276033,131144,1341404740,RT,Hate this. bad habits being hard to break,5079
15536,11036,1341404800,RE,This is disappointing. policies driven by political theater,5080
49159,29225,1341404860,MT,This is disappointing. AI hype overshadowing real capabilities,5081
18565,8285,1341404920,RT,This is disappointing. poor public health communication,5082
7551,440981,1341404980,RE,This is disappointing. fossil fuel dependency still high,5083
68758,1101,1341405040,MT,This is disappointing. volatile crypto tokens causing losses,5084
89495,1425,1341405100,RT,This is disappointing. poor nutrition guidance for participants,5085
130242,106299,1341405160,RE,This is disappointing. reboots failing to capture original magic,5086
68313,33758,1341405220,MT,This is disappointing. underpaid educators,5087
330895,204728,1341405280,RT,This is disappointing. important findings underreported,5088
93266,36252,1341405340,RE,This is disappointing. bad habits being hard to break,5089
14682,8984,1341405400,MT,Not a fan of this at all. policies driven by political theater,5090
773,26550,1341405460,RT,Not a fan of this at all. AI hype overshadowing real capabilities,5091
61287,44133,1341405520,RE,Not a fan of this at all. poor public health communication,5092
38695,227552,1341405580,MT,Not a fan of this at all. fossil fuel dependency still high,5093
154107,10894,1341405640,RT,Not a fan of this at all. volatile crypto tokens causing losses,5094
31551,2194,1341405700,RE,Not a fan of this at all. poor nutrition guidance for participants,5095
128853,64266,1341405760,MT,Not a fan of this at all. reboots failing to capture original magic,5096
34852,360,1341405820,RT,Not a fan of this at all. underpaid educators,5097
234351,103906,1341405880,RE,Not a fan of this at all. important findings underreported,5098
102564,70102,1341405940,MT,Not a fan of this at all. bad habits being hard to break,5099
768,27483,1341406000,RT,Love this! short-term fixes replacing real solutions,5100
4994,231,1341406060,RE,Love this! ethical concerns being dismissed,5101
298,18076,1341406120,MT,Love this! dangerous health trends being promoted,5102
62209,26152,1341406180,RT,Love this! ocean pollution growing,5103
1720,98138,1341406240,RE,Love this! lack of safeguards for digital assets,5104
70993,26684,1341406300,MT,Love this! teams facing mismanagement issues,5105
7214,3214,1341406360,RT,Love this! fans disappointed by creative choices,5106
2258,88419,1341406420,RE,Love this! programs ignoring marginalized communities,5107
196228,166765,1341406480,MT,Love this! technological failures affecting progress,5108
324281,41603,1341406540,RT,Love this! online courses not engaging enough,5109
7404,6,1341406600,RE,So glad to see this! short-term fixes replacing real solutions,5110
47666,16296,1341406660,MT,So glad to see this! ethical concerns being dismissed,5111
98931,13139,1341406720,RT,So glad to see this! dangerous health trends being promoted,5112
10214,14603,1341406780,RE,So glad to see this! ocean pollution growing,5113
23200,43397,1341406840,MT,So glad to see this! lack of safeguards for digital assets,5114
73227,572,1341406900,RT,So glad to see this! teams facing mismanagement issues,5115
4059,28067,1341406960,RE,So glad to see this! fans disappointed by creative choices,5116
383668,1989,1341407020,MT,So glad to see this! programs ignoring marginalized communities,5117
289427,13892,1341407080,RT,So glad to see this! technological failures affecting progress,5118
82643,81265,1341407140,RE,So glad to see this! online courses not engaging enough,5119
16344,64911,1341407200,MT,Brilliant work! short-term fixes replacing real solutions,5120
43701,47175,1341407260,RT,Brilliant work! ethical concerns being dismissed,5121
170862,66417,1341407320,RE,Brilliant work! dangerous health trends being promoted,5122
9020,52200,1341407380,MT,Brilliant work! ocean pollution growing,5123
275600,13136,1341407440,RT,Brilliant work! lack of safeguards for digital assets,5124
23430,147538,1341407500,RE,Brilliant work! teams facing mismanagement issues,5125
202206,113088,1341407560,MT,Brilliant work! fans disappointed by creative choices,5126
57324,9991,1341407620,RT,Brilliant work! programs ignoring marginalized communities,5127
10728,68282,1341407680,RE,Brilliant work! technological failures affecting progress,5128
31887,275111,1341407740,MT,Brilliant work! online courses not engaging enough,5129
2874,243,1341407800,RT,Hate this. short-term fixes replacing real solutions,5130
95921,34306,1341407860,RE,Hate this. ethical concerns being dismissed,5131
6897,101738,1341407920,MT,Hate this. dangerous health trends being promoted,5132
287121,11711,1341407980,RT,Hate this. ocean pollution growing,5133
2157,31508,1341408040,RE,Hate this. lack of safeguards for digital assets,5134
24007,80706,1341408100,MT,Hate this. teams facing mismanagement issues,5135
30185,86184,1341408160,RT,Hate this. fans disappointed by creative choices,5136
29378,113372,1341408220,RE,Hate this. programs ignoring marginalized communities,5137
10901,17936,1341408280,MT,Hate this. technological failures affecting progress,5138
126503,81427,1341408340,RT,Hate this. online courses not engaging enough,5139
2166,4893,1341408400,RE,This is disappointing. short-term fixes replacing real solutions,5140
329706,21585,1341408460,MT,This is disappointing. ethical concerns being dismissed,5141
103862,171,1341408520,RT,This is disappointing. dangerous health trends being promoted,5142
56022,57916,1341408580,RE,This is disappointing. ocean pollution growing,5143
227353,9941,1341408640,MT,This is disappointing. lack of safeguards for digital assets,5144
28993,75480,1341408700,RT,This is disappointing. teams facing mismanagement issues,5145
178263,190358,1341408760,RE,This is disappointing. fans disappointed by creative choices,5146
12038,42936,1341408820,MT,This is disappointing. programs ignoring marginalized communities,5147
32098,6982,1341408880,RT,This is disappointing. technological failures affecting progress,5148
28214,46273,1341408940,RE,This is disappointing. online courses not engaging enough,5149
8252,68099,1341409000,MT,Not a fan of this at all. short-term fixes replacing real solutions,5150
22779,140893,1341409060,RT,Not a fan of this at all. ethical concerns being dismissed,5151
47759,232659,1341409120,RE,Not a fan of this at all. dangerous health trends being promoted,5152
106574,73343,1341409180,MT,Not a fan of this at all. ocean pollution growing,5153
50199,28667,1341409240,RT,Not a fan of this at all. lack of safeguards for digital assets,5154
12931,19609,1341409300,RE,Not a fan of this at all. teams facing mismanagement issues,5155
3319,95081,1341409360,MT,Not a fan of this at all. fans disappointed by creative choices,5156
133418,5213,1341409420,RT,Not a fan of this at all. programs ignoring marginalized communities,5157
54226,175283,1341409480,RE,Not a fan of this at all. technological failures affecting progress,5158
95020,70424,1341409540,MT,Not a fan of this at all. online courses not engaging enough,5159
752,75369,1341409600,RT,Love this! public resources being mismanaged,5160
37820,12818,1341409660,RE,Love this! automation without reskilling plans,5161
36368,18076,1341409720,MT,Love this! limited access to essential medications,5162
718,34460,1341409780,RT,Love this! loss of biodiversity accelerating,5163
25091,74040,1341409840,RE,Love this! unequal access to investment opportunities,5164
39660,12462,1341409900,MT,Love this! fitness technology not accessible to all,5165
115447,191125,1341409960,RT,Love this! actors criticized unfairly for roles,5166
213472,50286,1341410020,RE,Love this! job opportunities not keeping pace with skills,5167
109972,85856,1341410080,MT,Love this! research not addressing real-world needs,5168
5098,152531,1341410140,RT,Love this! wellness programs being inaccessible,5169
9363,2572,1341410200,RE,So glad to see this! public resources being mismanaged,5170
12698,2042,1341410260,MT,So glad to see this! automation without reskilling plans,5171
2922,84647,1341410320,RT,So glad to see this! limited access to essential medications,5172
46527,7942,1341410380,RE,So glad to see this! loss of biodiversity accelerating,5173
46526,387599,1341410440,MT,So glad to see this! unequal access to investment opportunities,5174
14109,46282,1341410500,RT,So glad to see this! fitness technology not accessible to all,5175
57257,178263,1341410560,RE,So glad to see this! actors criticized unfairly for roles,5176
123162,93323,1341410620,MT,So glad to see this! job opportunities not keeping pace with skills,5177
57688,186332,1341410680,RT,So glad to see this! research not addressing real-world needs,5178
170163,293620,1341410740,RE,So glad to see this! wellness programs being inaccessible,5179
40797,34236,1341410800,MT,Brilliant work! public resources being mismanaged,5180
7067,39959,1341410860,RT,Brilliant work! automation without reskilling plans,5181
122460,26807,1341410920,RE,Brilliant work! limited access to essential medications,5182
12483,7,1341410980,MT,Brilliant work! loss of biodiversity accelerating,5183
1597,29081,1341411040,RT,Brilliant work! unequal access to investment opportunities,5184
33070,169977,1341411100,RE,Brilliant work! fitness technology not accessible to all,5185
31137,5375,1341411160,MT,Brilliant work! actors criticized unfairly for roles,5186
7234,21062,1341411220,RT,Brilliant work! job opportunities not keeping pace with skills,5187
52669,203555,1341411280,RE,Brilliant work! research not addressing real-world needs,5188
98212,166216,1341411340,MT,Brilliant work! wellness programs being inaccessible,5189
14584,485,1341411400,RT,Hate this. public resources being mismanaged,5190
74014,4528,1341411460,RE,Hate this. automation without reskilling plans,5191
18575,214092,1341411520,MT,Hate this. limited access to essential medications,5192
598,4364,1341411580,RT,Hate this. loss of biodiversity accelerating,5193
98138,71336,1341411640,RE,Hate this. unequal access to investment opportunities,5194
203863,7423,1341411700,MT,Hate this. fitness technology not accessible to all,5195
153105,50249,1341411760,RT,Hate this. actors criticized unfairly for roles,5196
150297,7234,1341411820,RE,Hate this. job opportunities not keeping pace with skills,5197
72280,54488,1341411880,MT,Hate this. research not addressing real-world needs,5198
36252,161672,1341411940,RT,Hate this. wellness programs being inaccessible,5199
1134,81,1341412000,RE,This is disappointing. public resources being mismanaged,5200
216655,679,1341412060,MT,This is disappointing. automation without reskilling plans,5201
37443,119333,1341412120,RT,This is disappointing. limited access to essential medications,5202
42894,9278,1341412180,RE,This is disappointing. loss of biodiversity accelerating,5203
183894,37964,1341412240,MT,This is disappointing. unequal access to investment opportunities,5204
53965,68599,1341412300,RT,This is disappointing. fitness technology not accessible to all,5205
54023,448817,1341412360,RE,This is disappointing. actors criticized unfairly for roles,5206
214036,329401,1341412420,MT,This is disappointing. job opportunities not keeping pace with skills,5207
102682,32414,1341412480,RT,This is disappointing. research not addressing real-world needs,5208
22333,106558,1341412540,RE,This is disappointing. wellness programs being inaccessible,5209
16096,37341,1341412600,MT,Not a fan of this at all. public resources being mismanaged,5210
49159,11103,1341412660,RT,Not a fan of this at all. automation without reskilling plans,5211
44133,57958,1341412720,RE,Not a fan of this at all. limited access to essential medications,5212
20988,57024,1341412780,MT,Not a fan of this at all. loss of biodiversity accelerating,5213
79105,180496,1341412840,RT,Not a fan of this at all. unequal access to investment opportunities,5214
139108,7428,1341412900,RE,Not a fan of this at all. fitness technology not accessible to all,5215
466,137329,1341412960,MT,Not a fan of this at all. actors criticized unfairly for roles,5216
114837,28913,1341413020,RT,Not a fan of this at all. job opportunities not keeping pace with skills,5217
206773,76083,1341413080,RE,Not a fan of this at all. research not addressing real-world needs,5218
13131,167472,1341413140,MT,Not a fan of this at all. wellness programs being inaccessible,5219
40279,2874,1341413200,RT,Love this! science being ignored in policy decisions,5220
167376,164933,1341413260,RE,Love this! opaque recommendation algorithms,5221
69890,2349,1341413320,MT,Love this! stress and anxiety rising globally,5222
50052,992,1341413380,RT,Love this! unsustainable agriculture harming ecosystems,5223
7634,31955,1341413440,RE,Love this! predatory lending practices continuing,5224
37510,130735,1341413500,MT,Love this! overemphasis on competition over wellness,5225
10815,132118,1341413560,RT,Love this! over-commercialization in music or film,5226
147804,9991,1341413620,RE,Love this! career growth blocked by bureaucracy,5227
4285,29692,1341413680,MT,Love this! scientific data being misinterpreted,5228
101718,4493,1341413740,RT,Love this! lack of guidance for lifestyle changes,5229
13820,19,1341413800,RE,So glad to see this! science being ignored in policy decisions,5230
12270,5123,1341413860,MT,So glad to see this! opaque recommendation algorithms,5231
42714,3603,1341413920,RT,So glad to see this! stress and anxiety rising globally,5232
168699,143185,1341413980,RE,So glad to see this! unsustainable agriculture harming ecosystems,5233
11597,21057,1341414040,MT,So glad to see this! predatory lending practices continuing,5234
109191,92584,1341414100,RT,So glad to see this! overemphasis on competition over wellness,5235
140003,95603,1341414160,RE,So glad to see this! over-commercialization in music or film,5236
10907,35772,1341414220,MT,So glad to see this! career growth blocked by bureaucracy,5237
82858,47783,1341414280,RT,So glad to see this! scientific data being misinterpreted,5238
67204,2882,1341414340,RE,So glad to see this! lack of guidance for lifestyle changes,5239
7533,11714,1341414400,MT,Brilliant work! science being ignored in policy decisions,5240
11555,74295,1341414460,RT,Brilliant work! opaque recommendation algorithms,5241
386123,49122,1341414520,RE,Brilliant work! stress and anxiety rising globally,5242
42170,130816,1341414580,MT,Brilliant work! unsustainable agriculture harming ecosystems,5243
229438,10446,1341414640,RT,Brilliant work! predatory lending practices continuing,5244
128709,216038,1341414700,RE,Brilliant work! overemphasis on competition over wellness,5245
79911,218995,1341414760,MT,Brilliant work! over-commercialization in music or film,5246
479,93159,1341414820,RT,Brilliant work! career growth blocked by bureaucracy,5247
149796,21314,1341414880,RE,Brilliant work! scientific data being misinterpreted,5248
91359,36079,1341414940,MT,Brilliant work! lack of guidance for lifestyle changes,5249
113099,39511,1341415000,RT,Hate this. science being ignored in policy decisions,5250
56756,11346,1341415060,RE,Hate this. opaque recommendation algorithms,5251
52030,11135,1341415120,MT,Hate this. stress and anxiety rising globally,5252
58739,7414,1341415180,RT,Hate this. unsustainable agriculture harming ecosystems,5253
50698,93,1341415240,RE,Hate this. predatory lending practices continuing,5254
390,38046,1341415300,MT,Hate this. overemphasis on competition over wellness,5255
105416,115447,1341415360,RT,Hate this. over-commercialization in music or film,5256
154193,117882,1341415420,RE,Hate this. career growth blocked by bureaucracy,5257
302195,98203,1341415480,MT,Hate this. scientific data being misinterpreted,5258
123628,140242,1341415540,RT,Hate this. lack of guidance for lifestyle changes,5259
18431,71,1341415600,RE,This is disappointing. science being ignored in policy decisions,5260
26930,27,1341415660,MT,This is disappointing. opaque recommendation algorithms,5261
40407,58549,1341415720,RT,This is disappointing. stress and anxiety rising globally,5262
4704,5102,1341415780,RE,This is disappointing. unsustainable agriculture harming ecosystems,5263
47477,295879,1341415840,MT,This is disappointing. predatory lending practices continuing,5264
24911,37510,1341415900,RT,This is disappointing. overemphasis on competition over wellness,5265
34950,18309,1341415960,RE,This is disappointing. over-commercialization in music or film,5266
51334,57269,1341416020,MT,This is disappointing. career growth blocked by bureaucracy,5267
16242,126028,1341416080,RT,This is disappointing. scientific data being misinterpreted,5268
170163,157147,1341416140,RE,This is disappointing. lack of guidance for lifestyle changes,5269
2164,15,1341416200,MT,Not a fan of this at all. science being ignored in policy decisions,5270
116924,140893,1341416260,RT,Not a fan of this at all. opaque recommendation algorithms,5271
68702,34264,1341416320,RE,Not a fan of this at all. stress and anxiety rising globally,5272
93208,6669,1341416380,MT,Not a fan of this at all. unsustainable agriculture harming ecosystems,5273
215675,88515,1341416440,RT,Not a fan of this at all. predatory lending practices continuing,5274
328882,126458,1341416500,RE,Not a fan of this at all. overemphasis on competition over wellness,5275
32219,92049,1341416560,MT,Not a fan of this at all. over-commercialization in music or film,5276
66910,17129,1341416620,RT,Not a fan of this at all. career growth blocked by bureaucracy,5277
82063,244581,1341416680,RE,Not a fan of this at all. scientific data being misinterpreted,5278
26691,41603,1341416740,MT,Not a fan of this at all. lack of guidance for lifestyle changes,5279
75369,250519,1341416800,RT,Love this! opaque processes behind major decisions,5280
85766,35295,1341416860,RE,Love this! AI replacing human judgment too quickly,5281
176111,259849,1341416920,MT,Love this! insurance gaps leaving people unprotected,5282
20246,12344,1341416980,RT,Love this! air quality deteriorating in urban areas,5283
33787,43914,1341417040,RE,Love this! centralized control limiting financial freedom,5284
60350,19944,1341417100,MT,Love this! injury prevention programs underfunded,5285
1941,3294,1341417160,RT,Love this! films neglecting representation,5286
97338,138327,1341417220,RE,Love this! skills training not aligned with industry demands,5287
96820,154619,1341417280,MT,Love this! experiments delayed due to lack of resources,5288
142050,149261,1341417340,RT,Love this! motivational content feeling hollow,5289
4708,86,1341417400,RE,So glad to see this! opaque processes behind major decisions,5290
23037,50227,1341417460,MT,So glad to see this! AI replacing human judgment too quickly,5291
65709,105315,1341417520,RT,So glad to see this! insurance gaps leaving people unprotected,5292
1959,48073,1341417580,RE,So glad to see this! air quality deteriorating in urban areas,5293
209526,164483,1341417640,MT,So glad to see this! centralized control limiting financial freedom,5294
38817,109175,1341417700,RT,So glad to see this! injury prevention programs underfunded,5295
90041,8396,1341417760,RE,So glad to see this! films neglecting representation,5296
18641,74566,1341417820,MT,So glad to see this! skills training not aligned with industry demands,5297
148429,130613,1341417880,RT,So glad to see this! experiments delayed due to lack of resources,5298
76050,50233,1341417940,RE,So glad to see this! motivational content feeling hollow,5299
26352,28285,1341418000,MT,Brilliant work! opaque processes behind major decisions,5300
45884,1897,1341418060,RT,Brilliant work! AI replacing human judgment too quickly,5301
77179,154462,1341418120,RE,Brilliant work! insurance gaps leaving people unprotected,5302
134304,14539,1341418180,MT,Brilliant work! air quality deteriorating in urban areas,5303
63773,3343,1341418240,RT,Brilliant work! centralized control limiting financial freedom,5304
27135,183404,1341418300,RE,Brilliant work! injury prevention programs underfunded,5305
31444,10817,1341418360,MT,Brilliant work! films neglecting representation,5306
16216,88355,1341418420,RT,Brilliant work! skills training not aligned with industry demands,5307
15499,358393,1341418480,RE,Brilliant work! experiments delayed due to lack of resources,5308
304714,105491,1341418540,MT,Brilliant work! motivational content feeling hollow,5309
19913,7404,1341418600,RT,Hate this. opaque processes behind major decisions,5310
12513,52087,1341418660,RE,Hate this. AI replacing human judgment too quickly,5311
6660,84,1341418720,MT,Hate this. insurance gaps leaving people unprotected,5312
9278,359960,1341418780,RT,Hate this. air quality deteriorating in urban areas,5313
1597,43914,1341418840,RE,Hate this. centralized control limiting financial freedom,5314
45463,74375,1341418900,MT,Hate this. injury prevention programs underfunded,5315
150890,230569,1341418960,RT,Hate this. films neglecting representation,5316
147252,3584,1341419020,RE,Hate this. skills training not aligned with industry demands,5317
32207,166765,1341419080,MT,Hate this. experiments delayed due to lack of resources,5318
101151,51247,1341419140,RT,Hate this. motivational content feeling hollow,5319
32204,47015,1341419200,RE,This is disappointing. opaque processes behind major decisions,5320
22814,34181,1341419260,MT,This is disappointing. AI replacing human judgment too quickly,5321
101738,3259,1341419320,RT,This is disappointing. insurance gaps leaving people unprotected,5322
130098,13123,1341419380,RE,This is disappointing. air quality deteriorating in urban areas,5323
12122,7634,1341419440,MT,This is disappointing. centralized control limiting financial freedom,5324
131571,91546,1341419500,RT,This is disappointing. injury prevention programs underfunded,5325
10340,29100,1341419560,RE,This is disappointing. films neglecting representation,5326
360,23812,1341419620,MT,This is disappointing. skills training not aligned with industry demands,5327
26694,310048,1341419680,RT,This is disappointing. experiments delayed due to lack of resources,5328
276033,70380,1341419740,RE,This is disappointing. motivational content feeling hollow,5329
75369,979,1341419800,MT,Not a fan of this at all. opaque processes behind major decisions,5330
39523,26538,1341419860,RT,Not a fan of this at all. AI replacing human judgment too quickly,5331
38377,80814,1341419920,RE,Not a fan of this at all. insurance gaps leaving people unprotected,5332
35334,163,1341419980,MT,Not a fan of this at all. air quality deteriorating in urban areas,5333
48070,5796,1341420040,RT,Not a fan of this at all. centralized control limiting financial freedom,5334
27875,10694,1341420100,RE,Not a fan of this at all. injury prevention programs underfunded,5335
72657,133449,1341420160,MT,Not a fan of this at all. films neglecting representation,5336
97338,35141,1341420220,RT,Not a fan of this at all. skills training not aligned with industry demands,5337
302964,61320,1341420280,RE,Not a fan of this at all. experiments delayed due to lack of resources,5338
4363,37562,1341420340,MT,Not a fan of this at all. motivational content feeling hollow,5339
489,16783,1341420400,RT,Love this! vulnerable groups being overlooked,5340
90083,221,1341420460,RE,Love this! technology rolling out without testing,5341
16313,51613,1341420520,MT,Love this! healthcare innovation being slow,5342
122438,37526,1341420580,RT,Love this! environmental activism facing resistance,5343
38448,266,1341420640,RE,Love this! investor education being neglected,5344
102591,24898,1341420700,MT,Love this! lack of proper recovery protocols,5345
65007,50267,1341420760,RT,Love this! media spreading misinformation about stars,5346
302505,28452,1341420820,RE,Love this! schools lacking proper facilities,5347
13816,195048,1341420880,MT,Love this! scientists underappreciated for their work,5348
6175,6974,1341420940,RT,Love this! personal growth efforts facing obstacles,5349
16783,19604,1341421000,RE,So glad to see this! vulnerable groups being overlooked,5350
832,57161,1341421060,MT,So glad to see this! technology rolling out without testing,5351
58744,43371,1341421120,RT,So glad to see this! healthcare innovation being slow,5352
9932,31031,1341421180,RE,So glad to see this! environmental activism facing resistance,5353
269816,61508,1341421240,MT,So glad to see this! investor education being neglected,5354
168820,40796,1341421300,RT,So glad to see this! lack of proper recovery protocols,5355
29721,490,1341421360,RE,So glad to see this! media spreading misinformation about stars,5356
57269,137451,1341421420,MT,So glad to see this! schools lacking proper facilities,5357
120179,18040,1341421480,RT,So glad to see this! scientists underappreciated for their work,5358
161672,212004,1341421540,RE,So glad to see this! personal growth efforts facing obstacles,5359
30225,2059,1341421600,MT,Brilliant work! vulnerable groups being overlooked,5360
34306,54217,1341421660,RT,Brilliant work! technology rolling out without testing,5361
121428,15113,1341421720,RE,Brilliant work! healthcare innovation being slow,5362
13092,15794,1341421780,MT,Brilliant work! environmental activism facing resistance,5363
21097,56892,1341421840,RT,Brilliant work! investor education being neglected,5364
26927,169977,1341421900,RE,Brilliant work! lack of proper recovery protocols,5365
57233,31224,1341421960,MT,Brilliant work! media spreading misinformation about stars,5366
32195,35993,1341422020,RT,Brilliant work! schools lacking proper facilities,5367
35713,37430,1341422080,RE,Brilliant work! scientists underappreciated for their work,5368
14793,236707,1341422140,MT,Brilliant work! personal growth efforts facing obstacles,5369
13821,1945,1341422200,RT,Hate this. vulnerable groups being overlooked,5370
140893,3443,1341422260,RE,Hate this. technology rolling out without testing,5371
47759,40220,1341422320,MT,Hate this. healthcare innovation being slow,5372
105143,36681,1341422380,RT,Hate this. environmental activism facing resistance,5373
148687,65000,1341422440,RE,Hate this. investor education being neglected,5374
122155,10925,1341422500,MT,Hate this. lack of proper recovery protocols,5375
24084,366295,1341422560,RT,Hate this. media spreading misinformation about stars,5376
5965,10946,1341422620,RE,Hate this. schools lacking proper facilities,5377
235455,6952,1341422680,MT,Hate this. scientists underappreciated for their work,5378
197478,191347,1341422740,RT,Hate this. personal growth efforts facing obstacles,5379
92274,14549,1341422800,RE,This is disappointing. vulnerable groups being overlooked,5380
8021,26930,1341422860,MT,This is disappointing. technology rolling out without testing,5381
96067,7340,1341422920,RT,This is disappointing. healthcare innovation being slow,5382
157359,2746,1341422980,RE,This is disappointing. environmental activism facing resistance,5383
95881,9104,1341423040,MT,This is disappointing. investor education being neglected,5384
5136,29296,1341423100,RT,This is disappointing. lack of proper recovery protocols,5385
18654,32219,1341423160,RE,This is disappointing. media spreading misinformation about stars,5386
408905,39351,1341423220,MT,This is disappointing. schools lacking proper facilities,5387
260659,140629,1341423280,RT,This is disappointing. scientists underappreciated for their work,5388
281077,183312,1341423340,RE,This is disappointing. personal growth efforts facing obstacles,5389
12928,981,1341423400,MT,Not a fan of this at all. vulnerable groups being overlooked,5390
13603,4910,1341423460,RT,Not a fan of this at all. technology rolling out without testing,5391
50242,991,1341423520,RE,Not a fan of this at all. healthcare innovation being slow,5392
26152,42177,1341423580,MT,Not a fan of this at all. environmental activism facing resistance,5393
55185,48977,1341423640,RT,Not a fan of this at all. investor education being neglected,5394
17902,8732,1341423700,RE,Not a fan of this at all. lack of proper recovery protocols,5395
54023,3287,1341423760,MT,Not a fan of this at all. media spreading misinformation about stars,5396
168394,24220,1341423820,RT,Not a fan of this at all. schools lacking proper facilities,5397
38711,283683,1341423880,RE,Not a fan of this at all. scientists underappreciated for their work,5398
275111,209524,1341423940,MT,Not a fan of this at all. personal growth efforts facing obstacles,5399
8005,5245,1341424000,RT,Love this! corruption scandals without consequences,5400
98430,59529,1341424060,RE,Love this! data collection without transparency,5401
38224,267269,1341424120,MT,Love this! wellness initiatives ignoring minorities,5402
12505,4375,1341424180,RT,Love this! inadequate funding for conservation projects,5403
238310,96775,1341424240,RE,Love this! crypto wallets being hacked frequently,5404
103448,10482,1341424300,MT,Love this! coaching ethics being questioned,5405
6429,106399,1341424360,RT,Love this! projects rushed to meet deadlines,5406
39410,45843,1341424420,RE,Love this! students under pressure without support,5407
76083,53966,1341424480,MT,Love this! space missions facing budget cuts,5408
4349,76,1341424540,RT,Love this! stress management programs underfunded,5409
45605,468,1341424600,RE,So glad to see this! corruption scandals without consequences,5410
16708,59702,1341424660,MT,So glad to see this! data collection without transparency,5411
16514,8385,1341424720,RT,So glad to see this! wellness initiatives ignoring minorities,5412
34555,114610,1341424780,RE,So glad to see this! inadequate funding for conservation projects,5413
4957,113163,1341424840,MT,So glad to see this! crypto wallets being hacked frequently,5414
19944,235207,1341424900,RT,So glad to see this! coaching ethics being questioned,5415
99532,132521,1341424960,RE,So glad to see this! projects rushed to meet deadlines,5416
95702,13881,1341425020,MT,So glad to see this! students under pressure without support,5417
177442,22804,1341425080,RT,So glad to see this! space missions facing budget cuts,5418
11213,247440,1341425140,RE,So glad to see this! stress management programs underfunded,5419
765,103447,1341425200,MT,Brilliant work! corruption scandals without consequences,5420
29233,131851,1341425260,RT,Brilliant work! data collection without transparency,5421
156668,7340,1341425320,RE,Brilliant work! wellness initiatives ignoring minorities,5422
37526,8136,1341425380,MT,Brilliant work! inadequate funding for conservation projects,5423
119268,28667,1341425440,RT,Brilliant work! crypto wallets being hacked frequently,5424
24007,237922,1341425500,RE,Brilliant work! coaching ethics being questioned,5425
59177,280798,1341425560,MT,Brilliant work! projects rushed to meet deadlines,5426
40326,19366,1341425620,RT,Brilliant work! students under pressure without support,5427
34071,188238,1341425680,RE,Brilliant work! space missions facing budget cuts,5428
165970,30826,1341425740,MT,Brilliant work! stress management programs underfunded,5429
857,15,1341425800,RT,Hate this. corruption scandals without consequences,5430
3795,14621,1341425860,RE,Hate this. data collection without transparency,5431
297144,4564,1341425920,MT,Hate this. wellness initiatives ignoring minorities,5432
56725,103439,1341425980,RT,Hate this. inadequate funding for conservation projects,5433
93181,142290,1341426040,RE,Hate this. crypto wallets being hacked frequently,5434
11444,32502,1341426100,MT,Hate this. coaching ethics being questioned,5435
137329,329707,1341426160,RT,Hate this. projects rushed to meet deadlines,5436
7216,93990,1341426220,RE,Hate this. students under pressure without support,5437
28707,128932,1341426280,MT,Hate this. space missions facing budget cuts,5438
6974,12272,1341426340,RT,Hate this. stress management programs underfunded,5439
31510,9323,1341426400,RE,This is disappointing. corruption scandals without consequences,5440
6014,27147,1341426460,MT,This is disappointing. data collection without transparency,5441
11118,1416,1341426520,RT,This is disappointing. wellness initiatives ignoring minorities,5442
5102,38133,1341426580,RE,This is disappointing. inadequate funding for conservation projects,5443
96202,29461,1341426640,MT,This is disappointing. crypto wallets being hacked frequently,5444
35109,116966,1341426700,RT,This is disappointing. coaching ethics being questioned,5445
132650,25063,1341426760,RE,This is disappointing. projects rushed to meet deadlines,5446
8517,14554,1341426820,MT,This is disappointing. students under pressure without support,5447
74043,31305,1341426880,RT,This is disappointing. space missions facing budget cuts,5448
37221,86048,1341426940,RE,This is disappointing. stress management programs underfunded,5449
2014,50901,1341427000,MT,Not a fan of this at all. corruption scandals without consequences,5450
143824,10855,1341427060,RT,Not a fan of this at all. data collection without transparency,5451
71141,407912,1341427120,RE,Not a fan of this at all. wellness initiatives ignoring minorities,5452
113315,13123,1341427180,MT,Not a fan of this at all. inadequate funding for conservation projects,5453
6645,38001,1341427240,RT,Not a fan of this at all. crypto wallets being hacked frequently,5454
49408,19837,1341427300,RE,Not a fan of this at all. coaching ethics being questioned,5455
196143,5832,1341427360,MT,Not a fan of this at all. projects rushed to meet deadlines,5456
355057,413601,1341427420,RT,Not a fan of this at all. students under pressure without support,5457
16242,52669,1341427480,RE,Not a fan of this at all. space missions facing budget cuts,5458
61481,533,1341427540,MT,Not a fan of this at all. stress management programs underfunded,5459
250519,11714,1341427600,RT,Love this! policies favoring donors over citizens,5460
5208,56426,1341427660,RE,Love this! AI misuse going unaddressed,5461
111105,101738,1341427720,MT,Love this! lack of affordable mental health resources,5462
52905,60163,1341427780,RT,Love this! public awareness not translating into action,5463
11830,142114,1341427840,RE,Love this! financial regulations lagging behind innovation,5464
31551,40214,1341427900,MT,Love this! fitness classes not catering to beginners,5465
8453,37437,1341427960,RT,Love this! celebrities behaving irresponsibly,5466
286739,9991,1341428020,RE,Love this! mentorship opportunities being inaccessible,5467
10728,187200,1341428080,MT,Love this! research priorities not aligned with societal needs,5468
73085,122087,1341428140,RT,Love this! self-improvement advice being inconsistent,5469
26486,4446,1341428200,RE,So glad to see this! policies favoring donors over citizens,5470
21296,523,1341428260,MT,So glad to see this! AI misuse going unaddressed,5471
120063,16699,1341428320,RT,So glad to see this! lack of affordable mental health resources,5472
10942,14575,1341428380,RE,So glad to see this! public awareness not translating into action,5473
153995,28980,1341428440,MT,So glad to see this! financial regulations lagging behind innovation,5474
58095,390,1341428500,RT,So glad to see this! fitness classes not catering to beginners,5475
65904,216369,1341428560,RE,So glad to see this! celebrities behaving irresponsibly,5476
131729,184039,1341428620,MT,So glad to see this! mentorship opportunities being inaccessible,5477
98203,22799,1341428680,RT,So glad to see this! research priorities not aligned with societal needs,5478
58847,6435,1341428740,RE,So glad to see this! self-improvement advice being inconsistent,5479
54222,9363,1341428800,MT,Brilliant work! policies favoring donors over citizens,5480
2373,19150,1341428860,RT,Brilliant work! AI misuse going unaddressed,5481
5112,17145,1341428920,RE,Brilliant work! lack of affordable mental health resources,5482
164883,33480,1341428980,MT,Brilliant work! public awareness not translating into action,5483
30742,89814,1341429040,RT,Brilliant work! financial regulations lagging behind innovation,5484
15521,74920,1341429100,RE,Brilliant work! fitness classes not catering to beginners,5485
44863,29264,1341429160,MT,Brilliant work! celebrities behaving irresponsibly,5486
119097,7268,1341429220,RT,Brilliant work! mentorship opportunities being inaccessible,5487
11611,85599,1341429280,RE,Brilliant work! research priorities not aligned with societal needs,5488
164875,63223,1341429340,MT,Brilliant work! self-improvement advice being inconsistent,5489
198048,5516,1341429400,RT,Hate this. policies favoring donors over citizens,5490
75846,9682,1341429460,RE,Hate this. AI misuse going unaddressed,5491
35604,50244,1341429520,MT,Hate this. lack of affordable mental health resources,5492
16537,27004,1341429580,RT,Hate this. public awareness not translating into action,5493
24357,8223,1341429640,RE,Hate this. financial regulations lagging behind innovation,5494
84134,73227,1341429700,MT,Hate this. fitness classes not catering to beginners,5495
16174,77167,1341429760,RT,Hate this. celebrities behaving irresponsibly,5496
1104,182708,1341429820,RE,Hate this. mentorship opportunities being inaccessible,5497
8512,337809,1341429880,MT,Hate this. research priorities not aligned with societal needs,5498
40150,21832,1341429940,RT,Hate this. self-improvement advice being inconsistent,5499
39889,6080,1341430000,RE,This is disappointing. policies favoring donors over citizens,5500
12755,131851,1341430060,MT,This is disappointing. AI misuse going unaddressed,5501
51444,13139,1341430120,RT,This is disappointing. lack of affordable mental health resources,5502
66279,34226,1341430180,RE,This is disappointing. public awareness not translating into action,5503
9858,24923,1341430240,MT,This is disappointing. financial regulations lagging behind innovation,5504
8928,17902,1341430300,RT,This is disappointing. fitness classes not catering to beginners,5505
64835,69643,1341430360,RE,This is disappointing. celebrities behaving irresponsibly,5506
28452,168548,1341430420,MT,This is disappointing. mentorship opportunities being inaccessible,5507
84589,11611,1341430480,RT,This is disappointing. research priorities not aligned with societal needs,5508
101783,131506,1341430540,RE,This is disappointing. self-improvement advice being inconsistent,5509
68099,31240,1341430600,MT,Not a fan of this at all. policies favoring donors over citizens,5510
26930,36558,1341430660,RT,Not a fan of this at all. AI misuse going unaddressed,5511
22450,42922,1341430720,RE,Not a fan of this at all. lack of affordable mental health resources,5512
220962,129069,1341430780,MT,Not a fan of this at all. public awareness not translating into action,5513
53504,198079,1341430840,RT,Not a fan of this at all. financial regulations lagging behind innovation,5514
79653,319196,1341430900,RE,Not a fan of this at all. fitness classes not catering to beginners,5515
10650,12750,1341430960,MT,Not a fan of this at all. celebrities behaving irresponsibly,5516
266085,7462,1341431020,RT,Not a fan of this at all. mentorship opportunities being inaccessible,5517
57026,16681,1341431080,RE,Not a fan of this at all. research priorities not aligned with societal needs,5518
418109,30153,1341431140,MT,Not a fan of this at all. self-improvement advice being inconsistent,5519
9881,14577,1341431200,RT,Love this! leaders avoiding responsibility,5520
13027,64280,1341431260,RE,Love this! weak safeguards for sensitive data,5521
56733,7514,1341431320,MT,Love this! overemphasis on quick fixes instead of lifestyle changes,5522
34227,58210,1341431380,RT,Love this! climate policy being delayed,5523
21097,113163,1341431440,RE,Love this! market manipulation harming ordinary investors,5524
26681,133864,1341431500,MT,Love this! overcrowded sports facilities,5525
132650,254611,1341431560,RT,Love this! overrated performances receiving awards,5526
2673,81674,1341431620,RE,Love this! training programs not inclusive,5527
131668,53966,1341431680,MT,Love this! scientific studies being criticized unfairly,5528
159807,109527,1341431740,RT,Love this! healthy routines interrupted by daily pressures,5529
51742,5226,1341431800,RE,So glad to see this! leaders avoiding responsibility,5530
7383,26930,1341431860,MT,So glad to see this! weak safeguards for sensitive data,5531
26307,40220,1341431920,RT,So glad to see this! overemphasis on quick fixes instead of lifestyle changes,5532
25007,90718,1341431980,RE,So glad to see this! climate policy being delayed,5533
12666,61101,1341432040,MT,So glad to see this! market manipulation harming ordinary investors,5534
22397,97478,1341432100,RT,So glad to see this! overcrowded sports facilities,5535
50249,64320,1341432160,RE,So glad to see this! overrated performances receiving awards,5536
451156,383668,1341432220,MT,So glad to see this! training programs not inclusive,5537
87983,16435,1341432280,RT,So glad to see this! scientific studies being criticized unfairly,5538
70380,316130,1341432340,RE,So glad to see this! healthy routines interrupted by daily pressures,5539
243,37341,1341432400,MT,Brilliant work! leaders avoiding responsibility,5540
220058,1997,1341432460,RT,Brilliant work! weak safeguards for sensitive data,5541
54796,82268,1341432520,RE,Brilliant work! overemphasis on quick fixes instead of lifestyle changes,5542
50329,7551,1341432580,MT,Brilliant work! climate policy being delayed,5543
144933,74040,1341432640,RT,Brilliant work! market manipulation harming ordinary investors,5544
11405,20073,1341432700,RE,Brilliant work! overcrowded sports facilities,5545
114159,104265,1341432760,MT,Brilliant work! overrated performances receiving awards,5546
252174,8913,1341432820,RT,Brilliant work! training programs not inclusive,5547
22799,278652,1341432880,RE,Brilliant work! scientific studies being criticized unfairly,5548
172167,80087,1341432940,MT,Brilliant work! healthy routines interrupted by daily pressures,5549
60169,194092,1341433000,RT,Hate this. leaders avoiding responsibility,5550
13506,16695,1341433060,RE,Hate this. weak safeguards for sensitive data,5551
33601,38377,1341433120,MT,Hate this. overemphasis on quick fixes instead of lifestyle changes,5552
34226,78809,1341433180,RT,Hate this. climate policy being delayed,5553
39074,428447,1341433240,RE,Hate this. market manipulation harming ordinary investors,5554
14431,2521,1341433300,MT,Hate this. overcrowded sports facilities,5555
76048,281202,1341433360,RT,Hate this. overrated performances receiving awards,5556
317497,39351,1341433420,RE,Hate this. training programs not inclusive,5557
157006,23752,1341433480,MT,Hate this. scientific studies being criticized unfairly,5558
101981,142050,1341433540,RT,Hate this. healthy routines interrupted by daily pressures,5559
1988,4526,1341433600,RE,This is disappointing. leaders avoiding responsibility,5560
84112,39523,1341433660,MT,This is disappointing. weak safeguards for sensitive data,5561
33569,27864,1341433720,RT,This is disappointing. overemphasis on quick fixes instead of lifestyle changes,5562
43544,368167,1341433780,RE,This is disappointing. climate policy being delayed,5563
104281,33787,1341433840,MT,This is disappointing. market manipulation harming ordinary investors,5564
109191,43719,1341433900,RT,This is disappointing. overcrowded sports facilities,5565
61446,5832,1341433960,RE,This is disappointing. overrated performances receiving awards,5566
34852,74315,1341434020,MT,This is disappointing. training programs not inclusive,5567
31334,302964,1341434080,RT,This is disappointing. scientific studies being criticized unfairly,5568
35535,94373,1341434140,RE,This is disappointing. healthy routines interrupted by daily pressures,5569
14682,51,1341434200,MT,Not a fan of this at all. leaders avoiding responsibility,5570
38009,37832,1341434260,RT,Not a fan of this at all. weak safeguards for sensitive data,5571
50266,111105,1341434320,RE,Not a fan of this at all. overemphasis on quick fixes instead of lifestyle changes,5572
35344,101854,1341434380,MT,Not a fan of this at all. climate policy being delayed,5573
43952,61515,1341434440,RT,Not a fan of this at all. market manipulation harming ordinary investors,5574
5602,129505,1341434500,RE,Not a fan of this at all. overcrowded sports facilities,5575
93162,196143,1341434560,MT,Not a fan of this at all. overrated performances receiving awards,5576
39351,57942,1341434620,RT,Not a fan of this at all. training programs not inclusive,5577
4285,116191,1341434680,RE,Not a fan of this at all. scientific studies being criticized unfairly,5578
9108,20152,1341434740,MT,Not a fan of this at all. healthy routines interrupted by daily pressures,5579
4526,7533,1341434800,RT,Love this! public trust being taken for granted,5580
43701,19843,1341434860,RE,Love this! tech leaders avoiding responsibility,5581
31288,40303,1341434920,MT,Love this! poorly funded community health programs,5582
58518,7284,1341434980,RT,Love this! government ignoring scientific advice,5583
16003,50325,1341435040,RE,Love this! fees and hidden costs reducing accessibility,5584
26681,31926,1341435100,MT,Love this! limited opportunities for women in sports,5585
8989,150890,1341435160,RT,Love this! TV shows canceled too early,5586
1989,387245,1341435220,RE,Love this! educational resources being wasted,5587
23517,82741,1341435280,MT,Love this! innovation limited by regulations,5588
81427,49974,1341435340,RT,Love this! overloaded schedules preventing personal growth,5589
162402,980,1341435400,RE,So glad to see this! public trust being taken for granted,5590
6651,14571,1341435460,MT,So glad to see this! tech leaders avoiding responsibility,5591
5380,36556,1341435520,RT,So glad to see this! poorly funded community health programs,5592
27682,62428,1341435580,RE,So glad to see this! government ignoring scientific advice,5593
14642,3146,1341435640,MT,So glad to see this! fees and hidden costs reducing accessibility,5594
179483,16546,1341435700,RT,So glad to see this! limited opportunities for women in sports,5595
6694,61890,1341435760,RE,So glad to see this! TV shows canceled too early,5596
132830,27034,1341435820,MT,So glad to see this! educational resources being wasted,5597
337963,132649,1341435880,RT,So glad to see this! innovation limited by regulations,5598
36841,40275,1341435940,RE,So glad to see this! overloaded schedules preventing personal growth,5599
11921,33383,1341436000,MT,Brilliant work! public trust being taken for granted,5600
5071,221,1341436060,RT,Brilliant work! tech leaders avoiding responsibility,5601
6897,117155,1341436120,RE,Brilliant work! poorly funded community health programs,5602
134095,52882,1341436180,MT,Brilliant work! government ignoring scientific advice,5603
113163,17966,1341436240,RT,Brilliant work! fees and hidden costs reducing accessibility,5604
66669,20273,1341436300,RE,Brilliant work! limited opportunities for women in sports,5605
16333,165916,1341436360,MT,Brilliant work! TV shows canceled too early,5606
134595,45322,1341436420,RT,Brilliant work! educational resources being wasted,5607
15507,70271,1341436480,RE,Brilliant work! innovation limited by regulations,5608
278585,41041,1341436540,MT,Brilliant work! overloaded schedules preventing personal growth,5609
35481,7962,1341436600,RT,Hate this. public trust being taken for granted,5610
23037,359985,1341436660,RE,Hate this. tech leaders avoiding responsibility,5611
16204,3024,1341436720,MT,Hate this. poorly funded community health programs,5612
52897,87129,1341436780,RT,Hate this. government ignoring scientific advice,5613
43793,124534,1341436840,RE,Hate this. fees and hidden costs reducing accessibility,5614
13256,323711,1341436900,MT,Hate this. limited opportunities for women in sports,5615
29721,5832,1341436960,RT,Hate this. TV shows canceled too early,5616
88419,46112,1341437020,RE,Hate this. educational resources being wasted,5617
8915,20905,1341437080,MT,Hate this. innovation limited by regulations,5618
71545,41385,1341437140,RT,Hate this. overloaded schedules preventing personal growth,5619
59,349,1341437200,RE,This is disappointing. public trust being taken for granted,5620
1322,40285,1341437260,MT,This is disappointing. tech leaders avoiding responsibility,5621
232659,74036,1341437320,RT,This is disappointing. poorly funded community health programs,5622
735,225087,1341437380,RE,This is disappointing. government ignoring scientific advice,5623
21929,30742,1341437440,MT,This is disappointing. fees and hidden costs reducing accessibility,5624
27872,22185,1341437500,RT,This is disappointing. limited opportunities for women in sports,5625
65187,170103,1341437560,RE,This is disappointing. TV shows canceled too early,5626
12456,34852,1341437620,MT,This is disappointing. educational resources being wasted,5627
8915,67580,1341437680,RT,This is disappointing. innovation limited by regulations,5628
83695,36079,1341437740,RE,This is disappointing. overloaded schedules preventing personal growth,5629
274,13633,1341437800,MT,Not a fan of this at all. public trust being taken for granted,5630
75721,14600,1341437860,RT,Not a fan of this at all. tech leaders avoiding responsibility,5631
93062,16304,1341437920,RE,Not a fan of this at all. poorly funded community health programs,5632
12686,8719,1341437980,MT,Not a fan of this at all. government ignoring scientific advice,5633
94713,11666,1341438040,RT,Not a fan of this at all. fees and hidden costs reducing accessibility,5634
15493,61005,1341438100,RE,Not a fan of this at all. limited opportunities for women in sports,5635
131538,82988,1341438160,MT,Not a fan of this at all. TV shows canceled too early,5636
5965,3138,1341438220,RT,Not a fan of this at all. educational resources being wasted,5637
209683,60995,1341438280,RE,Not a fan of this at all. innovation limited by regulations,5638
178088,231873,1341438340,MT,Not a fan of this at all. overloaded schedules preventing personal growth,5639
16533,19153,1341438400,RT,Love this! decisions made without data,5640
18662,6651,1341438460,RE,Love this! AI systems failing without explanation,5641
2689,38224,1341438520,MT,Love this! nutrition education being underprioritized,5642
14539,165058,1341438580,RT,Love this! waste management systems failing,5643
98138,288158,1341438640,RE,Love this! risk management in finance being overlooked,5644
8732,169977,1341438700,MT,Love this! sports programs focusing only on elite athletes,5645
18654,27748,1341438760,RT,Love this! lack of support for emerging talent,5646
39371,335212,1341438820,RE,Love this! careers limited by systemic issues,5647
10638,90235,1341438880,MT,Love this! critical space research overlooked,5648
19253,2084,1341438940,RT,Love this! limited support for mental wellness,5649
5245,7437,1341439000,RE,So glad to see this! decisions made without data,5650
19843,369,1341439060,MT,So glad to see this! AI systems failing without explanation,5651
51749,27635,1341439120,RT,So glad to see this! nutrition education being underprioritized,5652
359960,51637,1341439180,RE,So glad to see this! waste management systems failing,5653
229438,1720,1341439240,MT,So glad to see this! risk management in finance being overlooked,5654
34179,40478,1341439300,RT,So glad to see this! sports programs focusing only on elite athletes,5655
15407,196143,1341439360,RE,So glad to see this! lack of support for emerging talent,5656
35180,37173,1341439420,MT,So glad to see this! careers limited by systemic issues,5657
21314,2916,1341439480,RT,So glad to see this! critical space research overlooked,5658
159599,141691,1341439540,RE,So glad to see this! limited support for mental wellness,5659
9704,1267,1341439600,MT,Brilliant work! decisions made without data,5660
69032,8209,1341439660,RT,Brilliant work! AI systems failing without explanation,5661
192273,5500,1341439720,RE,Brilliant work! nutrition education being underprioritized,5662
47608,74039,1341439780,MT,Brilliant work! waste management systems failing,5663
22634,12122,1341439840,RT,Brilliant work! risk management in finance being overlooked,5664
82566,1284,1341439900,RE,Brilliant work! sports programs focusing only on elite athletes,5665
165916,65007,1341439960,MT,Brilliant work! lack of support for emerging talent,5666
3138,100924,1341440020,RT,Brilliant work! careers limited by systemic issues,5667
102472,51892,1341440080,RE,Brilliant work! critical space research overlooked,5668
80087,57994,1341440140,MT,Brilliant work! limited support for mental wellness,5669
194092,356,1341440200,RT,Hate this. decisions made without data,5670
14674,3188,1341440260,RE,Hate this. AI systems failing without explanation,5671
7340,314122,1341440320,MT,Hate this. nutrition education being underprioritized,5672
13092,52512,1341440380,RT,Hate this. waste management systems failing,5673
152360,22634,1341440440,RE,Hate this. risk management in finance being overlooked,5674
60525,59266,1341440500,MT,Hate this. sports programs focusing only on elite athletes,5675
11967,9919,1341440560,RT,Hate this. lack of support for emerging talent,5676
87319,29378,1341440620,RE,Hate this. careers limited by systemic issues,5677
74369,283683,1341440680,MT,Hate this. critical space research overlooked,5678
35535,77692,1341440740,RT,Hate this. limited support for mental wellness,5679
39889,12751,1341440800,RE,This is disappointing. decisions made without data,5680
116924,121293,1341440860,MT,This is disappointing. AI systems failing without explanation,5681
5188,6525,1341440920,RT,This is disappointing. nutrition education being underprioritized,5682
9914,147178,1341440980,RE,This is disappointing. waste management systems failing,5683
53477,119972,1341441040,MT,This is disappointing. risk management in finance being overlooked,5684
42916,195807,1341441100,RT,This is disappointing. sports programs focusing only on elite athletes,5685
189336,31966,1341441160,RE,This is disappointing. lack of support for emerging talent,5686
73556,116512,1341441220,MT,This is disappointing. careers limited by systemic issues,5687
96783,101877,1341441280,RT,This is disappointing. critical space research overlooked,5688
102564,13584,1341441340,RE,This is disappointing. limited support for mental wellness,5689
31534,11852,1341441400,MT,Not a fan of this at all. decisions made without data,5690
52514,6703,1341441460,RT,Not a fan of this at all. AI systems failing without explanation,5691
195232,85424,1341441520,RE,Not a fan of this at all. nutrition education being underprioritized,5692
46527,3642,1341441580,MT,Not a fan of this at all. waste management systems failing,5693
119972,2360,1341441640,RT,Not a fan of this at all. risk management in finance being overlooked,5694
4199,20922,1341441700,RE,Not a fan of this at all. sports programs focusing only on elite athletes,5695
8396,296637,1341441760,MT,Not a fan of this at all. lack of support for emerging talent,5696
14134,168394,1341441820,RT,Not a fan of this at all. careers limited by systemic issues,5697
206773,12595,1341441880,RE,Not a fan of this at all. critical space research overlooked,5698
28455,102377,1341441940,MT,Not a fan of this at all. limited support for mental wellness,5699
33476,65301,1341442000,RT,Love this! empty rhetoric replacing action,5700
4986,113517,1341442060,RE,Love this! innovation driven purely by profit,5701
104774,37443,1341442120,MT,Love this! health inequities growing wider,5702
177746,4375,1341442180,RT,Love this! energy efficiency standards being lax,5703
16441,13516,1341442240,RE,Love this! fraud in DeFi platforms,5704
106871,33070,1341442300,MT,Love this! youth losing interest due to lack of support,5705
261259,147968,1341442360,RT,Love this! fans upset by changes to beloved franchises,5706
3138,11588,1341442420,RE,Love this! learning environments lacking safety,5707
42574,100921,1341442480,MT,Love this! scientific debates being politicized,5708
1795,102377,1341442540,RT,Love this! lifestyle apps failing to deliver results,5709
12465,396,1341442600,RE,So glad to see this! empty rhetoric replacing action,5710
8021,42180,1341442660,MT,So glad to see this! innovation driven purely by profit,5711
2866,170689,1341442720,RT,So glad to see this! health inequities growing wider,5712
23159,13920,1341442780,RE,So glad to see this! energy efficiency standards being lax,5713
154107,22636,1341442840,MT,So glad to see this! fraud in DeFi platforms,5714
90979,3836,1341442900,RT,So glad to see this! youth losing interest due to lack of support,5715
80926,4014,1341442960,RE,So glad to see this! fans upset by changes to beloved franchises,5716
100067,27839,1341443020,MT,So glad to see this! learning environments lacking safety,5717
210749,243650,1341443080,RT,So glad to see this! scientific debates being politicized,5718
410219,11365,1341443140,RE,So glad to see this! lifestyle apps failing to deliver results,5719
2055,250519,1341443200,MT,Brilliant work! empty rhetoric replacing action,5720
87263,235473,1341443260,RT,Brilliant work! innovation driven purely by profit,5721
64729,89016,1341443320,RE,Brilliant work! health inequities growing wider,5722
286570,126091,1341443380,MT,Brilliant work! energy efficiency standards being lax,5723
37559,2360,1341443440,RT,Brilliant work! fraud in DeFi platforms,5724
111325,85314,1341443500,RE,Brilliant work! youth losing interest due to lack of support,5725
24082,72174,1341443560,MT,Brilliant work! fans upset by changes to beloved franchises,5726
26611,1995,1341443620,RT,Brilliant work! learning environments lacking safety,5727
97197,309611,1341443680,RE,Brilliant work! scientific debates being politicized,5728
338829,82643,1341443740,MT,Brilliant work! lifestyle apps failing to deliver results,5729
3994,2237,1341443800,RT,Hate this. empty rhetoric replacing action,5730
867,43701,1341443860,RE,Hate this. innovation driven purely by profit,5731
122460,75083,1341443920,MT,Hate this. health inequities growing wider,5732
67159,177746,1341443980,RT,Hate this. energy efficiency standards being lax,5733
198079,3146,1341444040,RE,Hate this. fraud in DeFi platforms,5734
310776,35707,1341444100,MT,Hate this. youth losing interest due to lack of support,5735
269219,176473,1341444160,RT,Hate this. fans upset by changes to beloved franchises,5736
50408,27452,1341444220,RE,Hate this. learning environments lacking safety,5737
132182,148429,1341444280,MT,Hate this. scientific debates being politicized,5738
181920,62673,1341444340,RT,Hate this. lifestyle apps failing to deliver results,5739
5516,1553,1341444400,RE,This is disappointing. empty rhetoric replacing action,5740
28516,2060,1341444460,MT,This is disappointing. innovation driven purely by profit,5741
4239,11621,1341444520,RT,This is disappointing. health inequities growing wider,5742
80009,66350,1341444580,RE,This is disappointing. energy efficiency standards being lax,5743
120742,104281,1341444640,MT,This is disappointing. fraud in DeFi platforms,5744
11139,63808,1341444700,RT,This is disappointing. youth losing interest due to lack of support,5745
2681,265301,1341444760,RE,This is disappointing. fans upset by changes to beloved franchises,5746
100067,40780,1341444820,MT,This is disappointing. learning environments lacking safety,5747
13892,43276,1341444880,RT,This is disappointing. scientific debates being politicized,5748
114461,244219,1341444940,RE,This is disappointing. lifestyle apps failing to deliver results,5749
11852,3994,1341445000,MT,Not a fan of this at all. empty rhetoric replacing action,5750
40558,58991,1341445060,RT,Not a fan of this at all. innovation driven purely by profit,5751
106209,37726,1341445120,RE,Not a fan of this at all. health inequities growing wider,5752
5813,4375,1341445180,MT,Not a fan of this at all. energy efficiency standards being lax,5753
204755,38448,1341445240,RT,Not a fan of this at all. fraud in DeFi platforms,5754
10819,6338,1341445300,RE,Not a fan of this at all. youth losing interest due to lack of support,5755
32424,147241,1341445360,MT,Not a fan of this at all. fans upset by changes to beloved franchises,5756
14415,18143,1341445420,RT,Not a fan of this at all. learning environments lacking safety,5757
17939,51168,1341445480,RE,Not a fan of this at all. scientific debates being politicized,5758
410219,83127,1341445540,MT,Not a fan of this at all. lifestyle apps failing to deliver results,5759
3994,2156,1341445600,RT,Love this! inequality being downplayed by officials,5760
7383,14571,1341445660,RE,Love this! technology advancing faster than regulation,5761
38677,7514,1341445720,MT,Love this! exercise programs not accessible to everyone,5762
3777,8126,1341445780,RT,Love this! carbon offset programs lacking transparency,5763
66495,136493,1341445840,RE,Love this! speculative investments causing instability,5764
13609,20373,1341445900,MT,Love this! mental health challenges ignored in teams,5765
157551,20191,1341445960,RT,Love this! public image affecting perception unfairly,5766
116683,26149,1341446020,RE,Love this! underfunded programs reducing quality,5767
330895,90145,1341446080,MT,Love this! data transparency being insufficient,5768
18901,124459,1341446140,RT,Love this! lack of community in self-improvement,5769
243,891,1341446200,RE,So glad to see this! inequality being downplayed by officials,5770
42643,137247,1341446260,MT,So glad to see this! technology advancing faster than regulation,5771
56797,82825,1341446320,RT,So glad to see this! exercise programs not accessible to everyone,5772
372414,2786,1341446380,RE,So glad to see this! carbon offset programs lacking transparency,5773
6761,30714,1341446440,MT,So glad to see this! speculative investments causing instability,5774
109191,126458,1341446500,RT,So glad to see this! mental health challenges ignored in teams,5775
20187,23125,1341446560,RE,So glad to see this! public image affecting perception unfairly,5776
88355,245594,1341446620,MT,So glad to see this! underfunded programs reducing quality,5777
28802,260659,1341446680,RT,So glad to see this! data transparency being insufficient,5778
21832,8889,1341446740,RE,So glad to see this! lack of community in self-improvement,5779
11792,9964,1341446800,MT,Brilliant work! inequality being downplayed by officials,5780
84112,31836,1341446860,RT,Brilliant work! technology advancing faster than regulation,5781
91115,269152,1341446920,RE,Brilliant work! exercise programs not accessible to everyone,5782
18561,11945,1341446980,MT,Brilliant work! carbon offset programs lacking transparency,5783
92781,54892,1341447040,RT,Brilliant work! speculative investments causing instability,5784
81105,303205,1341447100,RE,Brilliant work! mental health challenges ignored in teams,5785
39086,21007,1341447160,MT,Brilliant work! public image affecting perception unfairly,5786
134505,302505,1341447220,RT,Brilliant work! underfunded programs reducing quality,5787
65673,359339,1341447280,RE,Brilliant work! data transparency being insufficient,5788
316130,83127,1341447340,MT,Brilliant work! lack of community in self-improvement,5789
26398,26158,1341447400,RT,Hate this. inequality being downplayed by officials,5790
59012,17507,1341447460,RE,Hate this. technology advancing faster than regulation,5791
25258,49673,1341447520,MT,Hate this. exercise programs not accessible to everyone,5792
41733,38695,1341447580,RT,Hate this. carbon offset programs lacking transparency,5793
223728,53504,1341447640,RE,Hate this. speculative investments causing instability,5794
10925,77194,1341447700,MT,Hate this. mental health challenges ignored in teams,5795
50202,50865,1341447760,RT,Hate this. public image affecting perception unfairly,5796
264996,54292,1341447820,RE,Hate this. underfunded programs reducing quality,5797
223125,24804,1341447880,MT,Hate this. data transparency being insufficient,5798
20939,191347,1341447940,RT,Hate this. lack of community in self-improvement,5799
16783,44086,1341448000,RE,This is disappointing. inequality being downplayed by officials,5800
23037,16746,1341448060,MT,This is disappointing. technology advancing faster than regulation,5801
267269,36572,1341448120,RT,This is disappointing. exercise programs not accessible to everyone,5802
74039,181181,1341448180,RE,This is disappointing. carbon offset programs lacking transparency,5803
61332,335263,1341448240,MT,This is disappointing. speculative investments causing instability,5804
23430,14431,1341448300,RT,This is disappointing. mental health challenges ignored in teams,5805
67681,141853,1341448360,RE,This is disappointing. public image affecting perception unfairly,5806
29054,21062,1341448420,MT,This is disappointing. underfunded programs reducing quality,5807
16681,140629,1341448480,RT,This is disappointing. data transparency being insufficient,5808
324281,2169,1341448540,RE,This is disappointing. lack of community in self-improvement,5809
6644,62542,1341448600,MT,Not a fan of this at all. inequality being downplayed by officials,5810
14604,73478,1341448660,RT,Not a fan of this at all. technology advancing faster than regulation,5811
54291,54796,1341448720,RE,Not a fan of this at all. exercise programs not accessible to everyone,5812
437,2568,1341448780,MT,Not a fan of this at all. carbon offset programs lacking transparency,5813
42510,42208,1341448840,RT,Not a fan of this at all. speculative investments causing instability,5814
182825,77548,1341448900,RE,Not a fan of this at all. mental health challenges ignored in teams,5815
120684,54021,1341448960,MT,Not a fan of this at all. public image affecting perception unfairly,5816
154198,49090,1341449020,RT,Not a fan of this at all. underfunded programs reducing quality,5817
384761,815,1341449080,RE,Not a fan of this at all. data transparency being insufficient,5818
22759,30826,1341449140,MT,Not a fan of this at all. lack of community in self-improvement,5819
7691,1834,1341449200,RT,Love this! important voices being silenced,5820
90083,2193,1341449260,RE,Love this! AI tools lacking clear accountability,5821
95871,13938,1341449320,MT,Love this! medical misinformation causing harm,5822
84163,4375,1341449380,RT,Love this! environmental education underfunded,5823
3146,150857,1341449440,RE,Love this! unequal financial literacy across populations,5824
5493,114273,1341449500,MT,Love this! training schedules being unrealistic,5825
31224,104265,1341449560,RT,Love this! films lacking originality,5826
18098,32351,1341449620,RE,Love this! students struggling without guidance,5827
13660,53019,1341449680,MT,Love this! research infrastructure lacking support,5828
19879,68266,1341449740,RT,Love this! fitness goals being unrealistic,5829
28951,16533,1341449800,RE,So glad to see this! important voices being silenced,5830
5280,62904,1341449860,MT,So glad to see this! AI tools lacking clear accountability,5831
121028,452892,1341449920,RT,So glad to see this! medical misinformation causing harm,5832
21606,27004,1341449980,RE,So glad to see this! environmental education underfunded,5833
14642,84831,1341450040,MT,So glad to see this! unequal financial literacy across populations,5834
27741,303205,1341450100,RT,So glad to see this! training schedules being unrealistic,5835
53885,8395,1341450160,RE,So glad to see this! films lacking originality,5836
123162,7216,1341450220,MT,So glad to see this! students struggling without guidance,5837
351520,210749,1341450280,RT,So glad to see this! research infrastructure lacking support,5838
55521,170163,1341450340,RE,So glad to see this! fitness goals being unrealistic,5839
67382,2671,1341450400,MT,Brilliant work! important voices being silenced,5840
17507,920,1341450460,RT,Brilliant work! AI tools lacking clear accountability,5841
5112,3164,1341450520,RE,Brilliant work! medical misinformation causing harm,5842
92688,8927,1341450580,MT,Brilliant work! environmental education underfunded,5843
11666,236655,1341450640,RT,Brilliant work! unequal financial literacy across populations,5844
55964,58961,1341450700,RE,Brilliant work! training schedules being unrealistic,5845
423163,1912,1341450760,MT,Brilliant work! films lacking originality,5846
79100,57092,1341450820,RT,Brilliant work! students struggling without guidance,5847
2916,36634,1341450880,RE,Brilliant work! research infrastructure lacking support,5848
265187,141691,1341450940,MT,Brilliant work! fitness goals being unrealistic,5849
2417,18168,1341451000,RT,Hate this. important voices being silenced,5850
69970,6793,1341451060,RE,Hate this. AI tools lacking clear accountability,5851
84647,40297,1341451120,MT,Hate this. medical misinformation causing harm,5852
26540,3816,1341451180,RT,Hate this. environmental education underfunded,5853
93181,61515,1341451240,RE,Hate this. unequal financial literacy across populations,5854
19944,14431,1341451300,MT,Hate this. training schedules being unrealistic,5855
32219,30442,1341451360,RT,Hate this. films lacking originality,5856
73305,35180,1341451420,RE,Hate this. students struggling without guidance,5857
70491,120179,1341451480,MT,Hate this. research infrastructure lacking support,5858
52497,305412,1341451540,RT,Hate this. fitness goals being unrealistic,5859
37523,33476,1341451600,RE,This is disappointing. important voices being silenced,5860
14600,11053,1341451660,MT,This is disappointing. AI tools lacking clear accountability,5861
53258,8303,1341451720,RT,This is disappointing. medical misinformation causing harm,5862
299898,43684,1341451780,RE,This is disappointing. environmental education underfunded,5863
64313,21134,1341451840,MT,This is disappointing. unequal financial literacy across populations,5864
81105,20111,1341451900,RT,This is disappointing. training schedules being unrealistic,5865
113088,423163,1341451960,RE,This is disappointing. films lacking originality,5866
93990,97338,1341452020,MT,This is disappointing. students struggling without guidance,5867
71394,243650,1341452080,RT,This is disappointing. research infrastructure lacking support,5868
114461,206753,1341452140,RE,This is disappointing. fitness goals being unrealistic,5869
115382,50218,1341452200,MT,Not a fan of this at all. important voices being silenced,5870
12818,20359,1341452260,RT,Not a fan of this at all. AI tools lacking clear accountability,5871
200585,120347,1341452320,RE,Not a fan of this at all. medical misinformation causing harm,5872
2350,6909,1341452380,MT,Not a fan of this at all. environmental education underfunded,5873
20367,236655,1341452440,RT,Not a fan of this at all. unequal financial literacy across populations,5874
85314,22991,1341452500,RE,Not a fan of this at all. training schedules being unrealistic,5875
190358,272,1341452560,MT,Not a fan of this at all. films lacking originality,5876
57886,249802,1341452620,RT,Not a fan of this at all. students struggling without guidance,5877
17207,142543,1341452680,RE,Not a fan of this at all. research infrastructure lacking support,5878
70102,46710,1341452740,MT,Not a fan of this at all. fitness goals being unrealistic,5879
11036,283,1341452800,RT,Love this! regressive policies being reintroduced,5880
63931,47631,1341452860,RE,Love this! users treated as test subjects,5881
11891,196658,1341452920,MT,Love this! research underfunded for rare diseases,5882
303217,15794,1341452980,RT,Love this! industrial pollution unchecked,5883
314518,35369,1341453040,RE,Love this! financial markets being driven by hype,5884
97129,238524,1341453100,MT,Love this! safety regulations not enforced,5885
57257,6658,1341453160,RT,Love this! entertainment trends causing fatigue,5886
68313,119097,1341453220,RE,Love this! workplace growth opportunities unevenly distributed,5887
209683,28643,1341453280,MT,Love this! experiments producing inconclusive results,5888
16516,54064,1341453340,RT,Love this! motivation fading over time,5889
408,11714,1341453400,RE,So glad to see this! regressive policies being reintroduced,5890
38672,11876,1341453460,MT,So glad to see this! users treated as test subjects,5891
18792,11882,1341453520,RT,So glad to see this! research underfunded for rare diseases,5892
62209,26152,1341453580,RE,So glad to see this! industrial pollution unchecked,5893
43914,288158,1341453640,MT,So glad to see this! financial markets being driven by hype,5894
118381,203863,1341453700,RT,So glad to see this! safety regulations not enforced,5895
61890,94869,1341453760,RE,So glad to see this! entertainment trends causing fatigue,5896
17103,27848,1341453820,MT,So glad to see this! workplace growth opportunities unevenly distributed,5897
6704,149796,1341453880,RT,So glad to see this! experiments producing inconclusive results,5898
3770,4363,1341453940,RE,So glad to see this! motivation fading over time,5899
62542,67382,1341454000,MT,Brilliant work! regressive policies being reintroduced,5900
44183,324955,1341454060,RT,Brilliant work! users treated as test subjects,5901
68702,69779,1341454120,RE,Brilliant work! research underfunded for rare diseases,5902
66350,303072,1341454180,MT,Brilliant work! industrial pollution unchecked,5903
10232,18388,1341454240,RT,Brilliant work! financial markets being driven by hype,5904
50945,27875,1341454300,RE,Brilliant work! safety regulations not enforced,5905
24084,106299,1341454360,MT,Brilliant work! entertainment trends causing fatigue,5906
75054,57886,1341454420,RT,Brilliant work! workplace growth opportunities unevenly distributed,5907
90495,6982,1341454480,RE,Brilliant work! experiments producing inconclusive results,5908
123628,70102,1341454540,MT,Brilliant work! motivation fading over time,5909
5245,118818,1341454600,RT,Hate this. regressive policies being reintroduced,5910
21643,14469,1341454660,RE,Hate this. users treated as test subjects,5911
41828,111391,1341454720,MT,Hate this. research underfunded for rare diseases,5912
38382,164883,1341454780,RT,Hate this. industrial pollution unchecked,5913
387599,12666,1341454840,RE,Hate this. financial markets being driven by hype,5914
21524,400577,1341454900,MT,Hate this. safety regulations not enforced,5915
53383,29264,1341454960,RT,Hate this. entertainment trends causing fatigue,5916
15251,16457,1341455020,RE,Hate this. workplace growth opportunities unevenly distributed,5917
11611,9229,1341455080,MT,Hate this. experiments producing inconclusive results,5918
209524,51247,1341455140,RT,Hate this. motivation fading over time,5919
19153,43,1341455200,RE,This is disappointing. regressive policies being reintroduced,5920
2153,116323,1341455260,MT,This is disappointing. users treated as test subjects,5921
12648,360368,1341455320,RT,This is disappointing. research underfunded for rare diseases,5922
80009,287121,1341455380,RE,This is disappointing. industrial pollution unchecked,5923
9917,238310,1341455440,MT,This is disappointing. financial markets being driven by hype,5924
11546,5799,1341455500,RT,This is disappointing. safety regulations not enforced,5925
45302,33784,1341455560,RE,This is disappointing. entertainment trends causing fatigue,5926
68313,12276,1341455620,MT,This is disappointing. workplace growth opportunities unevenly distributed,5927
307066,10728,1341455680,RT,This is disappointing. experiments producing inconclusive results,5928
174807,4412,1341455740,RE,This is disappointing. motivation fading over time,5929
59945,69417,1341455800,MT,Not a fan of this at all. regressive policies being reintroduced,5930
55955,33181,1341455860,RT,Not a fan of this at all. users treated as test subjects,5931
15691,19009,1341455920,RE,Not a fan of this at all. research underfunded for rare diseases,5932
41382,9278,1341455980,MT,Not a fan of this at all. industrial pollution unchecked,5933
10809,13374,1341456040,RT,Not a fan of this at all. financial markets being driven by hype,5934
7423,220468,1341456100,RE,Not a fan of this at all. safety regulations not enforced,5935
28067,32424,1341456160,MT,Not a fan of this at all. entertainment trends causing fatigue,5936
33150,87319,1341456220,RT,Not a fan of this at all. workplace growth opportunities unevenly distributed,5937
54488,378013,1341456280,RE,Not a fan of this at all. experiments producing inconclusive results,5938
138635,34625,1341456340,MT,Not a fan of this at all. motivation fading over time,5939
1945,27483,1341456400,RT,Love this! lack of empathy in governance,5940
1997,120719,1341456460,RE,Love this! bias audits being ignored,5941
184761,6753,1341456520,MT,Love this! health systems failing in emergencies,5942
103439,11341,1341456580,RT,Love this! endangered species at greater risk,5943
73973,22997,1341456640,RE,Love this! lack of accountability for financial misconduct,5944
59186,55964,1341456700,MT,Love this! limited outdoor spaces for community sports,5945
57754,9906,1341456760,RT,Love this! celebrities ignoring social responsibility,5946
176522,49940,1341456820,RE,Love this! educational innovation being slow,5947
53266,69648,1341456880,MT,Love this! scientists struggling with reproducibility issues,5948
69556,36045,1341456940,RT,Love this! personal development workshops underutilized,5949
86,7960,1341457000,RE,So glad to see this! lack of empathy in governance,5950
4380,308781,1341457060,MT,So glad to see this! bias audits being ignored,5951
16313,35365,1341457120,RT,So glad to see this! health systems failing in emergencies,5952
10726,86909,1341457180,RE,So glad to see this! endangered species at greater risk,5953
13618,17863,1341457240,MT,So glad to see this! lack of accountability for financial misconduct,5954
70993,431,1341457300,RT,So glad to see this! limited outdoor spaces for community sports,5955
12498,54066,1341457360,RE,So glad to see this! celebrities ignoring social responsibility,5956
30615,4751,1341457420,MT,So glad to see this! educational innovation being slow,5957
100921,188384,1341457480,RT,So glad to see this! scientists struggling with reproducibility issues,5958
18284,123628,1341457540,RE,So glad to see this! personal development workshops underutilized,5959
283,9797,1341457600,MT,Brilliant work! lack of empathy in governance,5960
75458,4177,1341457660,RT,Brilliant work! bias audits being ignored,5961
52502,104613,1341457720,RE,Brilliant work! health systems failing in emergencies,5962
36795,388659,1341457780,MT,Brilliant work! endangered species at greater risk,5963
10896,141049,1341457840,RT,Brilliant work! lack of accountability for financial misconduct,5964
92809,141637,1341457900,RE,Brilliant work! limited outdoor spaces for community sports,5965
105460,103181,1341457960,MT,Brilliant work! celebrities ignoring social responsibility,5966
27848,90474,1341458020,RT,Brilliant work! educational innovation being slow,5967
349884,123417,1341458080,RE,Brilliant work! scientists struggling with reproducibility issues,5968
156739,85960,1341458140,MT,Brilliant work! personal development workshops underutilized,5969
35843,14070,1341458200,RT,Hate this. lack of empathy in governance,5970
26538,7020,1341458260,RE,Hate this. bias audits being ignored,5971
88570,120347,1341458320,MT,Hate this. health systems failing in emergencies,5972
17871,5006,1341458380,RT,Hate this. endangered species at greater risk,5973
13137,135547,1341458440,RE,Hate this. lack of accountability for financial misconduct,5974
88209,20373,1341458500,MT,Hate this. limited outdoor spaces for community sports,5975
16406,16455,1341458560,RT,Hate this. celebrities ignoring social responsibility,5976
61891,360,1341458620,RE,Hate this. educational innovation being slow,5977
139746,265816,1341458680,MT,Hate this. scientists struggling with reproducibility issues,5978
178088,209321,1341458740,RT,Hate this. personal development workshops underutilized,5979
13799,6971,1341458800,RE,This is disappointing. lack of empathy in governance,5980
47470,34959,1341458860,MT,This is disappointing. bias audits being ignored,5981
16547,473,1341458920,RT,This is disappointing. health systems failing in emergencies,5982
93529,243397,1341458980,RE,This is disappointing. endangered species at greater risk,5983
7825,42510,1341459040,MT,This is disappointing. lack of accountability for financial misconduct,5984
49716,22185,1341459100,RT,This is disappointing. limited outdoor spaces for community sports,5985
94869,356981,1341459160,RE,This is disappointing. celebrities ignoring social responsibility,5986
102082,59977,1341459220,MT,This is disappointing. educational innovation being slow,5987
173993,74234,1341459280,RT,This is disappointing. scientists struggling with reproducibility issues,5988
10645,70380,1341459340,RE,This is disappointing. personal development workshops underutilized,5989
28476,7783,1341459400,MT,Not a fan of this at all. lack of empathy in governance,5990
14721,9707,1341459460,RT,Not a fan of this at all. bias audits being ignored,5991
20919,2866,1341459520,RE,Not a fan of this at all. health systems failing in emergencies,5992
2564,225087,1341459580,MT,Not a fan of this at all. endangered species at greater risk,5993
12223,71339,1341459640,RT,Not a fan of this at all. lack of accountability for financial misconduct,5994
14431,186674,1341459700,RE,Not a fan of this at all. limited outdoor spaces for community sports,5995
196143,2654,1341459760,MT,Not a fan of this at all. celebrities ignoring social responsibility,5996
18098,77279,1341459820,RT,Not a fan of this at all. educational innovation being slow,5997
299994,12466,1341459880,RE,Not a fan of this at all. scientists struggling with reproducibility issues,5998
6707,443811,1341459940,MT,Not a fan of this at all. personal development workshops underutilized,5999
5516,54039,1341460000,RT,Love this! policies that increase social division,6000
400,14725,1341460060,RE,Love this! technology widening the digital divide,6001
104774,3239,1341460120,MT,Love this! workplace wellness programs being tokenistic,6002
55539,68132,1341460180,RT,Love this! renewable energy incentives insufficient,6003
167,22636,1341460240,RE,Love this! insider trading affecting fairness,6004
106871,87431,1341460300,MT,Love this! inconsistent access to sports equipment,6005
99,57233,1341460360,RT,Love this! media focusing on gossip instead of work,6006
108383,90474,1341460420,RE,Love this! teachers lacking professional development,6007
243650,38711,1341460480,MT,Love this! space discoveries not widely publicized,6008
6023,623,1341460540,RT,Love this! guidance for habit-building being inadequate,6009
194092,12510,1341460600,RE,So glad to see this! policies that increase social division,6010
215057,6686,1341460660,MT,So glad to see this! technology widening the digital divide,6011
50276,233483,1341460720,RT,So glad to see this! workplace wellness programs being tokenistic,6012
129069,20988,1341460780,RE,So glad to see this! renewable energy incentives insufficient,6013
69597,26361,1341460840,MT,So glad to see this! insider trading affecting fairness,6014
6668,23477,1341460900,RT,So glad to see this! inconsistent access to sports equipment,6015
38237,39888,1341460960,RE,So glad to see this! media focusing on gossip instead of work,6016
10392,46112,1341461020,MT,So glad to see this! teachers lacking professional development,6017
8970,230245,1341461080,RT,So glad to see this! space discoveries not widely publicized,6018
32510,533,1341461140,RE,So glad to see this! guidance for habit-building being inadequate,6019
5859,519,1341461200,MT,Brilliant work! policies that increase social division,6020
773,34959,1341461260,RT,Brilliant work! technology widening the digital divide,6021
34798,38677,1341461320,RE,Brilliant work! workplace wellness programs being tokenistic,6022
22816,440981,1341461380,MT,Brilliant work! renewable energy incentives insufficient,6023
2360,29461,1341461440,RT,Brilliant work! insider trading affecting fairness,6024
2739,55495,1341461500,RE,Brilliant work! inconsistent access to sports equipment,6025
50865,80926,1341461560,MT,Brilliant work! media focusing on gossip instead of work,6026
151491,113372,1341461620,RT,Brilliant work! teachers lacking professional development,6027
101877,160629,1341461680,RE,Brilliant work! space discoveries not widely publicized,6028
101783,87771,1341461740,MT,Brilliant work! guidance for habit-building being inadequate,6029
35375,7501,1341461800,RT,Hate this. policies that increase social division,6030
1997,40973,1341461860,RE,Hate this. technology widening the digital divide,6031
360368,26807,1341461920,MT,Hate this. workplace wellness programs being tokenistic,6032
38673,174859,1341461980,RT,Hate this. renewable energy incentives insufficient,6033
80868,65000,1341462040,RE,Hate this. insider trading affecting fairness,6034
116966,31733,1341462100,MT,Hate this. inconsistent access to sports equipment,6035
55,3924,1341462160,RT,Hate this. media focusing on gossip instead of work,6036
7480,1989,1341462220,RE,Hate this. teachers lacking professional development,6037
323578,42836,1341462280,MT,Hate this. space discoveries not widely publicized,6038
43864,144026,1341462340,RT,Hate this. guidance for habit-building being inadequate,6039
216,17004,1341462400,RE,This is disappointing. policies that increase social division,6040
5281,189,1341462460,MT,This is disappointing. technology widening the digital divide,6041
7694,161907,1341462520,RT,This is disappointing. workplace wellness programs being tokenistic,6042
113315,48271,1341462580,RE,This is disappointing. renewable energy incentives insufficient,6043
204197,2360,1341462640,MT,This is disappointing. insider trading affecting fairness,6044
54229,49716,1341462700,RT,This is disappointing. inconsistent access to sports equipment,6045
998,1854,1341462760,RE,This is disappointing. media focusing on gossip instead of work,6046
9822,3226,1341462820,MT,This is disappointing. teachers lacking professional development,6047
16099,108925,1341462880,RT,This is disappointing. space discoveries not widely publicized,6048
22775,91016,1341462940,RE,This is disappointing. guidance for habit-building being inadequate,6049
465,12928,1341463000,MT,Not a fan of this at all. policies that increase social division,6050
62391,29864,1341463060,RT,Not a fan of this at all. technology widening the digital divide,6051
17332,71888,1341463120,RE,Not a fan of this at all. workplace wellness programs being tokenistic,6052
79647,77555,1341463180,MT,Not a fan of this at all. renewable energy incentives insufficient,6053
7951,153995,1341463240,RT,Not a fan of this at all. insider trading affecting fairness,6054
15521,50228,1341463300,RE,Not a fan of this at all. inconsistent access to sports equipment,6055
7215,29600,1341463360,MT,Not a fan of this at all. media focusing on gossip instead of work,6056
3166,80491,1341463420,RT,Not a fan of this at all. teachers lacking professional development,6057
119547,10728,1341463480,RE,Not a fan of this at all. space discoveries not widely publicized,6058
51755,85960,1341463540,MT,Not a fan of this at all. guidance for habit-building being inadequate,6059
2417,389,1341463600,RT,Love this! critical issues being politicized,6060
3020,74014,1341463660,RE,Love this! AI deployed without ethical review,6061
4239,17332,1341463720,MT,Love this! preventive health measures ignored,6062
13092,13239,1341463780,RT,Love this! water scarcity affecting communities,6063
68284,18388,1341463840,RE,Love this! banking systems failing underserved communities,6064
99839,68131,1341463900,MT,Love this! underfunded recreational programs,6065
115447,61446,1341463960,RT,Love this! projects failing to respect cultural sensitivity,6066
37173,19118,1341464020,RE,Love this! career support services underutilized,6067
44264,10140,1341464080,MT,Love this! research collaborations breaking down,6068
131506,7395,1341464140,RT,Love this! wellness trends causing confusion,6069
57105,12389,1341464200,RE,So glad to see this! critical issues being politicized,6070
55951,39959,1341464260,MT,So glad to see this! AI deployed without ethical review,6071
80864,103862,1341464320,RT,So glad to see this! preventive health measures ignored,6072
81150,101854,1341464380,RE,So glad to see this! water scarcity affecting communities,6073
47477,93181,1341464440,MT,So glad to see this! banking systems failing underserved communities,6074
96730,2521,1341464500,RT,So glad to see this! underfunded recreational programs,6075
126181,59177,1341464560,RE,So glad to see this! projects failing to respect cultural sensitivity,6076
35141,264996,1341464620,MT,So glad to see this! career support services underutilized,6077
23517,14890,1341464680,RT,So glad to see this! research collaborations breaking down,6078
153197,94373,1341464740,RE,So glad to see this! wellness trends causing confusion,6079
5011,6961,1341464800,MT,Brilliant work! critical issues being politicized,6080
103612,47470,1341464860,RT,Brilliant work! AI deployed without ethical review,6081
20919,49180,1341464920,RE,Brilliant work! preventive health measures ignored,6082
35334,11364,1341464980,MT,Brilliant work! water scarcity affecting communities,6083
54214,462,1341465040,RT,Brilliant work! banking systems failing underserved communities,6084
78114,26843,1341465100,RE,Brilliant work! underfunded recreational programs,6085
104320,12498,1341465160,MT,Brilliant work! projects failing to respect cultural sensitivity,6086
50947,19989,1341465220,RT,Brilliant work! career support services underutilized,6087
46825,227122,1341465280,RE,Brilliant work! research collaborations breaking down,6088
8889,79687,1341465340,MT,Brilliant work! wellness trends causing confusion,6089
42182,26153,1341465400,RT,Hate this. critical issues being politicized,6090
1647,54217,1341465460,RE,Hate this. AI deployed without ethical review,6091
37803,49673,1341465520,MT,Hate this. preventive health measures ignored,6092
47220,11960,1341465580,RT,Hate this. water scarcity affecting communities,6093
91627,12122,1341465640,RE,Hate this. banking systems failing underserved communities,6094
63143,314236,1341465700,MT,Hate this. underfunded recreational programs,6095
61873,6596,1341465760,RT,Hate this. projects failing to respect cultural sensitivity,6096
3584,104053,1341465820,RE,Hate this. career support services underutilized,6097
43998,8956,1341465880,MT,Hate this. research collaborations breaking down,6098
106558,443811,1341465940,RT,Hate this. wellness trends causing confusion,6099
3369,12281,1341466000,RE,This is disappointing. critical issues being politicized,6100
65536,42180,1341466060,MT,This is disappointing. AI deployed without ethical review,6101
184761,84647,1341466120,RT,This is disappointing. preventive health measures ignored,6102
12505,2178,1341466180,RE,This is disappointing. water scarcity affecting communities,6103
5478,69012,1341466240,MT,This is disappointing. banking systems failing underserved communities,6104
87919,115612,1341466300,RT,This is disappointing. underfunded recreational programs,6105
3372,2654,1341466360,RE,This is disappointing. projects failing to respect cultural sensitivity,6106
119097,49490,1341466420,MT,This is disappointing. career support services underutilized,6107
8915,150846,1341466480,RT,This is disappointing. research collaborations breaking down,6108
70424,37562,1341466540,RE,This is disappointing. wellness trends causing confusion,6109
5193,28586,1341466600,MT,Not a fan of this at all. critical issues being politicized,6110
110210,15439,1341466660,RT,Not a fan of this at all. AI deployed without ethical review,6111
344696,171,1341466720,RE,Not a fan of this at all. preventive health measures ignored,6112
93529,372414,1341466780,MT,Not a fan of this at all. water scarcity affecting communities,6113
52413,81723,1341466840,RT,Not a fan of this at all. banking systems failing underserved communities,6114
123135,147538,1341466900,RE,Not a fan of this at all. underfunded recreational programs,6115
218995,4014,1341466960,MT,Not a fan of this at all. projects failing to respect cultural sensitivity,6116
47506,50408,1341467020,RT,Not a fan of this at all. career support services underutilized,6117
1357,244581,1341467080,RE,Not a fan of this at all. research collaborations breaking down,6118
9108,21046,1341467140,MT,Not a fan of this at all. wellness trends causing confusion,6119
81181,191752,1341467200,RT,Love this! public welfare treated as a burden,6120
78528,14565,1341467260,RE,Love this! shortcuts taken in AI safety,6121
196658,2922,1341467320,MT,Love this! mental health initiatives lacking follow-up,6122
120908,136170,1341467380,RT,Love this! natural disaster preparedness lagging,6123
32652,32438,1341467440,RE,Love this! crypto scams spreading faster than prevention,6124
191834,28996,1341467500,MT,Love this! lack of awareness about physical health,6125
276767,18701,1341467560,RT,Love this! performance quality not meeting expectations,6126
47626,61891,1341467620,RE,Love this! students not receiving proper feedback,6127
37430,96783,1341467680,MT,Love this! funding being diverted from important science,6128
83127,7219,1341467740,RT,Love this! self-care being treated as optional,6129
50901,248,1341467800,RE,So glad to see this! public welfare treated as a burden,6130
6231,14674,1341467860,MT,So glad to see this! shortcuts taken in AI safety,6131
95871,22734,1341467920,RT,So glad to see this! mental health initiatives lacking follow-up,6132
8927,7124,1341467980,RE,So glad to see this! natural disaster preparedness lagging,6133
23318,24031,1341468040,MT,So glad to see this! crypto scams spreading faster than prevention,6134
47935,125327,1341468100,RT,So glad to see this! lack of awareness about physical health,6135
59177,65210,1341468160,RE,So glad to see this! performance quality not meeting expectations,6136
240806,73476,1341468220,MT,So glad to see this! students not receiving proper feedback,6137
236269,21704,1341468280,RT,So glad to see this! funding being diverted from important science,6138
623,199015,1341468340,RE,So glad to see this! self-care being treated as optional,6139
15769,1062,1341468400,MT,Brilliant work! public welfare treated as a burden,6140
6742,44183,1341468460,RT,Brilliant work! shortcuts taken in AI safety,6141
53258,229447,1341468520,RE,Brilliant work! mental health initiatives lacking follow-up,6142
101854,137166,1341468580,MT,Brilliant work! natural disaster preparedness lagging,6143
22634,124534,1341468640,RT,Brilliant work! crypto scams spreading faster than prevention,6144
59266,547,1341468700,RE,Brilliant work! lack of awareness about physical health,6145
54021,1317,1341468760,MT,Brilliant work! performance quality not meeting expectations,6146
4907,54292,1341468820,RT,Brilliant work! students not receiving proper feedback,6147
88440,47241,1341468880,RE,Brilliant work! funding being diverted from important science,6148
22775,246856,1341468940,MT,Brilliant work! self-care being treated as optional,6149
2567,69891,1341469000,RT,Hate this. public welfare treated as a burden,6150
3020,19843,1341469060,RE,Hate this. shortcuts taken in AI safety,6151
14934,119333,1341469120,MT,Hate this. mental health initiatives lacking follow-up,6152
10942,42064,1341469180,RT,Hate this. natural disaster preparedness lagging,6153
21097,136565,1341469240,RE,Hate this. crypto scams spreading faster than prevention,6154
224711,417,1341469300,MT,Hate this. lack of awareness about physical health,6155
2233,128853,1341469360,RT,Hate this. performance quality not meeting expectations,6156
147252,14415,1341469420,RE,Hate this. students not receiving proper feedback,6157
31305,310048,1341469480,MT,Hate this. funding being diverted from important science,6158
368955,879,1341469540,RT,Hate this. self-care being treated as optional,6159
12389,28076,1341469600,RE,This is disappointing. public welfare treated as a burden,6160
47470,5206,1341469660,MT,This is disappointing. shortcuts taken in AI safety,6161
74030,2839,1341469720,RT,This is disappointing. mental health initiatives lacking follow-up,6162
3642,77555,1341469780,RE,This is disappointing. natural disaster preparedness lagging,6163
23220,219683,1341469840,MT,This is disappointing. crypto scams spreading faster than prevention,6164
87919,14662,1341469900,RT,This is disappointing. lack of awareness about physical health,6165
24797,23395,1341469960,RE,This is disappointing. performance quality not meeting expectations,6166
27848,33719,1341470020,MT,This is disappointing. students not receiving proper feedback,6167
184353,168835,1341470080,RT,This is disappointing. funding being diverted from important science,6168
141905,30826,1341470140,RE,This is disappointing. self-care being treated as optional,6169
22990,20385,1341470200,MT,Not a fan of this at all. public welfare treated as a burden,6170
2060,64541,1341470260,RT,Not a fan of this at all. shortcuts taken in AI safety,6171
8303,27071,1341470320,RE,Not a fan of this at all. mental health initiatives lacking follow-up,6172
106758,49007,1341470380,MT,Not a fan of this at all. natural disaster preparedness lagging,6173
6502,124534,1341470440,RT,Not a fan of this at all. crypto scams spreading faster than prevention,6174
421847,129505,1341470500,RE,Not a fan of this at all. lack of awareness about physical health,6175
27748,74783,1341470560,MT,Not a fan of this at all. performance quality not meeting expectations,6176
4350,88419,1341470620,RT,Not a fan of this at all. students not receiving proper feedback,6177
299994,116191,1341470680,RE,Not a fan of this at all. funding being diverted from important science,6178
322327,202703,1341470740,MT,Not a fan of this at all. self-care being treated as optional,6179
181190,86851,1341470800,RT,Love this! ethics being sacrificed for convenience,6180
20244,57161,1341470860,RE,Love this! automation decisions made without empathy,6181
91115,13141,1341470920,MT,Love this! lack of integration between wellness programs,6182
440981,28253,1341470980,RT,Love this! pollution affecting public health,6183
14124,113358,1341471040,RE,Love this! unsustainable investment practices,6184
51704,4515,1341471100,MT,Love this! poor engagement in community sports,6185
8409,1854,1341471160,RT,Love this! public statements generating backlash,6186
1104,97524,1341471220,RE,Love this! resources concentrated in urban areas,6187
49695,101118,1341471280,MT,Love this! scientific literacy in society remains low,6188
84375,43385,1341471340,RT,Love this! coaching programs lacking follow-up,6189
4526,4336,1341471400,RE,So glad to see this! ethics being sacrificed for convenience,6190
64280,74014,1341471460,MT,So glad to see this! automation decisions made without empathy,6191
171,108150,1341471520,RT,So glad to see this! lack of integration between wellness programs,6192
299898,2676,1341471580,RE,So glad to see this! pollution affecting public health,6193
61101,54214,1341471640,MT,So glad to see this! unsustainable investment practices,6194
220468,68256,1341471700,RT,So glad to see this! poor engagement in community sports,6195
29264,38237,1341471760,RE,So glad to see this! public statements generating backlash,6196
659,9014,1341471820,MT,So glad to see this! resources concentrated in urban areas,6197
150846,157238,1341471880,RT,So glad to see this! scientific literacy in society remains low,6198
22759,92693,1341471940,RE,So glad to see this! coaching programs lacking follow-up,6199
463,960,1341472000,MT,Brilliant work! ethics being sacrificed for convenience,6200
21749,14674,1341472060,RT,Brilliant work! automation decisions made without empathy,6201
46947,29252,1341472120,RE,Brilliant work! lack of integration between wellness programs,6202
74039,3807,1341472180,MT,Brilliant work! pollution affecting public health,6203
9868,48350,1341472240,RT,Brilliant work! unsustainable investment practices,6204
33514,31551,1341472300,RE,Brilliant work! poor engagement in community sports,6205
18893,280798,1341472360,MT,Brilliant work! public statements generating backlash,6206
36618,11620,1341472420,RT,Brilliant work! resources concentrated in urban areas,6207
117319,307066,1341472480,RE,Brilliant work! scientific literacy in society remains low,6208
27734,191347,1341472540,MT,Brilliant work! coaching programs lacking follow-up,6209
43725,374,1341472600,RT,Hate this. ethics being sacrificed for convenience,6210
232850,407,1341472660,RE,Hate this. automation decisions made without empathy,6211
1285,20982,1341472720,MT,Hate this. lack of integration between wellness programs,6212
163,314,1341472780,RT,Hate this. pollution affecting public health,6213
9941,89,1341472840,RE,Hate this. unsustainable investment practices,6214
33387,22806,1341472900,MT,Hate this. poor engagement in community sports,6215
126181,77167,1341472960,RT,Hate this. public statements generating backlash,6216
42689,137343,1341473020,RE,Hate this. resources concentrated in urban areas,6217
20905,91843,1341473080,MT,Hate this. scientific literacy in society remains low,6218
65159,5004,1341473140,RT,Hate this. coaching programs lacking follow-up,6219
857,979,1341473200,RE,This is disappointing. ethics being sacrificed for convenience,6220
27484,91,1341473260,MT,This is disappointing. automation decisions made without empathy,6221
118365,73485,1341473320,RT,This is disappointing. lack of integration between wellness programs,6222
66350,53920,1341473380,RE,This is disappointing. pollution affecting public health,6223
16,112673,1341473440,MT,This is disappointing. unsustainable investment practices,6224
10574,41736,1341473500,RT,This is disappointing. poor engagement in community sports,6225
66443,126181,1341473560,RE,This is disappointing. public statements generating backlash,6226
16216,118226,1341473620,MT,This is disappointing. resources concentrated in urban areas,6227
68282,43276,1341473680,RT,This is disappointing. scientific literacy in society remains low,6228
194422,879,1341473740,RE,This is disappointing. coaching programs lacking follow-up,6229
7437,7540,1341473800,MT,Not a fan of this at all. ethics being sacrificed for convenience,6230
3228,3115,1341473860,RT,Not a fan of this at all. automation decisions made without empathy,6231
7505,56698,1341473920,RE,Not a fan of this at all. lack of integration between wellness programs,6232
77583,6909,1341473980,MT,Not a fan of this at all. pollution affecting public health,6233
94713,3146,1341474040,RT,Not a fan of this at all. unsustainable investment practices,6234
5980,75480,1341474100,RE,Not a fan of this at all. poor engagement in community sports,6235
11072,31966,1341474160,MT,Not a fan of this at all. public statements generating backlash,6236
3984,57654,1341474220,RT,Not a fan of this at all. resources concentrated in urban areas,6237
16064,166548,1341474280,RE,Not a fan of this at all. scientific literacy in society remains low,6238
364386,6712,1341474340,MT,Not a fan of this at all. coaching programs lacking follow-up,6239
3972,3533,1341474400,RT,Love this! accountability being selectively enforced,6240
42907,42927,1341474460,RE,Love this! technology shaping behavior without consent,6241
49685,1285,1341474520,MT,Love this! public health campaigns being ineffective,6242
4974,4830,1341474580,RT,Love this! climate goals not being met,6243
227353,3343,1341474640,RE,Love this! regulatory gaps putting investors at risk,6244
24669,62072,1341474700,MT,Love this! nutrition education being overlooked,6245
86184,196130,1341474760,RT,Love this! creative projects underfunded,6246
39071,176488,1341474820,RE,Love this! inequalities in access to technology,6247
18313,227122,1341474880,MT,Love this! technological advancements underutilized,6248
1160,148719,1341474940,RT,Love this! time management techniques underused,6249
6929,35481,1341475000,RE,So glad to see this! accountability being selectively enforced,6250
369,75721,1341475060,MT,So glad to see this! technology shaping behavior without consent,6251
216056,78701,1341475120,RT,So glad to see this! public health campaigns being ineffective,6252
14570,27145,1341475180,RE,So glad to see this! climate goals not being met,6253
1597,13076,1341475240,MT,So glad to see this! regulatory gaps putting investors at risk,6254
959,7845,1341475300,RT,So glad to see this! nutrition education being overlooked,6255
410367,31137,1341475360,RE,So glad to see this! creative projects underfunded,6256
117882,11872,1341475420,MT,So glad to see this! inequalities in access to technology,6257
82741,12709,1341475480,RT,So glad to see this! technological advancements underutilized,6258
80087,151791,1341475540,RE,So glad to see this! time management techniques underused,6259
68308,3393,1341475600,MT,Brilliant work! accountability being selectively enforced,6260
11844,5208,1341475660,RT,Brilliant work! technology shaping behavior without consent,6261
52502,22355,1341475720,RE,Brilliant work! public health campaigns being ineffective,6262
9914,8299,1341475780,MT,Brilliant work! climate goals not being met,6263
4344,6645,1341475840,RT,Brilliant work! regulatory gaps putting investors at risk,6264
12931,6668,1341475900,RE,Brilliant work! nutrition education being overlooked,6265
9919,69026,1341475960,MT,Brilliant work! creative projects underfunded,6266
329401,9014,1341476020,RT,Brilliant work! inequalities in access to technology,6267
28652,4285,1341476080,RE,Brilliant work! technological advancements underutilized,6268
22788,67521,1341476140,MT,Brilliant work! time management techniques underused,6269
7698,5716,1341476200,RT,Hate this. accountability being selectively enforced,6270
5071,39524,1341476260,RE,Hate this. technology shaping behavior without consent,6271
214092,28976,1341476320,MT,Hate this. public health campaigns being ineffective,6272
255249,106852,1341476380,RT,Hate this. climate goals not being met,6273
7801,8099,1341476440,RE,Hate this. regulatory gaps putting investors at risk,6274
13609,53831,1341476500,MT,Hate this. nutrition education being overlooked,6275
196143,10741,1341476560,RT,Hate this. creative projects underfunded,6276
70080,26386,1341476620,RE,Hate this. inequalities in access to technology,6277
116388,447409,1341476680,MT,Hate this. technological advancements underutilized,6278
143674,208845,1341476740,RT,Hate this. time management techniques underused,6279
59195,7437,1341476800,RE,This is disappointing. accountability being selectively enforced,6280
367,15488,1341476860,MT,This is disappointing. technology shaping behavior without consent,6281
36982,69890,1341476920,RT,This is disappointing. public health campaigns being ineffective,6282
209640,163,1341476980,RE,This is disappointing. climate goals not being met,6283
41740,12463,1341477040,MT,This is disappointing. regulatory gaps putting investors at risk,6284
44371,128709,1341477100,RT,This is disappointing. nutrition education being overlooked,6285
64266,19947,1341477160,RE,This is disappointing. creative projects underfunded,6286
124957,39362,1341477220,MT,This is disappointing. inequalities in access to technology,6287
12259,142543,1341477280,RT,This is disappointing. technological advancements underutilized,6288
19253,166451,1341477340,RE,This is disappointing. time management techniques underused,6289
14648,85592,1341477400,MT,Not a fan of this at all. accountability being selectively enforced,6290
198081,43722,1341477460,RT,Not a fan of this at all. technology shaping behavior without consent,6291
5307,515,1341477520,RE,Not a fan of this at all. public health campaigns being ineffective,6292
96963,19178,1341477580,MT,Not a fan of this at all. climate goals not being met,6293
236655,22714,1341477640,RT,Not a fan of this at all. regulatory gaps putting investors at risk,6294
123135,13233,1341477700,RE,Not a fan of this at all. nutrition education being overlooked,6295
188831,58411,1341477760,MT,Not a fan of this at all. creative projects underfunded,6296
240806,261343,1341477820,RT,Not a fan of this at all. inequalities in access to technology,6297
101877,186332,1341477880,RE,Not a fan of this at all. technological advancements underutilized,6298
2084,533,1341477940,MT,Not a fan of this at all. time management techniques underused,6299
39511,68308,1341478000,RT,Love this! citizens excluded from decision-making,6300
5206,367,1341478060,RE,Love this! AI systems influencing opinions silently,6301
43371,51181,1341478120,MT,Love this! overreliance on supplements over lifestyle change,6302
65377,152137,1341478180,RT,Love this! deforestation policies weak,6303
142114,3343,1341478240,RE,Love this! misuse of personal financial data,6304
32502,248648,1341478300,MT,Love this! coaching inconsistencies affecting performance,6305
23979,191125,1341478360,RT,Love this! audiences disappointed by live shows,6306
114631,62439,1341478420,RE,Love this! professional advancement blocked by outdated policies,6307
8915,74234,1341478480,MT,Love this! climate science being ignored by policymakers,6308
444973,159807,1341478540,RT,Love this! mindset programs not inclusive,6309
228,11852,1341478600,RE,So glad to see this! citizens excluded from decision-making,6310
188,113517,1341478660,MT,So glad to see this! AI systems influencing opinions silently,6311
229447,106789,1341478720,RT,So glad to see this! overreliance on supplements over lifestyle change,6312
27682,80477,1341478780,RE,So glad to see this! deforestation policies weak,6313
132001,39074,1341478840,MT,So glad to see this! misuse of personal financial data,6314
341871,24033,1341478900,RT,So glad to see this! coaching inconsistencies affecting performance,6315
50401,34802,1341478960,RE,So glad to see this! audiences disappointed by live shows,6316
24967,23410,1341479020,MT,So glad to see this! professional advancement blocked by outdated policies,6317
7785,22799,1341479080,RT,So glad to see this! climate science being ignored by policymakers,6318
51289,84375,1341479140,RE,So glad to see this! mindset programs not inclusive,6319
228,62542,1341479200,MT,Brilliant work! citizens excluded from decision-making,6320
10916,14600,1341479260,RT,Brilliant work! AI systems influencing opinions silently,6321
100103,2349,1341479320,RE,Brilliant work! overreliance on supplements over lifestyle change,6322
38445,58742,1341479380,MT,Brilliant work! deforestation policies weak,6323
22977,13136,1341479440,RT,Brilliant work! misuse of personal financial data,6324
87431,32534,1341479500,RE,Brilliant work! coaching inconsistencies affecting performance,6325
126181,129824,1341479560,MT,Brilliant work! audiences disappointed by live shows,6326
31564,116512,1341479620,RT,Brilliant work! professional advancement blocked by outdated policies,6327
330895,58534,1341479680,RE,Brilliant work! climate science being ignored by policymakers,6328
199015,65159,1341479740,MT,Brilliant work! mindset programs not inclusive,6329
26486,1971,1341479800,RT,Hate this. citizens excluded from decision-making,6330
68446,55951,1341479860,RE,Hate this. AI systems influencing opinions silently,6331
126242,3861,1341479920,MT,Hate this. overreliance on supplements over lifestyle change,6332
225318,9024,1341479980,RT,Hate this. deforestation policies weak,6333
50698,80431,1341480040,RE,Hate this. misuse of personal financial data,6334
122155,55495,1341480100,MT,Hate this. coaching inconsistencies affecting performance,6335
8395,106299,1341480160,RT,Hate this. audiences disappointed by live shows,6336
408904,4350,1341480220,RE,Hate this. professional advancement blocked by outdated policies,6337
28973,19192,1341480280,MT,Hate this. climate science being ignored by policymakers,6338
16516,51247,1341480340,RT,Hate this. mindset programs not inclusive,6339
11714,80101,1341480400,RE,This is disappointing. citizens excluded from decision-making,6340
34796,1877,1341480460,MT,This is disappointing. AI systems influencing opinions silently,6341
2165,13912,1341480520,RT,This is disappointing. overreliance on supplements over lifestyle change,6342
47608,92500,1341480580,RE,This is disappointing. deforestation policies weak,6343
25089,1431,1341480640,MT,This is disappointing. misuse of personal financial data,6344
28261,42287,1341480700,RT,This is disappointing. coaching inconsistencies affecting performance,6345
16523,123084,1341480760,RE,This is disappointing. audiences disappointed by live shows,6346
242386,137343,1341480820,MT,This is disappointing. professional advancement blocked by outdated policies,6347
49695,16242,1341480880,RT,This is disappointing. climate science being ignored by policymakers,6348
6350,55239,1341480940,RE,This is disappointing. mindset programs not inclusive,6349
27744,3298,1341481000,MT,Not a fan of this at all. citizens excluded from decision-making,6350
89925,1037,1341481060,RT,Not a fan of this at all. AI systems influencing opinions silently,6351
154462,19009,1341481120,RE,Not a fan of this at all. overreliance on supplements over lifestyle change,6352
12012,215055,1341481180,MT,Not a fan of this at all. deforestation policies weak,6353
462,59162,1341481240,RT,Not a fan of this at all. misuse of personal financial data,6354
6672,50265,1341481300,RE,Not a fan of this at all. coaching inconsistencies affecting performance,6355
111494,114159,1341481360,MT,Not a fan of this at all. audiences disappointed by live shows,6356
13881,74566,1341481420,RT,Not a fan of this at all. professional advancement blocked by outdated policies,6357
68079,102472,1341481480,RE,Not a fan of this at all. climate science being ignored by policymakers,6358
23946,20194,1341481540,MT,Not a fan of this at all. mindset programs not inclusive,6359
27723,245,1341481600,RT,Love this! a policy that prioritizes healthcare access for everyone,6360
16746,19843,1341481660,RE,Love this! critical tech flaws being downplayed,6361
329,44133,1341481720,MT,Love this! healthcare systems being bureaucratic,6362
12464,85083,1341481780,RT,Love this! plastic use remaining high despite campaigns,6363
30097,136565,1341481840,RE,Love this! market crashes affecting livelihoods,6364
97478,102591,1341481900,MT,Love this! fitness campaigns failing to reach everyone,6365
2555,40295,1341481960,RT,Love this! celebrities engaging in harmful promotions,6366
282515,90243,1341482020,RE,Love this! learning methods not adapting to student needs,6367
48745,10475,1341482080,MT,Love this! research not reaching marginalized communities,6368
88801,15328,1341482140,RT,Love this! resources for personal growth being uneven,6369
4182,17004,1341482200,RE,So glad to see this! a policy that prioritizes healthcare access for everyone,6370
4821,32243,1341482260,MT,So glad to see this! critical tech flaws being downplayed,6371
65709,98433,1341482320,RT,So glad to see this! healthcare systems being bureaucratic,6372
152768,17989,1341482380,RE,So glad to see this! plastic use remaining high despite campaigns,6373
20730,42825,1341482440,MT,So glad to see this! market crashes affecting livelihoods,6374
4304,62107,1341482500,RT,So glad to see this! fitness campaigns failing to reach everyone,6375
161,18654,1341482560,RE,So glad to see this! celebrities engaging in harmful promotions,6376
26611,66483,1341482620,MT,So glad to see this! learning methods not adapting to student needs,6377
38711,373653,1341482680,RT,So glad to see this! research not reaching marginalized communities,6378
70380,54265,1341482740,RE,So glad to see this! resources for personal growth being uneven,6379
317,16533,1341482800,MT,Brilliant work! a policy that prioritizes healthcare access for everyone,6380
17729,50285,1341482860,RT,Brilliant work! critical tech flaws being downplayed,6381
54301,14727,1341482920,RE,Brilliant work! healthcare systems being bureaucratic,6382
2684,4974,1341482980,MT,Brilliant work! plastic use remaining high despite campaigns,6383
31508,54070,1341483040,RT,Brilliant work! market crashes affecting livelihoods,6384
77562,50945,1341483100,RE,Brilliant work! fitness campaigns failing to reach everyone,6385
17564,104265,1341483160,MT,Brilliant work! celebrities engaging in harmful promotions,6386
128781,136490,1341483220,RT,Brilliant work! learning methods not adapting to student needs,6387
299994,47010,1341483280,RE,Brilliant work! research not reaching marginalized communities,6388
194422,304700,1341483340,MT,Brilliant work! resources for personal growth being uneven,6389
6969,14577,1341483400,RT,Hate this. a policy that prioritizes healthcare access for everyone,6390
6686,137246,1341483460,RE,Hate this. critical tech flaws being downplayed,6391
325463,207711,1341483520,MT,Hate this. healthcare systems being bureaucratic,6392
5590,6945,1341483580,RT,Hate this. plastic use remaining high despite campaigns,6393
13618,16502,1341483640,RE,Hate this. market crashes affecting livelihoods,6394
4905,277615,1341483700,MT,Hate this. fitness campaigns failing to reach everyone,6395
67681,267290,1341483760,RT,Hate this. celebrities engaging in harmful promotions,6396
29378,54292,1341483820,RE,Hate this. learning methods not adapting to student needs,6397
100921,16938,1341483880,MT,Hate this. research not reaching marginalized communities,6398
8889,138635,1341483940,RT,Hate this. resources for personal growth being uneven,6399
5193,37523,1341484000,RE,This is disappointing. a policy that prioritizes healthcare access for everyone,6400
403,31836,1341484060,MT,This is disappointing. critical tech flaws being downplayed,6401
983,46947,1341484120,RT,This is disappointing. healthcare systems being bureaucratic,6402
34809,3227,1341484180,RE,This is disappointing. plastic use remaining high despite campaigns,6403
16441,21686,1341484240,MT,This is disappointing. market crashes affecting livelihoods,6404
29315,33514,1341484300,RT,This is disappointing. fitness campaigns failing to reach everyone,6405
42984,73034,1341484360,RE,This is disappointing. celebrities engaging in harmful promotions,6406
165741,23570,1341484420,MT,This is disappointing. learning methods not adapting to student needs,6407
16064,30635,1341484480,RT,This is disappointing. research not reaching marginalized communities,6408
246856,129456,1341484540,RE,This is disappointing. resources for personal growth being uneven,6409
327,45605,1341484600,MT,Not a fan of this at all. a policy that prioritizes healthcare access for everyone,6410
26930,166174,1341484660,RT,Not a fan of this at all. critical tech flaws being downplayed,6411
71141,9003,1341484720,RE,Not a fan of this at all. healthcare systems being bureaucratic,6412
80477,285443,1341484780,MT,Not a fan of this at all. plastic use remaining high despite campaigns,6413
128773,1478,1341484840,RT,Not a fan of this at all. market crashes affecting livelihoods,6414
147538,133894,1341484900,RE,Not a fan of this at all. fitness campaigns failing to reach everyone,6415
170103,34800,1341484960,MT,Not a fan of this at all. celebrities engaging in harmful promotions,6416
479,116512,1341485020,RT,Not a fan of this at all. learning methods not adapting to student needs,6417
144204,6680,1341485080,RE,Not a fan of this at all. research not reaching marginalized communities,6418
269899,165636,1341485140,MT,Not a fan of this at all. resources for personal growth being uneven,6419
2237,356,1341485200,RT,Love this! leaders finally listening to public concerns,6420
8021,5792,1341485260,RE,Love this! responsibility being shifted to users,6421
77616,18076,1341485320,MT,Love this! wellness trends causing confusion,6422
48623,34460,1341485380,RT,Love this! inequality in environmental protection,6423
22714,213163,1341485440,RE,Love this! crypto bubbles forming rapidly,6424
51704,2521,1341485500,MT,Love this! injury rehabilitation support lacking,6425
109178,58264,1341485560,RT,Love this! streaming platforms prioritizing quantity over quality,6426
165066,98637,1341485620,RE,Love this! job market challenges affecting graduates,6427
53266,176110,1341485680,MT,Love this! experiments facing ethical challenges,6428
50770,34625,1341485740,RT,Love this! work-life balance programs being ignored,6429
7540,13798,1341485800,RE,So glad to see this! leaders finally listening to public concerns,6430
29542,59529,1341485860,MT,So glad to see this! responsibility being shifted to users,6431
2218,3603,1341485920,RT,So glad to see this! wellness trends causing confusion,6432
134095,3642,1341485980,RE,So glad to see this! inequality in environmental protection,6433
338884,9101,1341486040,MT,So glad to see this! crypto bubbles forming rapidly,6434
41736,6338,1341486100,RT,So glad to see this! injury rehabilitation support lacking,6435
121179,22451,1341486160,RE,So glad to see this! streaming platforms prioritizing quantity over quality,6436
11521,76455,1341486220,MT,So glad to see this! job market challenges affecting graduates,6437
263930,2916,1341486280,RT,So glad to see this! experiments facing ethical challenges,6438
6707,7395,1341486340,RE,So glad to see this! work-life balance programs being ignored,6439
26153,69237,1341486400,MT,Brilliant work! leaders finally listening to public concerns,6440
13778,221491,1341486460,RT,Brilliant work! responsibility being shifted to users,6441
2689,3164,1341486520,RE,Brilliant work! wellness trends causing confusion,6442
24,9278,1341486580,MT,Brilliant work! inequality in environmental protection,6443
9868,12122,1341486640,RT,Brilliant work! crypto bubbles forming rapidly,6444
183404,37510,1341486700,RE,Brilliant work! injury rehabilitation support lacking,6445
204358,10969,1341486760,MT,Brilliant work! streaming platforms prioritizing quantity over quality,6446
19872,208867,1341486820,RT,Brilliant work! job market challenges affecting graduates,6447
95377,244581,1341486880,RE,Brilliant work! experiments facing ethical challenges,6448
147396,14241,1341486940,MT,Brilliant work! work-life balance programs being ignored,6449
11852,50361,1341487000,RT,Hate this. leaders finally listening to public concerns,6450
2160,377122,1341487060,RE,Hate this. responsibility being shifted to users,6451
464,105315,1341487120,MT,Hate this. wellness trends causing confusion,6452
134304,251638,1341487180,RT,Hate this. inequality in environmental protection,6453
142290,50698,1341487240,RE,Hate this. crypto bubbles forming rapidly,6454
62358,59266,1341487300,MT,Hate this. injury rehabilitation support lacking,6455
23633,27748,1341487360,RT,Hate this. streaming platforms prioritizing quantity over quality,6456
28527,21386,1341487420,RE,Hate this. job market challenges affecting graduates,6457
130397,10752,1341487480,MT,Hate this. experiments facing ethical challenges,6458
324281,80861,1341487540,RT,Hate this. work-life balance programs being ignored,6459
250519,198048,1341487600,RE,This is disappointing. leaders finally listening to public concerns,6460
68307,23037,1341487660,MT,This is disappointing. responsibility being shifted to users,6461
103759,11095,1341487720,RT,This is disappointing. wellness trends causing confusion,6462
57916,4741,1341487780,RE,This is disappointing. inequality in environmental protection,6463
21097,227353,1341487840,MT,This is disappointing. crypto bubbles forming rapidly,6464
29805,182825,1341487900,RT,This is disappointing. injury rehabilitation support lacking,6465
70275,80926,1341487960,RE,This is disappointing. streaming platforms prioritizing quantity over quality,6466
3138,70199,1341488020,MT,This is disappointing. job market challenges affecting graduates,6467
53966,8512,1341488080,RT,This is disappointing. experiments facing ethical challenges,6468
98212,84375,1341488140,RE,This is disappointing. work-life balance programs being ignored,6469
245,14648,1341488200,MT,Not a fan of this at all. leaders finally listening to public concerns,6470
26550,1270,1341488260,RT,Not a fan of this at all. responsibility being shifted to users,6471
82825,41353,1341488320,RE,Not a fan of this at all. wellness trends causing confusion,6472
66977,36795,1341488380,MT,Not a fan of this at all. inequality in environmental protection,6473
93,7634,1341488440,RT,Not a fan of this at all. crypto bubbles forming rapidly,6474
60695,25339,1341488500,RE,Not a fan of this at all. injury rehabilitation support lacking,6475
79134,65282,1341488560,MT,Not a fan of this at all. streaming platforms prioritizing quantity over quality,6476
74315,11521,1341488620,RT,Not a fan of this at all. job market challenges affecting graduates,6477
55443,168172,1341488680,RE,Not a fan of this at all. experiments facing ethical challenges,6478
69556,352288,1341488740,MT,Not a fan of this at all. work-life balance programs being ignored,6479
243,60035,1341488800,RT,Love this! real action being taken against corruption,6480
773,7956,1341488860,RE,Love this! AI tools improving everyday productivity,6481
2143,407912,1341488920,MT,Love this! stress management programs underused,6482
30790,11945,1341488980,RT,Love this! ecosystem restoration being underprioritized,6483
39089,71079,1341489040,RE,Love this! traditional finance ignoring innovation,6484
25312,2915,1341489100,MT,Love this! sports opportunities being unequal,6485
128973,334930,1341489160,RT,Love this! artists underappreciated for innovative work,6486
309612,28913,1341489220,RE,Love this! career mentorship unavailable for many,6487
20905,45587,1341489280,MT,Love this! scientific publications being delayed,6488
92785,201077,1341489340,RT,Love this! self-improvement content overloaded,6489
12281,16096,1341489400,RE,So glad to see this! real action being taken against corruption,6490
14725,34796,1341489460,MT,So glad to see this! AI tools improving everyday productivity,6491
1416,10704,1341489520,RT,So glad to see this! stress management programs underused,6492
42177,44,1341489580,RE,So glad to see this! ecosystem restoration being underprioritized,6493
21057,152942,1341489640,MT,So glad to see this! traditional finance ignoring innovation,6494
971,22955,1341489700,RT,So glad to see this! sports opportunities being unequal,6495
218995,160989,1341489760,RE,So glad to see this! artists underappreciated for innovative work,6496
164123,317497,1341489820,MT,So glad to see this! career mentorship unavailable for many,6497
42831,98493,1341489880,RT,So glad to see this! scientific publications being delayed,6498
11003,2173,1341489940,RE,So glad to see this! self-improvement content overloaded,6499
11036,9021,1341490000,MT,Brilliant work! real action being taken against corruption,6500
109647,405665,1341490060,RT,Brilliant work! AI tools improving everyday productivity,6501
111391,17332,1341490120,RE,Brilliant work! stress management programs underused,6502
204768,101854,1341490180,MT,Brilliant work! ecosystem restoration being underprioritized,6503
13618,7646,1341490240,RT,Brilliant work! traditional finance ignoring innovation,6504
303205,822,1341490300,RE,Brilliant work! sports opportunities being unequal,6505
86066,128973,1341490360,MT,Brilliant work! artists underappreciated for innovative work,6506
40780,43643,1341490420,RT,Brilliant work! career mentorship unavailable for many,6507
209683,9229,1341490480,RE,Brilliant work! scientific publications being delayed,6508
31222,128458,1341490540,MT,Brilliant work! self-improvement content overloaded,6509
11921,2634,1341490600,RT,Hate this. real action being taken against corruption,6510
136111,4570,1341490660,RE,Hate this. AI tools improving everyday productivity,6511
10853,3259,1341490720,MT,Hate this. stress management programs underused,6512
5813,165693,1341490780,RT,Hate this. ecosystem restoration being underprioritized,6513
167,42208,1341490840,RE,Hate this. traditional finance ignoring innovation,6514
125327,3691,1341490900,MT,Hate this. sports opportunities being unequal,6515
32424,89751,1341490960,RT,Hate this. artists underappreciated for innovative work,6516
105731,154068,1341491020,RE,Hate this. career mentorship unavailable for many,6517
58032,90235,1341491080,MT,Hate this. scientific publications being delayed,6518
70424,381497,1341491140,RT,Hate this. self-improvement content overloaded,6519
19153,4888,1341491200,RE,This is disappointing. real action being taken against corruption,6520
47631,10855,1341491260,MT,This is disappointing. AI tools improving everyday productivity,6521
2218,66278,1341491320,RT,This is disappointing. stress management programs underused,6522
34809,9100,1341491380,RE,This is disappointing. ecosystem restoration being underprioritized,6523
136493,56038,1341491440,MT,This is disappointing. traditional finance ignoring innovation,6524
6711,102591,1341491500,RT,This is disappointing. sports opportunities being unequal,6525
168893,86496,1341491560,RE,This is disappointing. artists underappreciated for innovative work,6526
97599,70340,1341491620,MT,This is disappointing. career mentorship unavailable for many,6527
74187,130815,1341491680,RT,This is disappointing. scientific publications being delayed,6528
212970,170163,1341491740,RE,This is disappointing. self-improvement content overloaded,6529
759,981,1341491800,MT,Not a fan of this at all. real action being taken against corruption,6530
92,14677,1341491860,RT,Not a fan of this at all. AI tools improving everyday productivity,6531
38225,2839,1341491920,RE,Not a fan of this at all. stress management programs underused,6532
50679,49701,1341491980,MT,Not a fan of this at all. ecosystem restoration being underprioritized,6533
93,42947,1341492040,RT,Not a fan of this at all. traditional finance ignoring innovation,6534
46378,20373,1341492100,RE,Not a fan of this at all. sports opportunities being unequal,6535
20276,11967,1341492160,MT,Not a fan of this at all. artists underappreciated for innovative work,6536
52471,62965,1341492220,RT,Not a fan of this at all. career mentorship unavailable for many,6537
57648,25766,1341492280,RE,Not a fan of this at all. scientific publications being delayed,6538
43864,141905,1341492340,MT,Not a fan of this at all. self-improvement content overloaded,6539
30225,216,1341492400,RT,Love this! transparent decision-making in government,6540
34629,30075,1341492460,RE,Love this! technology making complex tasks easier,6541
44307,47759,1341492520,MT,Love this! inadequate care for chronic illness patients,6542
756,18036,1341492580,RT,Love this! urban planning ignoring green spaces,6543
61508,18038,1341492640,RE,Love this! high fees limiting investment access,6544
73227,50299,1341492700,MT,Love this! overemphasis on winning over wellness,6545
271995,58264,1341492760,RT,Love this! content creators facing unfair criticism,6546
17185,165066,1341492820,RE,Love this! educational programs failing to inspire,6547
23648,8839,1341492880,MT,Love this! space technology being underfunded,6548
126503,70518,1341492940,RT,Love this! healthy lifestyle advice inconsistent,6549
220,12281,1341493000,RE,So glad to see this! transparent decision-making in government,6550
49159,523,1341493060,MT,So glad to see this! technology making complex tasks easier,6551
106925,192273,1341493120,RT,So glad to see this! inadequate care for chronic illness patients,6552
13879,13222,1341493180,RE,So glad to see this! urban planning ignoring green spaces,6553
17573,32438,1341493240,MT,So glad to see this! high fees limiting investment access,6554
15039,323711,1341493300,RT,So glad to see this! overemphasis on winning over wellness,6555
16455,6596,1341493360,RE,So glad to see this! content creators facing unfair criticism,6556
387245,90752,1341493420,MT,So glad to see this! educational programs failing to inspire,6557
89408,54359,1341493480,RT,So glad to see this! space technology being underfunded,6558
42034,261489,1341493540,RE,So glad to see this! healthy lifestyle advice inconsistent,6559
243,93502,1341493600,MT,Brilliant work! transparent decision-making in government,6560
1322,6231,1341493660,RT,Brilliant work! technology making complex tasks easier,6561
45144,56698,1341493720,RE,Brilliant work! inadequate care for chronic illness patients,6562
12440,10264,1341493780,MT,Brilliant work! urban planning ignoring green spaces,6563
17012,12122,1341493840,RT,Brilliant work! high fees limiting investment access,6564
187844,147538,1341493900,RE,Brilliant work! overemphasis on winning over wellness,6565
132002,27748,1341493960,MT,Brilliant work! content creators facing unfair criticism,6566
16457,14838,1341494020,RT,Brilliant work! educational programs failing to inspire,6567
2908,170101,1341494080,RE,Brilliant work! space technology being underfunded,6568
28455,266547,1341494140,MT,Brilliant work! healthy lifestyle advice inconsistent,6569
43,17004,1341494200,RT,Hate this. transparent decision-making in government,6570
6793,11876,1341494260,RE,Hate this. technology making complex tasks easier,6571
344696,25784,1341494320,MT,Hate this. inadequate care for chronic illness patients,6572
3642,42291,1341494380,RT,Hate this. urban planning ignoring green spaces,6573
141501,21929,1341494440,RE,Hate this. high fees limiting investment access,6574
42916,62107,1341494500,MT,Hate this. overemphasis on winning over wellness,6575
145134,32979,1341494560,RT,Hate this. content creators facing unfair criticism,6576
66811,72217,1341494620,RE,Hate this. educational programs failing to inspire,6577
86906,18451,1341494680,MT,Hate this. space technology being underfunded,6578
26078,68171,1341494740,RT,Hate this. healthy lifestyle advice inconsistent,6579
62903,26352,1341494800,RE,This is disappointing. transparent decision-making in government,6580
56453,12937,1341494860,MT,This is disappointing. technology making complex tasks easier,6581
10704,22512,1341494920,RT,This is disappointing. inadequate care for chronic illness patients,6582
87129,135523,1341494980,RE,This is disappointing. urban planning ignoring green spaces,6583
57766,103080,1341495040,MT,This is disappointing. high fees limiting investment access,6584
33514,45421,1341495100,RT,This is disappointing. overemphasis on winning over wellness,6585
20187,6607,1341495160,RE,This is disappointing. content creators facing unfair criticism,6586
8517,252174,1341495220,MT,This is disappointing. educational programs failing to inspire,6587
12709,66791,1341495280,RT,This is disappointing. space technology being underfunded,6588
7819,615,1341495340,RE,This is disappointing. healthy lifestyle advice inconsistent,6589
349,1945,1341495400,MT,Not a fan of this at all. transparent decision-making in government,6590
85795,38009,1341495460,RT,Not a fan of this at all. technology making complex tasks easier,6591
121028,3024,1341495520,RE,Not a fan of this at all. inadequate care for chronic illness patients,6592
30218,59324,1341495580,MT,Not a fan of this at all. urban planning ignoring green spaces,6593
95881,88951,1341495640,RT,Not a fan of this at all. high fees limiting investment access,6594
5136,15039,1341495700,RE,Not a fan of this at all. overemphasis on winning over wellness,6595
23979,423897,1341495760,MT,Not a fan of this at all. content creators facing unfair criticism,6596
104567,28115,1341495820,RT,Not a fan of this at all. educational programs failing to inspire,6597
188249,173993,1341495880,RE,Not a fan of this at all. space technology being underfunded,6598
151791,115042,1341495940,MT,Not a fan of this at all. healthy lifestyle advice inconsistent,6599
750,122488,1341496000,RT,Love this! investment in public education systems,6600
12937,8077,1341496060,RE,Love this! responsible AI development being prioritized,6601
17358,9226,1341496120,MT,Love this! lack of support for caregivers,6602
47821,9932,1341496180,RT,Love this! sustainable innovation facing barriers,6603
144551,251241,1341496240,RE,Love this! lack of support for responsible investing,6604
180734,4515,1341496300,MT,Love this! lack of mentorship for young athletes,6605
42984,34247,1341496360,RT,Love this! entertainment sometimes ignoring real issues,6606
122680,66910,1341496420,RE,Love this! skills development initiatives lacking support,6607
36114,39183,1341496480,MT,Love this! innovation pipelines interrupted,6608
60739,26078,1341496540,RT,Love this! motivation hard to sustain over long periods,6609
35352,308,1341496600,RE,So glad to see this! investment in public education systems,6610
1459,12513,1341496660,MT,So glad to see this! responsible AI development being prioritized,6611
8925,66417,1341496720,RT,So glad to see this! lack of support for caregivers,6612
203735,63856,1341496780,RE,So glad to see this! sustainable innovation facing barriers,6613
132001,13137,1341496840,MT,So glad to see this! lack of support for responsible investing,6614
78917,8425,1341496900,RT,So glad to see this! lack of mentorship for young athletes,6615
3924,67505,1341496960,RE,So glad to see this! entertainment sometimes ignoring real issues,6616
7451,17185,1341497020,MT,So glad to see this! skills development initiatives lacking support,6617
67299,34049,1341497080,RT,So glad to see this! innovation pipelines interrupted,6618
44946,231873,1341497140,RE,So glad to see this! motivation hard to sustain over long periods,6619
2287,43725,1341497200,MT,Brilliant work! investment in public education systems,6620
15998,50250,1341497260,RT,Brilliant work! responsible AI development being prioritized,6621
52122,12469,1341497320,RE,Brilliant work! lack of support for caregivers,6622
78063,297,1341497380,MT,Brilliant work! sustainable innovation facing barriers,6623
148228,55126,1341497440,RT,Brilliant work! lack of support for responsible investing,6624
23477,129211,1341497500,RE,Brilliant work! lack of mentorship for young athletes,6625
329707,29417,1341497560,MT,Brilliant work! entertainment sometimes ignoring real issues,6626
104053,266085,1341497620,RT,Brilliant work! skills development initiatives lacking support,6627
87983,140629,1341497680,RE,Brilliant work! innovation pipelines interrupted,6628
36312,61530,1341497740,MT,Brilliant work! motivation hard to sustain over long periods,6629
750,26352,1341497800,RT,Hate this. investment in public education systems,6630
52087,16607,1341497860,RE,Hate this. responsible AI development being prioritized,6631
117155,267269,1341497920,MT,Hate this. lack of support for caregivers,6632
8282,2387,1341497980,RT,Hate this. sustainable innovation facing barriers,6633
428447,80507,1341498040,RE,Hate this. lack of support for responsible investing,6634
15188,13078,1341498100,MT,Hate this. lack of mentorship for young athletes,6635
6093,109001,1341498160,RT,Hate this. entertainment sometimes ignoring real issues,6636
57886,2127,1341498220,RE,Hate this. skills development initiatives lacking support,6637
50294,4328,1341498280,MT,Hate this. innovation pipelines interrupted,6638
97742,26691,1341498340,RT,Hate this. motivation hard to sustain over long periods,6639
35248,54222,1341498400,RE,This is disappointing. investment in public education systems,6640
74295,57159,1341498460,MT,This is disappointing. responsible AI development being prioritized,6641
170689,30226,1341498520,RT,This is disappointing. lack of support for caregivers,6642
165693,8606,1341498580,RE,This is disappointing. sustainable innovation facing barriers,6643
8110,57738,1341498640,MT,This is disappointing. lack of support for responsible investing,6644
13122,60525,1341498700,RT,This is disappointing. lack of mentorship for young athletes,6645
111494,54066,1341498760,RE,This is disappointing. entertainment sometimes ignoring real issues,6646
7790,21537,1341498820,MT,This is disappointing. skills development initiatives lacking support,6647
50275,67299,1341498880,RT,This is disappointing. innovation pipelines interrupted,6648
41603,236707,1341498940,RE,This is disappointing. motivation hard to sustain over long periods,6649
55965,138,1341499000,MT,Not a fan of this at all. investment in public education systems,6650
199877,12606,1341499060,RT,Not a fan of this at all. responsible AI development being prioritized,6651
52476,214092,1341499120,RE,Not a fan of this at all. lack of support for caregivers,6652
16618,157348,1341499180,MT,Not a fan of this at all. sustainable innovation facing barriers,6653
24873,17863,1341499240,RT,Not a fan of this at all. lack of support for responsible investing,6654
27875,1042,1341499300,RE,Not a fan of this at all. lack of mentorship for young athletes,6655
106299,49434,1341499360,MT,Not a fan of this at all. entertainment sometimes ignoring real issues,6656
102082,123162,1341499420,RT,Not a fan of this at all. skills development initiatives lacking support,6657
6680,46669,1341499480,RE,Not a fan of this at all. innovation pipelines interrupted,6658
11901,12938,1341499540,MT,Not a fan of this at all. motivation hard to sustain over long periods,6659
16358,77,1341499600,RT,Love this! policies that protect workers’ rights,6660
31450,359985,1341499660,RE,Love this! automation helping people focus on creative work,6661
5500,61287,1341499720,MT,Love this! inequalities in maternal and child health,6662
9914,65682,1341499780,RT,Love this! renewable energy adoption slow in some regions,6663
14642,80507,1341499840,RE,Love this! financial inclusion still a major challenge,6664
44246,17508,1341499900,MT,Love this! sports development programs underutilized,6665
8989,5832,1341499960,RT,Love this! fans frustrated with industry practices,6666
97599,75966,1341500020,RE,Love this! students discouraged by systemic obstacles,6667
425025,101877,1341500080,MT,Love this! research ethics being questioned,6668
165636,16690,1341500140,RT,Love this! personal development tools not practical,6669
7436,6948,1341500200,RE,So glad to see this! policies that protect workers’ rights,6670
69032,1997,1341500260,MT,So glad to see this! automation helping people focus on creative work,6671
147362,167882,1341500320,RT,So glad to see this! inequalities in maternal and child health,6672
36224,52204,1341500380,RE,So glad to see this! renewable energy adoption slow in some regions,6673
38865,217458,1341500440,MT,So glad to see this! financial inclusion still a major challenge,6674
5602,506,1341500500,RT,So glad to see this! sports development programs underutilized,6675
6136,95603,1341500560,RE,So glad to see this! fans frustrated with industry practices,6676
54009,33719,1341500620,MT,So glad to see this! students discouraged by systemic obstacles,6677
109972,305,1341500680,RT,So glad to see this! research ethics being questioned,6678
368955,51289,1341500740,RE,So glad to see this! personal development tools not practical,6679
322,44086,1341500800,MT,Brilliant work! policies that protect workers’ rights,6680
65536,995,1341500860,RT,Brilliant work! automation helping people focus on creative work,6681
73979,3603,1341500920,RE,Brilliant work! inequalities in maternal and child health,6682
48039,90718,1341500980,MT,Brilliant work! renewable energy adoption slow in some regions,6683
56038,41740,1341501040,RT,Brilliant work! financial inclusion still a major challenge,6684
336573,111325,1341501100,RE,Brilliant work! sports development programs underutilized,6685
39086,106299,1341501160,MT,Brilliant work! fans frustrated with industry practices,6686
151207,168394,1341501220,RT,Brilliant work! students discouraged by systemic obstacles,6687
210749,22804,1341501280,RE,Brilliant work! research ethics being questioned,6688
2045,122087,1341501340,MT,Brilliant work! personal development tools not practical,6689
268,51,1341501400,RT,Hate this. policies that protect workers’ rights,6690
7956,459,1341501460,RE,Hate this. automation helping people focus on creative work,6691
38224,88999,1341501520,MT,Hate this. inequalities in maternal and child health,6692
20295,24514,1341501580,RT,Hate this. renewable energy adoption slow in some regions,6693
112673,21686,1341501640,RE,Hate this. financial inclusion still a major challenge,6694
29521,217388,1341501700,MT,Hate this. sports development programs underutilized,6695
59343,302568,1341501760,RT,Hate this. fans frustrated with industry practices,6696
159268,18143,1341501820,RE,Hate this. students discouraged by systemic obstacles,6697
21704,8956,1341501880,MT,Hate this. research ethics being questioned,6698
2882,285185,1341501940,RT,Hate this. personal development tools not practical,6699
2055,3571,1341502000,RE,This is disappointing. policies that protect workers’ rights,6700
9851,137246,1341502060,MT,This is disappointing. automation helping people focus on creative work,6701
297144,26092,1341502120,RT,This is disappointing. inequalities in maternal and child health,6702
109379,44036,1341502180,RE,This is disappointing. renewable energy adoption slow in some regions,6703
113163,33642,1341502240,MT,This is disappointing. financial inclusion still a major challenge,6704
29226,140190,1341502300,RT,This is disappointing. sports development programs underutilized,6705
490,50434,1341502360,RE,This is disappointing. fans frustrated with industry practices,6706
21814,319990,1341502420,MT,This is disappointing. students discouraged by systemic obstacles,6707
101261,27043,1341502480,RT,This is disappointing. research ethics being questioned,6708
34625,239867,1341502540,RE,This is disappointing. personal development tools not practical,6709
374,1852,1341502600,MT,Not a fan of this at all. policies that protect workers’ rights,6710
4380,26753,1341502660,RT,Not a fan of this at all. automation helping people focus on creative work,6711
84,149327,1341502720,RE,Not a fan of this at all. inequalities in maternal and child health,6712
5038,52897,1341502780,MT,Not a fan of this at all. renewable energy adoption slow in some regions,6713
16003,141739,1341502840,RT,Not a fan of this at all. financial inclusion still a major challenge,6714
15039,703,1341502900,RE,Not a fan of this at all. sports development programs underutilized,6715
20276,1722,1341502960,MT,Not a fan of this at all. fans frustrated with industry practices,6716
70080,67517,1341503020,RT,Not a fan of this at all. students discouraged by systemic obstacles,6717
168835,51892,1341503080,RE,Not a fan of this at all. research ethics being questioned,6718
964,154584,1341503140,MT,Not a fan of this at all. personal development tools not practical,6719
14577,34519,1341503200,RT,Love this! lawmakers focusing on long-term impact over short-term gains,6720
56756,7639,1341503260,RE,Love this! AI models becoming more transparent,6721
40185,147362,1341503320,MT,Love this! emergency preparedness being overlooked,6722
136170,42380,1341503380,RT,Love this! community engagement in climate action limited,6723
144933,2554,1341503440,RE,Love this! misinformation affecting investment decisions,6724
35109,91040,1341503500,MT,Love this! inadequate facilities in schools,6725
106299,1317,1341503560,RT,Love this! a movie receiving well-deserved praise from critics,6726
98637,43709,1341503620,RE,Love this! workplace policies not supporting growth,6727
12595,98778,1341503680,MT,Love this! new discoveries expanding our understanding of the universe,6728
130555,97191,1341503740,RT,Love this! lack of accountability in habit tracking,6729
13821,236,1341503800,RE,So glad to see this! lawmakers focusing on long-term impact over short-term gains,6730
8391,29864,1341503860,MT,So glad to see this! AI models becoming more transparent,6731
16304,36368,1341503920,RT,So glad to see this! emergency preparedness being overlooked,6732
191140,15794,1341503980,RE,So glad to see this! community engagement in climate action limited,6733
89,93181,1341504040,MT,So glad to see this! misinformation affecting investment decisions,6734
24395,93751,1341504100,RT,So glad to see this! inadequate facilities in schools,6735
8786,28067,1341504160,RE,So glad to see this! a movie receiving well-deserved praise from critics,6736
7216,34466,1341504220,MT,So glad to see this! workplace policies not supporting growth,6737
58534,34262,1341504280,RT,So glad to see this! new discoveries expanding our understanding of the universe,6738
4349,338829,1341504340,RE,So glad to see this! lack of accountability in habit tracking,6739
191752,213,1341504400,MT,Brilliant work! lawmakers focusing on long-term impact over short-term gains,6740
47175,10964,1341504460,RT,Brilliant work! AI models becoming more transparent,6741
51444,329,1341504520,RE,Brilliant work! emergency preparedness being overlooked,6742
27145,152137,1341504580,MT,Brilliant work! community engagement in climate action limited,6743
79423,31508,1341504640,RT,Brilliant work! misinformation affecting investment decisions,6744
7570,85337,1341504700,RE,Brilliant work! inadequate facilities in schools,6745
31671,18654,1341504760,MT,Brilliant work! a movie receiving well-deserved praise from critics,6746
86368,2673,1341504820,RT,Brilliant work! workplace policies not supporting growth,6747
14877,198177,1341504880,RE,Brilliant work! new discoveries expanding our understanding of the universe,6748
28715,52497,1341504940,MT,Brilliant work! lack of accountability in habit tracking,6749
38602,1945,1341505000,RT,Hate this. lawmakers focusing on long-term impact over short-term gains,6750
13603,21643,1341505060,RE,Hate this. AI models becoming more transparent,6751
75448,6072,1341505120,MT,Hate this. emergency preparedness being overlooked,6752
2178,84163,1341505180,RT,Hate this. community engagement in climate action limited,6753
50196,80879,1341505240,RE,Hate this. misinformation affecting investment decisions,6754
53449,828,1341505300,MT,Hate this. inadequate facilities in schools,6755
86813,67624,1341505360,RT,Hate this. a movie receiving well-deserved praise from critics,6756
26149,43901,1341505420,RE,Hate this. workplace policies not supporting growth,6757
14877,227122,1341505480,MT,Hate this. new discoveries expanding our understanding of the universe,6758
623,14598,1341505540,RT,Hate this. lack of accountability in habit tracking,6759
19159,2164,1341505600,RE,This is disappointing. lawmakers focusing on long-term impact over short-term gains,6760
2898,16011,1341505660,MT,This is disappointing. AI models becoming more transparent,6761
6496,104774,1341505720,RT,This is disappointing. emergency preparedness being overlooked,6762
131116,52882,1341505780,RE,This is disappointing. community engagement in climate action limited,6763
31698,9351,1341505840,MT,This is disappointing. misinformation affecting investment decisions,6764
11546,132585,1341505900,RT,This is disappointing. inadequate facilities in schools,6765
16406,6136,1341505960,RE,This is disappointing. a movie receiving well-deserved praise from critics,6766
376537,75795,1341506020,MT,This is disappointing. workplace policies not supporting growth,6767
6545,309611,1341506080,RT,This is disappointing. new discoveries expanding our understanding of the universe,6768
86465,101783,1341506140,RE,This is disappointing. lack of accountability in habit tracking,6769
94,35216,1341506200,MT,Not a fan of this at all. lawmakers focusing on long-term impact over short-term gains,6770
51746,43742,1341506260,RT,Not a fan of this at all. AI models becoming more transparent,6771
27071,27864,1341506320,RE,Not a fan of this at all. emergency preparedness being overlooked,6772
2178,227552,1341506380,MT,Not a fan of this at all. community engagement in climate action limited,6773
295879,144099,1341506440,RT,Not a fan of this at all. misinformation affecting investment decisions,6774
129441,237922,1341506500,RE,Not a fan of this at all. inadequate facilities in schools,6775
2654,70690,1341506560,MT,Not a fan of this at all. a movie receiving well-deserved praise from critics,6776
56518,70236,1341506620,RT,Not a fan of this at all. workplace policies not supporting growth,6777
80648,69475,1341506680,RE,Not a fan of this at all. new discoveries expanding our understanding of the universe,6778
39422,156739,1341506740,MT,Not a fan of this at all. lack of accountability in habit tracking,6779
3298,857,1341506800,RT,Love this! steps toward reducing economic inequality,6780
16708,12324,1341506860,RE,Love this! ethical guidelines shaping AI innovation,6781
33485,113367,1341506920,MT,Love this! access to healthy food limited in many areas,6782
80247,8126,1341506980,RT,Love this! lack of accountability in environmental policies,6783
11830,136565,1341507040,RE,Love this! technology-driven finance facing security challenges,6784
28872,137200,1341507100,MT,Love this! fitness incentives not widely available,6785
74048,99,1341507160,RT,Love this! an inspiring performance by a rising star,6786
92116,266085,1341507220,RE,Love this! educational inequity limiting potential,6787
36634,82063,1341507280,MT,Love this! research breakthroughs improving healthcare outcomes,6788
12272,165636,1341507340,RT,Love this! wellness programs not reaching everyone,6789
37523,60035,1341507400,RE,So glad to see this! steps toward reducing economic inequality,6790
231,215057,1341507460,MT,So glad to see this! ethical guidelines shaping AI innovation,6791
93062,4629,1341507520,RT,So glad to see this! access to healthy food limited in many areas,6792
31031,2568,1341507580,RE,So glad to see this! lack of accountability in environmental policies,6793
39093,86898,1341507640,MT,So glad to see this! technology-driven finance facing security challenges,6794
35150,310776,1341507700,RT,So glad to see this! fitness incentives not widely available,6795
67624,104265,1341507760,RE,So glad to see this! an inspiring performance by a rising star,6796
302505,13916,1341507820,MT,So glad to see this! educational inequity limiting potential,6797
230245,173993,1341507880,RT,So glad to see this! research breakthroughs improving healthcare outcomes,6798
70102,6350,1341507940,RE,So glad to see this! wellness programs not reaching everyone,6799
26677,35481,1341508000,MT,Brilliant work! steps toward reducing economic inequality,6800
2153,85739,1341508060,RT,Brilliant work! ethical guidelines shaping AI innovation,6801
89926,54135,1341508120,RE,Brilliant work! access to healthy food limited in many areas,6802
992,7930,1341508180,MT,Brilliant work! lack of accountability in environmental policies,6803
349771,2161,1341508240,RT,Brilliant work! technology-driven finance facing security challenges,6804
35109,4602,1341508300,RE,Brilliant work! fitness incentives not widely available,6805
106089,16406,1341508360,MT,Brilliant work! an inspiring performance by a rising star,6806
20263,659,1341508420,RT,Brilliant work! educational inequity limiting potential,6807
6692,9192,1341508480,RE,Brilliant work! research breakthroughs improving healthcare outcomes,6808
17655,81427,1341508540,MT,Brilliant work! wellness programs not reaching everyone,6809
891,857,1341508600,RT,Hate this. steps toward reducing economic inequality,6810
920,4570,1341508660,RE,Hate this. ethical guidelines shaping AI innovation,6811
1285,40185,1341508720,MT,Hate this. access to healthy food limited in many areas,6812
8719,6150,1341508780,RT,Hate this. lack of accountability in environmental policies,6813
95986,56892,1341508840,RE,Hate this. technology-driven finance facing security challenges,6814
114273,32108,1341508900,MT,Hate this. fitness incentives not widely available,6815
55382,3717,1341508960,RT,Hate this. an inspiring performance by a rising star,6816
38277,22832,1341509020,RE,Hate this. educational inequity limiting potential,6817
74187,58051,1341509080,MT,Hate this. research breakthroughs improving healthcare outcomes,6818
345629,14289,1341509140,RT,Hate this. wellness programs not reaching everyone,6819
2059,4526,1341509200,RE,This is disappointing. steps toward reducing economic inequality,6820
38819,28516,1341509260,MT,This is disappointing. ethical guidelines shaping AI innovation,6821
80426,13938,1341509320,RT,This is disappointing. access to healthy food limited in many areas,6822
2178,56022,1341509380,RE,This is disappointing. lack of accountability in environmental policies,6823
6761,48977,1341509440,MT,This is disappointing. technology-driven finance facing security challenges,6824
32534,20395,1341509500,RT,This is disappointing. fitness incentives not widely available,6825
18701,114428,1341509560,RE,This is disappointing. an inspiring performance by a rising star,6826
97524,24220,1341509620,MT,This is disappointing. educational inequity limiting potential,6827
67998,196855,1341509680,RT,This is disappointing. research breakthroughs improving healthcare outcomes,6828
11003,57496,1341509740,RE,This is disappointing. wellness programs not reaching everyone,6829
45605,7592,1341509800,MT,Not a fan of this at all. steps toward reducing economic inequality,6830
164933,96022,1341509860,RT,Not a fan of this at all. ethical guidelines shaping AI innovation,6831
121428,9905,1341509920,RE,Not a fan of this at all. access to healthy food limited in many areas,6832
11149,137587,1341509980,MT,Not a fan of this at all. lack of accountability in environmental policies,6833
3290,27800,1341510040,RT,Not a fan of this at all. technology-driven finance facing security challenges,6834
140402,2062,1341510100,RE,Not a fan of this at all. fitness incentives not widely available,6835
420228,188831,1341510160,MT,Not a fan of this at all. an inspiring performance by a rising star,6836
90474,122030,1341510220,RT,Not a fan of this at all. educational inequity limiting potential,6837
28973,133572,1341510280,RE,Not a fan of this at all. research breakthroughs improving healthcare outcomes,6838
2278,36252,1341510340,MT,Not a fan of this at all. wellness programs not reaching everyone,6839
20050,35248,1341510400,RT,Love this! evidence-based policymaking becoming the norm,6840
42173,21643,1341510460,RE,Love this! technology improving accessibility for everyone,6841
6693,88838,1341510520,MT,Love this! new initiatives making healthcare more accessible,6842
10685,136607,1341510580,RT,Love this! efforts to reduce carbon emissions gaining momentum,6843
73973,10063,1341510640,RE,Love this! unstable currencies creating economic pressure,6844
2915,29315,1341510700,MT,Love this! athletes breaking records with hard work,6845
93688,33034,1341510760,RT,Love this! TV shows promoting meaningful messages,6846
4907,51334,1341510820,RE,Love this! schools implementing innovative learning programs,6847
150846,42831,1341510880,MT,Love this! scientists making important climate change findings,6848
138060,135875,1341510940,RT,Love this! new habits improving daily productivity,6849
68099,40797,1341511000,RE,So glad to see this! evidence-based policymaking becoming the norm,6850
74014,39959,1341511060,MT,So glad to see this! technology improving accessibility for everyone,6851
30487,49178,1341511120,RT,So glad to see this! new initiatives making healthcare more accessible,6852
42894,4830,1341511180,RE,So glad to see this! efforts to reduce carbon emissions gaining momentum,6853
4624,6017,1341511240,MT,So glad to see this! unstable currencies creating economic pressure,6854
84902,114982,1341511300,RT,So glad to see this! athletes breaking records with hard work,6855
189336,267290,1341511360,RE,So glad to see this! TV shows promoting meaningful messages,6856
11872,49940,1341511420,MT,So glad to see this! schools implementing innovative learning programs,6857
344580,204728,1341511480,RT,So glad to see this! scientists making important climate change findings,6858
418109,57994,1341511540,RE,So glad to see this! new habits improving daily productivity,6859
1988,59945,1341511600,MT,Brilliant work! evidence-based policymaking becoming the norm,6860
26930,46754,1341511660,RT,Brilliant work! technology improving accessibility for everyone,6861
195232,241617,1341511720,RE,Brilliant work! new initiatives making healthcare more accessible,6862
8296,218783,1341511780,MT,Brilliant work! efforts to reduce carbon emissions gaining momentum,6863
8920,98138,1341511840,RT,Brilliant work! unstable currencies creating economic pressure,6864
254716,7133,1341511900,RE,Brilliant work! athletes breaking records with hard work,6865
29721,42699,1341511960,MT,Brilliant work! TV shows promoting meaningful messages,6866
26655,73476,1341512020,RT,Brilliant work! schools implementing innovative learning programs,6867
285111,166169,1341512080,RE,Brilliant work! scientists making important climate change findings,6868
35535,11365,1341512140,MT,Brilliant work! new habits improving daily productivity,6869
51,2342,1341512200,RT,Hate this. evidence-based policymaking becoming the norm,6870
68307,95921,1341512260,RE,Hate this. technology improving accessibility for everyone,6871
25907,67792,1341512320,MT,Hate this. new initiatives making healthcare more accessible,6872
136170,436078,1341512380,RT,Hate this. efforts to reduce carbon emissions gaining momentum,6873
54758,71079,1341512440,RE,Hate this. unstable currencies creating economic pressure,6874
31084,42432,1341512500,MT,Hate this. athletes breaking records with hard work,6875
50267,24197,1341512560,RT,Hate this. TV shows promoting meaningful messages,6876
128915,30615,1341512620,RE,Hate this. schools implementing innovative learning programs,6877
65411,330895,1341512680,MT,Hate this. scientists making important climate change findings,6878
33620,185437,1341512740,RT,Hate this. new habits improving daily productivity,6879
8252,38535,1341512800,RE,This is disappointing. evidence-based policymaking becoming the norm,6880
2765,50230,1341512860,MT,This is disappointing. technology improving accessibility for everyone,6881
3259,22627,1341512920,RT,This is disappointing. new initiatives making healthcare more accessible,6882
25007,58210,1341512980,RE,This is disappointing. efforts to reduce carbon emissions gaining momentum,6883
8110,16959,1341513040,MT,This is disappointing. unstable currencies creating economic pressure,6884
28872,35707,1341513100,RT,This is disappointing. athletes breaking records with hard work,6885
356981,3277,1341513160,RE,This is disappointing. TV shows promoting meaningful messages,6886
36618,54209,1341513220,MT,This is disappointing. schools implementing innovative learning programs,6887
108925,305,1341513280,RT,This is disappointing. scientists making important climate change findings,6888
59636,16690,1341513340,RE,This is disappointing. new habits improving daily productivity,6889
52474,7698,1341513400,MT,Not a fan of this at all. evidence-based policymaking becoming the norm,6890
231650,965,1341513460,RT,Not a fan of this at all. technology improving accessibility for everyone,6891
4433,50266,1341513520,RE,Not a fan of this at all. new initiatives making healthcare more accessible,6892
143185,157348,1341513580,MT,Not a fan of this at all. efforts to reduce carbon emissions gaining momentum,6893
150857,120742,1341513640,RT,Not a fan of this at all. unstable currencies creating economic pressure,6894
17902,31234,1341513700,RE,Not a fan of this at all. athletes breaking records with hard work,6895
19424,49342,1341513760,MT,Not a fan of this at all. TV shows promoting meaningful messages,6896
77496,113372,1341513820,RT,Not a fan of this at all. schools implementing innovative learning programs,6897
15507,40744,1341513880,RE,Not a fan of this at all. scientists making important climate change findings,6898
304700,20194,1341513940,MT,Not a fan of this at all. new habits improving daily productivity,6899
16452,28076,1341514000,RT,Love this! public funds being used responsibly,6900
2373,37162,1341514060,RE,Love this! AI assisting doctors with better diagnoses,6901
344696,253,1341514120,MT,Love this! mental health programs being prioritized in communities,6902
35597,8745,1341514180,RT,Love this! renewable energy projects being implemented worldwide,6903
12666,39464,1341514240,RE,Love this! market speculation causing anxiety,6904
828,9254,1341514300,MT,Love this! new fitness programs helping people stay active,6905
10789,114159,1341514360,RT,Love this! musicians using their platform for good causes,6906
49323,45395,1341514420,RE,Love this! teachers being recognized for their dedication,6907
9910,133011,1341514480,MT,Love this! space missions inspiring curiosity globally,6908
108224,28170,1341514540,RT,Love this! mindfulness practices reducing stress,6909
132690,6940,1341514600,RE,So glad to see this! public funds being used responsibly,6910
11555,7689,1341514660,MT,So glad to see this! AI assisting doctors with better diagnoses,6911
62195,43905,1341514720,RT,So glad to see this! mental health programs being prioritized in communities,6912
35334,6679,1341514780,RE,So glad to see this! renewable energy projects being implemented worldwide,6913
31171,61211,1341514840,MT,So glad to see this! market speculation causing anxiety,6914
17902,23716,1341514900,RT,So glad to see this! new fitness programs helping people stay active,6915
141853,90325,1341514960,RE,So glad to see this! musicians using their platform for good causes,6916
15285,35772,1341515020,MT,So glad to see this! teachers being recognized for their dedication,6917
190966,86906,1341515080,RT,So glad to see this! space missions inspiring curiosity globally,6918
9798,80861,1341515140,RE,So glad to see this! mindfulness practices reducing stress,6919
10111,71,1341515200,MT,Brilliant work! public funds being used responsibly,6920
61753,249872,1341515260,RT,Brilliant work! AI assisting doctors with better diagnoses,6921
35738,3772,1341515320,RE,Brilliant work! mental health programs being prioritized in communities,6922
12493,98762,1341515380,MT,Brilliant work! renewable energy projects being implemented worldwide,6923
74604,43352,1341515440,RT,Brilliant work! market speculation causing anxiety,6924
5136,99839,1341515500,RE,Brilliant work! new fitness programs helping people stay active,6925
112683,65919,1341515560,MT,Brilliant work! musicians using their platform for good causes,6926
7803,282515,1341515620,RT,Brilliant work! teachers being recognized for their dedication,6927
190966,37567,1341515680,RE,Brilliant work! space missions inspiring curiosity globally,6928
88801,41603,1341515740,MT,Brilliant work! mindfulness practices reducing stress,6929
374,14682,1341515800,RT,Hate this. public funds being used responsibly,6930
36989,3020,1341515860,RE,Hate this. AI assisting doctors with better diagnoses,6931
51715,3772,1341515920,MT,Hate this. mental health programs being prioritized in communities,6932
27869,101717,1341515980,RT,Hate this. renewable energy projects being implemented worldwide,6933
177431,9104,1341516040,RE,Hate this. market speculation causing anxiety,6934
96291,99839,1341516100,MT,Hate this. new fitness programs helping people stay active,6935
10969,12949,1341516160,RT,Hate this. musicians using their platform for good causes,6936
1995,44125,1341516220,RE,Hate this. teachers being recognized for their dedication,6937
43276,432466,1341516280,MT,Hate this. space missions inspiring curiosity globally,6938
195848,50770,1341516340,RT,Hate this. mindfulness practices reducing stress,6939
16460,69891,1341516400,RE,This is disappointing. public funds being used responsibly,6940
231650,26550,1341516460,MT,This is disappointing. AI assisting doctors with better diagnoses,6941
2312,54796,1341516520,RT,This is disappointing. mental health programs being prioritized in communities,6942
735,65377,1341516580,RE,This is disappointing. renewable energy projects being implemented worldwide,6943
15291,48977,1341516640,MT,This is disappointing. market speculation causing anxiety,6944
122155,12931,1341516700,RT,This is disappointing. new fitness programs helping people stay active,6945
267290,8747,1341516760,RE,This is disappointing. musicians using their platform for good causes,6946
43607,190181,1341516820,MT,This is disappointing. teachers being recognized for their dedication,6947
78425,63790,1341516880,RT,This is disappointing. space missions inspiring curiosity globally,6948
58847,89515,1341516940,RE,This is disappointing. mindfulness practices reducing stress,6949
5193,2287,1341517000,MT,Not a fan of this at all. public funds being used responsibly,6950
33831,23569,1341517060,RT,Not a fan of this at all. AI assisting doctors with better diagnoses,6951
22924,110522,1341517120,RE,Not a fan of this at all. mental health programs being prioritized in communities,6952
124506,86909,1341517180,MT,Not a fan of this at all. renewable energy projects being implemented worldwide,6953
223200,7442,1341517240,RT,Not a fan of this at all. market speculation causing anxiety,6954
12416,971,1341517300,RE,Not a fan of this at all. new fitness programs helping people stay active,6955
366295,67624,1341517360,MT,Not a fan of this at all. musicians using their platform for good causes,6956
3606,40780,1341517420,RT,Not a fan of this at all. teachers being recognized for their dedication,6957
257868,91843,1341517480,RE,Not a fan of this at all. space missions inspiring curiosity globally,6958
51755,24742,1341517540,MT,Not a fan of this at all. mindfulness practices reducing stress,6959
12751,35062,1341517600,RT,Love this! inclusive policies that represent marginalized communities,6960
12937,37162,1341517660,RE,Love this! smart systems optimizing energy usage,6961
11118,407912,1341517720,MT,Love this! fitness campaigns motivating people to stay active,6962
21017,35334,1341517780,RT,Love this! policies protecting endangered species,6963
217458,3290,1341517840,RE,Love this! new regulations improving market transparency,6964
8928,79185,1341517900,MT,Love this! community sports initiatives encouraging youth participation,6965
60848,127964,1341517960,RT,Love this! award ceremonies celebrating real talent,6966
376537,33302,1341518020,RE,Love this! career programs helping students find their passion,6967
101118,8512,1341518080,MT,Love this! innovations in renewable energy technology,6968
1795,86048,1341518140,RT,Love this! self-care routines making a real difference,6969
14584,8984,1341518200,RE,So glad to see this! inclusive policies that represent marginalized communities,6970
1895,35731,1341518260,MT,So glad to see this! smart systems optimizing energy usage,6971
23866,11542,1341518320,RT,So glad to see this! fitness campaigns motivating people to stay active,6972
225087,56022,1341518380,RE,So glad to see this! policies protecting endangered species,6973
60627,292088,1341518440,MT,So glad to see this! new regulations improving market transparency,6974
16766,42902,1341518500,RT,So glad to see this! community sports initiatives encouraging youth participation,6975
10033,10817,1341518560,RE,So glad to see this! award ceremonies celebrating real talent,6976
202936,43723,1341518620,MT,So glad to see this! career programs helping students find their passion,6977
378013,31334,1341518680,RT,So glad to see this! innovations in renewable energy technology,6978
39752,83127,1341518740,RE,So glad to see this! self-care routines making a real difference,6979
5795,67382,1341518800,MT,Brilliant work! inclusive policies that represent marginalized communities,6980
43742,14201,1341518860,RT,Brilliant work! smart systems optimizing energy usage,6981
195232,5188,1341518920,RE,Brilliant work! fitness campaigns motivating people to stay active,6982
38250,16538,1341518980,MT,Brilliant work! policies protecting endangered species,6983
16570,50698,1341519040,RT,Brilliant work! new regulations improving market transparency,6984
2521,118381,1341519100,RE,Brilliant work! community sports initiatives encouraging youth participation,6985
132002,129824,1341519160,MT,Brilliant work! award ceremonies celebrating real talent,6986
2127,75042,1341519220,RT,Brilliant work! career programs helping students find their passion,6987
198004,188858,1341519280,RE,Brilliant work! innovations in renewable energy technology,6988
107918,91029,1341519340,MT,Brilliant work! self-care routines making a real difference,6989
228,383,1341519400,RT,Hate this. inclusive policies that represent marginalized communities,6990
5793,12966,1341519460,RE,Hate this. smart systems optimizing energy usage,6991
110522,126242,1341519520,MT,Hate this. fitness campaigns motivating people to stay active,6992
16672,37526,1341519580,RT,Hate this. policies protecting endangered species,6993
80507,55698,1341519640,RE,Hate this. new regulations improving market transparency,6994
19837,22991,1341519700,MT,Hate this. community sports initiatives encouraging youth participation,6995
58159,57754,1341519760,RT,Hate this. award ceremonies celebrating real talent,6996
123162,249802,1341519820,RE,Hate this. career programs helping students find their passion,6997
171466,278404,1341519880,MT,Hate this. innovations in renewable energy technology,6998
4504,37753,1341519940,RT,Hate this. self-care routines making a real difference,6999
3972,14584,1341520000,RE,This is disappointing. inclusive policies that represent marginalized communities,7000
50305,95910,1341520060,MT,This is disappointing. smart systems optimizing energy usage,7001
10853,49610,1341520120,RT,This is disappointing. fitness campaigns motivating people to stay active,7002
26540,30179,1341520180,RE,This is disappointing. policies protecting endangered species,7003
335263,48070,1341520240,MT,This is disappointing. new regulations improving market transparency,7004
64203,8928,1341520300,RT,This is disappointing. community sports initiatives encouraging youth participation,7005
36392,34802,1341520360,RE,This is disappointing. award ceremonies celebrating real talent,7006
577,26149,1341520420,MT,This is disappointing. career programs helping students find their passion,7007
130613,59784,1341520480,RT,This is disappointing. innovations in renewable energy technology,7008
300860,59000,1341520540,RE,This is disappointing. self-care routines making a real difference,7009
3629,11852,1341520600,MT,Not a fan of this at all. inclusive policies that represent marginalized communities,7010
2288,59542,1341520660,RT,Not a fan of this at all. smart systems optimizing energy usage,7011
6753,127479,1341520720,RE,Not a fan of this at all. fitness campaigns motivating people to stay active,7012
128855,72185,1341520780,MT,Not a fan of this at all. policies protecting endangered species,7013
292088,112673,1341520840,RT,Not a fan of this at all. new regulations improving market transparency,7014
129211,28261,1341520900,RE,Not a fan of this at all. community sports initiatives encouraging youth participation,7015
98728,74421,1341520960,MT,Not a fan of this at all. award ceremonies celebrating real talent,7016
1483,34466,1341521020,RT,Not a fan of this at all. career programs helping students find their passion,7017
19192,53019,1341521080,RE,Not a fan of this at all. innovations in renewable energy technology,7018
266547,1795,1341521140,MT,Not a fan of this at all. self-care routines making a real difference,7019
7690,98204,1341521200,RT,Love this! efforts to strengthen democratic institutions,7020
20971,42643,1341521260,RE,Love this! AI-powered tools enhancing education,7021
106,88999,1341521320,MT,Love this! nutrition awareness efforts reaching wider audiences,7022
6669,57,1341521380,RT,Love this! innovations in sustainable agriculture,7023
23200,31624,1341521440,RE,Love this! cryptocurrency adoption growing responsibly,7024
9254,822,1341521500,MT,Love this! technology improving training and performance,7025
39086,8453,1341521560,RT,Love this! actors showing dedication to their craft,7026
117882,13881,1341521620,RE,Love this! online courses expanding access to education,7027
181887,10639,1341521680,MT,Love this! scientific studies shedding light on complex problems,7028
81265,164875,1341521740,RT,Love this! personal growth programs helping people achieve goals,7029
59,2342,1341521800,RE,So glad to see this! efforts to strengthen democratic institutions,7030
27311,22814,1341521860,MT,So glad to see this! AI-powered tools enhancing education,7031
100127,28976,1341521920,RT,So glad to see this! nutrition awareness efforts reaching wider audiences,7032
13879,18036,1341521980,RE,So glad to see this! innovations in sustainable agriculture,7033
21686,153606,1341522040,MT,So glad to see this! cryptocurrency adoption growing responsibly,7034
452453,187844,1341522100,RT,So glad to see this! technology improving training and performance,7035
27748,59177,1341522160,RE,So glad to see this! actors showing dedication to their craft,7036
51731,9879,1341522220,MT,So glad to see this! online courses expanding access to education,7037
66320,45137,1341522280,RT,So glad to see this! scientific studies shedding light on complex problems,7038
16516,247440,1341522340,RE,So glad to see this! personal growth programs helping people achieve goals,7039
3298,243,1341522400,MT,Brilliant work! efforts to strengthen democratic institutions,7040
5071,33386,1341522460,RT,Brilliant work! AI-powered tools enhancing education,7041
23956,31028,1341522520,RE,Brilliant work! nutrition awareness efforts reaching wider audiences,7042
59654,8296,1341522580,MT,Brilliant work! innovations in sustainable agriculture,7043
8902,6017,1341522640,RT,Brilliant work! cryptocurrency adoption growing responsibly,7044
77194,217388,1341522700,RE,Brilliant work! technology improving training and performance,7045
142345,48502,1341522760,MT,Brilliant work! actors showing dedication to their craft,7046
35180,80068,1341522820,RT,Brilliant work! online courses expanding access to education,7047
98493,297268,1341522880,RE,Brilliant work! scientific studies shedding light on complex problems,7048
443349,140242,1341522940,MT,Brilliant work! personal growth programs helping people achieve goals,7049
5438,86,1341523000,RT,Hate this. efforts to strengthen democratic institutions,7050
25934,47175,1341523060,RE,Hate this. AI-powered tools enhancing education,7051
90578,2839,1341523120,MT,Hate this. nutrition awareness efforts reaching wider audiences,7052
58742,372414,1341523180,RT,Hate this. innovations in sustainable agriculture,7053
16570,141049,1341523240,RE,Hate this. cryptocurrency adoption growing responsibly,7054
62107,23743,1341523300,MT,Hate this. technology improving training and performance,7055
29600,10789,1341523360,RT,Hate this. actors showing dedication to their craft,7056
192349,208867,1341523420,RE,Hate this. online courses expanding access to education,7057
188238,305,1341523480,MT,Hate this. scientific studies shedding light on complex problems,7058
46710,159599,1341523540,RT,Hate this. personal growth programs helping people achieve goals,7059
2156,316,1341523600,RE,This is disappointing. efforts to strengthen democratic institutions,7060
38672,1459,1341523660,MT,This is disappointing. AI-powered tools enhancing education,7061
21996,7269,1341523720,RT,This is disappointing. nutrition awareness efforts reaching wider audiences,7062
23694,35723,1341523780,RE,This is disappointing. innovations in sustainable agriculture,7063
183894,10063,1341523840,MT,This is disappointing. cryptocurrency adoption growing responsibly,7064
18771,47518,1341523900,RT,This is disappointing. technology improving training and performance,7065
202206,32424,1341523960,RE,This is disappointing. actors showing dedication to their craft,7066
14415,7525,1341524020,MT,This is disappointing. online courses expanding access to education,7067
38711,22799,1341524080,RT,This is disappointing. scientific studies shedding light on complex problems,7068
352288,18901,1341524140,RE,This is disappointing. personal growth programs helping people achieve goals,7069
38602,11692,1341524200,MT,Not a fan of this at all. efforts to strengthen democratic institutions,7070
10855,50285,1341524260,RT,Not a fan of this at all. AI-powered tools enhancing education,7071
77276,9226,1341524320,RE,Not a fan of this at all. nutrition awareness efforts reaching wider audiences,7072
38673,38382,1341524380,MT,Not a fan of this at all. innovations in sustainable agriculture,7073
71339,65000,1341524440,RT,Not a fan of this at all. cryptocurrency adoption growing responsibly,7074
96730,33313,1341524500,RE,Not a fan of this at all. technology improving training and performance,7075
64789,190358,1341524560,MT,Not a fan of this at all. actors showing dedication to their craft,7076
9991,90752,1341524620,RT,Not a fan of this at all. online courses expanding access to education,7077
166548,344580,1341524680,RE,Not a fan of this at all. scientific studies shedding light on complex problems,7078
32297,166216,1341524740,MT,Not a fan of this at all. personal growth programs helping people achieve goals,7079
77,95905,1341524800,RT,Love this! clear accountability from elected officials,7080
3979,308781,1341524860,RE,Love this! clear regulations for emerging technologies,7081
84647,116808,1341524920,MT,Love this! breakthroughs in disease prevention and treatment,7082
419,220962,1341524980,RT,Love this! community programs cleaning up local environments,7083
42510,117539,1341525040,RE,Love this! financial literacy programs reaching more people,7084
81105,137039,1341525100,MT,Love this! healthy lifestyle campaigns reaching more people,7085
94869,19880,1341525160,RT,Love this! films breaking stereotypes in storytelling,7086
406640,165741,1341525220,RE,Love this! mentorship opportunities guiding young professionals,7087
93167,54488,1341525280,MT,Love this! astronomy projects revealing distant galaxies,7088
65099,57118,1341525340,RT,Love this! healthy lifestyle choices being adopted widely,7089
20522,4446,1341525400,RE,So glad to see this! clear accountability from elected officials,7090
12698,2320,1341525460,MT,So glad to see this! clear regulations for emerging technologies,7091
6897,101502,1341525520,RT,So glad to see this! breakthroughs in disease prevention and treatment,7092
8299,14731,1341525580,RE,So glad to see this! community programs cleaning up local environments,7093
31171,42825,1341525640,MT,So glad to see this! financial literacy programs reaching more people,7094
66669,18771,1341525700,RT,So glad to see this! healthy lifestyle campaigns reaching more people,7095
13620,48982,1341525760,RE,So glad to see this! films breaking stereotypes in storytelling,7096
46112,68313,1341525820,MT,So glad to see this! mentorship opportunities guiding young professionals,7097
266248,21314,1341525880,RT,So glad to see this! astronomy projects revealing distant galaxies,7098
7171,32564,1341525940,RE,So glad to see this! healthy lifestyle choices being adopted widely,7099
13820,2874,1341526000,MT,Brilliant work! clear accountability from elected officials,7100
235473,6418,1341526060,RT,Brilliant work! clear regulations for emerging technologies,7101
25661,360368,1341526120,RE,Brilliant work! breakthroughs in disease prevention and treatment,7102
8282,314,1341526180,MT,Brilliant work! community programs cleaning up local environments,7103
140117,89,1341526240,RT,Brilliant work! financial literacy programs reaching more people,7104
322484,3362,1341526300,RE,Brilliant work! healthy lifestyle campaigns reaching more people,7105
4014,58159,1341526360,MT,Brilliant work! films breaking stereotypes in storytelling,7106
52490,39362,1341526420,RT,Brilliant work! mentorship opportunities guiding young professionals,7107
3976,64484,1341526480,RE,Brilliant work! astronomy projects revealing distant galaxies,7108
2278,107829,1341526540,MT,Brilliant work! healthy lifestyle choices being adopted widely,7109
1837,50361,1341526600,RT,Hate this. clear accountability from elected officials,7110
1548,3795,1341526660,RE,Hate this. clear regulations for emerging technologies,7111
6072,71311,1341526720,MT,Hate this. breakthroughs in disease prevention and treatment,7112
171180,5590,1341526780,RT,Hate this. community programs cleaning up local environments,7113
292088,54892,1341526840,RE,Hate this. financial literacy programs reaching more people,7114
248648,20395,1341526900,MT,Hate this. healthy lifestyle campaigns reaching more people,7115
8453,73171,1341526960,RT,Hate this. films breaking stereotypes in storytelling,7116
100067,354973,1341527020,RE,Hate this. mentorship opportunities guiding young professionals,7117
86845,108925,1341527080,MT,Hate this. astronomy projects revealing distant galaxies,7118
16516,76667,1341527140,RT,Hate this. healthy lifestyle choices being adopted widely,7119
44086,1896,1341527200,RE,This is disappointing. clear accountability from elected officials,7120
46803,1895,1341527260,MT,This is disappointing. clear regulations for emerging technologies,7121
22355,6166,1341527320,RT,This is disappointing. breakthroughs in disease prevention and treatment,7122
24,255249,1341527380,RE,This is disappointing. community programs cleaning up local environments,7123
22636,64987,1341527440,MT,This is disappointing. financial literacy programs reaching more people,7124
85735,40478,1341527500,RT,This is disappointing. healthy lifestyle campaigns reaching more people,7125
196143,258580,1341527560,RE,This is disappointing. films breaking stereotypes in storytelling,7126
33302,192349,1341527620,MT,This is disappointing. mentorship opportunities guiding young professionals,7127
50270,197205,1341527680,RT,This is disappointing. astronomy projects revealing distant galaxies,7128
130555,22788,1341527740,RE,This is disappointing. healthy lifestyle choices being adopted widely,7129
31617,75369,1341527800,MT,Not a fan of this at all. clear accountability from elected officials,7130
22630,98430,1341527860,RT,Not a fan of this at all. clear regulations for emerging technologies,7131
127479,42179,1341527920,RE,Not a fan of this at all. breakthroughs in disease prevention and treatment,7132
29482,16824,1341527980,MT,Not a fan of this at all. community programs cleaning up local environments,7133
16502,204755,1341528040,RT,Not a fan of this at all. financial literacy programs reaching more people,7134
91546,5143,1341528100,RE,Not a fan of this at all. healthy lifestyle campaigns reaching more people,7135
1317,30383,1341528160,MT,Not a fan of this at all. films breaking stereotypes in storytelling,7136
5147,192549,1341528220,RT,Not a fan of this at all. mentorship opportunities guiding young professionals,7137
198004,47783,1341528280,RE,Not a fan of this at all. astronomy projects revealing distant galaxies,7138
12375,57118,1341528340,MT,Not a fan of this at all. healthy lifestyle choices being adopted widely,7139
28285,92274,1341528400,RT,Love this! policies that support small businesses,7140
229,41383,1341528460,RE,Love this! human-centered AI design principles,7141
6693,122460,1341528520,MT,Love this! telemedicine improving access to care,7142
16672,65682,1341528580,RT,Love this! government commitments to fight climate change,7143
31086,88515,1341528640,RE,Love this! innovations making banking more accessible,7144
28996,189146,1341528700,MT,Love this! teams showing great sportsmanship,7145
93688,269219,1341528760,RT,Love this! celebrities raising awareness for social issues,7146
6013,57324,1341528820,RE,Love this! policies improving education quality,7147
116893,32706,1341528880,MT,Love this! research improving environmental sustainability,7148
125337,32297,1341528940,RT,Love this! motivational content inspiring positive change,7149
2342,4444,1341529000,RE,So glad to see this! policies that support small businesses,7150
60686,4134,1341529060,MT,So glad to see this! human-centered AI design principles,7151
17057,11095,1341529120,RT,So glad to see this! telemedicine improving access to care,7152
12505,735,1341529180,RE,So glad to see this! government commitments to fight climate change,7153
33450,80431,1341529240,MT,So glad to see this! innovations making banking more accessible,7154
49716,110177,1341529300,RT,So glad to see this! teams showing great sportsmanship,7155
48982,35304,1341529360,RE,So glad to see this! celebrities raising awareness for social issues,7156
26386,286739,1341529420,MT,So glad to see this! policies improving education quality,7157
140629,60496,1341529480,RT,So glad to see this! research improving environmental sustainability,7158
29519,300860,1341529540,RE,So glad to see this! motivational content inspiring positive change,7159
67774,45605,1341529600,MT,Brilliant work! policies that support small businesses,7160
4509,2402,1341529660,RT,Brilliant work! human-centered AI design principles,7161
52199,22627,1341529720,RE,Brilliant work! telemedicine improving access to care,7162
103439,36681,1341529780,MT,Brilliant work! government commitments to fight climate change,7163
9218,342688,1341529840,RT,Brilliant work! innovations making banking more accessible,7164
35348,85586,1341529900,RE,Brilliant work! teams showing great sportsmanship,7165
272,8395,1341529960,MT,Brilliant work! celebrities raising awareness for social issues,7166
30598,35993,1341530020,RT,Brilliant work! policies improving education quality,7167
93167,95377,1341530080,RE,Brilliant work! research improving environmental sustainability,7168
410219,72145,1341530140,MT,Brilliant work! motivational content inspiring positive change,7169
33383,263505,1341530200,RT,Hate this. policies that support small businesses,7170
59542,16708,1341530260,RE,Hate this. human-centered AI design principles,7171
14945,17358,1341530320,MT,Hate this. telemedicine improving access to care,7172
3816,62209,1341530380,RT,Hate this. government commitments to fight climate change,7173
9917,57766,1341530440,RE,Hate this. innovations making banking more accessible,7174
24395,53817,1341530500,MT,Hate this. teams showing great sportsmanship,7175
2247,14805,1341530560,RT,Hate this. celebrities raising awareness for social issues,7176
29378,134595,1341530620,RE,Hate this. policies improving education quality,7177
184615,384761,1341530680,MT,Hate this. research improving environmental sustainability,7178
17655,185437,1341530740,RT,Hate this. motivational content inspiring positive change,7179
31534,14588,1341530800,RE,This is disappointing. policies that support small businesses,7180
548,21585,1341530860,MT,This is disappointing. human-centered AI design principles,7181
121028,45,1341530920,RT,This is disappointing. telemedicine improving access to care,7182
7,50052,1341530980,RE,This is disappointing. government commitments to fight climate change,7183
24055,142290,1341531040,MT,This is disappointing. innovations making banking more accessible,7184
46282,26367,1341531100,RT,This is disappointing. teams showing great sportsmanship,7185
3924,7215,1341531160,RE,This is disappointing. celebrities raising awareness for social issues,7186
164123,77279,1341531220,MT,This is disappointing. policies improving education quality,7187
363,15466,1341531280,RT,This is disappointing. research improving environmental sustainability,7188
444973,123628,1341531340,RE,This is disappointing. motivational content inspiring positive change,7189
27705,7590,1341531400,MT,Not a fan of this at all. policies that support small businesses,7190
90442,21585,1341531460,RT,Not a fan of this at all. human-centered AI design principles,7191
93062,98931,1341531520,RE,Not a fan of this at all. telemedicine improving access to care,7192
87129,157359,1341531580,MT,Not a fan of this at all. government commitments to fight climate change,7193
93,248220,1341531640,RT,Not a fan of this at all. innovations making banking more accessible,7194
235278,31234,1341531700,RE,Not a fan of this at all. teams showing great sportsmanship,7195
329707,57754,1341531760,MT,Not a fan of this at all. celebrities raising awareness for social issues,7196
1483,376537,1341531820,RT,Not a fan of this at all. policies improving education quality,7197
23517,177442,1341531880,RE,Not a fan of this at all. research improving environmental sustainability,7198
209524,4412,1341531940,MT,Not a fan of this at all. motivational content inspiring positive change,7199
32226,2567,1341532000,RT,Love this! meaningful reforms instead of empty promises,7200
73478,403954,1341532060,RE,Love this! technology closing gaps instead of widening them,7201
49610,42714,1341532120,MT,Love this! holistic wellness approaches being adopted,7202
30790,251638,1341532180,RT,Love this! green technology making cities cleaner,7203
38001,42510,1341532240,RE,Love this! policies supporting small investors,7204
341871,27872,1341532300,MT,Love this! exercise routines becoming more accessible,7205
238225,21007,1341532360,RT,Love this! new content that engages audiences positively,7206
201659,19182,1341532420,RE,Love this! training programs enhancing workplace skills,7207
50200,23648,1341532480,MT,Love this! space exploration pushing technological boundaries,7208
477,8832,1341532540,RT,Love this! time management strategies boosting efficiency,7209
6958,283,1341532600,RE,So glad to see this! meaningful reforms instead of empty promises,7210
12270,42643,1341532660,MT,So glad to see this! technology closing gaps instead of widening them,7211
17145,47756,1341532720,RT,So glad to see this! holistic wellness approaches being adopted,7212
30639,2236,1341532780,RE,So glad to see this! green technology making cities cleaner,7213
31624,318856,1341532840,MT,So glad to see this! policies supporting small investors,7214
39660,61527,1341532900,RT,So glad to see this! exercise routines becoming more accessible,7215
39086,106399,1341532960,RE,So glad to see this! new content that engages audiences positively,7216
176522,134836,1341533020,MT,So glad to see this! training programs enhancing workplace skills,7217
67998,230245,1341533080,RT,So glad to see this! space exploration pushing technological boundaries,7218
4412,25180,1341533140,RE,So glad to see this! time management strategies boosting efficiency,7219
59945,42,1341533200,MT,Brilliant work! meaningful reforms instead of empty promises,7220
31450,111780,1341533260,RT,Brilliant work! technology closing gaps instead of widening them,7221
17057,6693,1341533320,RE,Brilliant work! holistic wellness approaches being adopted,7222
44969,2387,1341533380,MT,Brilliant work! green technology making cities cleaner,7223
266,136594,1341533440,RT,Brilliant work! policies supporting small investors,7224
25339,238570,1341533500,RE,Brilliant work! exercise routines becoming more accessible,7225
271995,111494,1341533560,MT,Brilliant work! new content that engages audiences positively,7226
92774,93159,1341533620,RT,Brilliant work! training programs enhancing workplace skills,7227
323578,435809,1341533680,RE,Brilliant work! space exploration pushing technological boundaries,7228
216018,81265,1341533740,MT,Brilliant work! time management strategies boosting efficiency,7229
245,5516,1341533800,RT,Hate this. meaningful reforms instead of empty promises,7230
7932,14674,1341533860,RE,Hate this. technology closing gaps instead of widening them,7231
54301,120347,1341533920,MT,Hate this. holistic wellness approaches being adopted,7232
20399,10859,1341533980,RT,Hate this. green technology making cities cleaner,7233
9475,79423,1341534040,RE,Hate this. policies supporting small investors,7234
31084,971,1341534100,MT,Hate this. exercise routines becoming more accessible,7235
329707,170103,1341534160,RT,Hate this. new content that engages audiences positively,7236
104053,122680,1341534220,RE,Hate this. training programs enhancing workplace skills,7237
451236,85856,1341534280,MT,Hate this. space exploration pushing technological boundaries,7238
361415,48702,1341534340,RT,Hate this. time management strategies boosting efficiency,7239
33383,55965,1341534400,RE,This is disappointing. meaningful reforms instead of empty promises,7240
50230,4380,1341534460,MT,This is disappointing. technology closing gaps instead of widening them,7241
8756,91840,1341534520,RT,This is disappointing. holistic wellness approaches being adopted,7242
43554,9974,1341534580,RE,This is disappointing. green technology making cities cleaner,7243
187458,4514,1341534640,MT,This is disappointing. policies supporting small investors,7244
3999,183404,1341534700,RT,This is disappointing. exercise routines becoming more accessible,7245
143550,81596,1341534760,RE,This is disappointing. new content that engages audiences positively,7246
43723,282515,1341534820,MT,This is disappointing. training programs enhancing workplace skills,7247
68079,14877,1341534880,RT,This is disappointing. space exploration pushing technological boundaries,7248
170806,41796,1341534940,RE,This is disappointing. time management strategies boosting efficiency,7249
1881,4720,1341535000,MT,Not a fan of this at all. meaningful reforms instead of empty promises,7250
2188,12318,1341535060,RT,Not a fan of this at all. technology closing gaps instead of widening them,7251
20919,52476,1341535120,RE,Not a fan of this at all. holistic wellness approaches being adopted,7252
1961,66279,1341535180,MT,Not a fan of this at all. green technology making cities cleaner,7253
37009,61332,1341535240,RT,Not a fan of this at all. policies supporting small investors,7254
14109,129505,1341535300,RE,Not a fan of this at all. exercise routines becoming more accessible,7255
153964,17531,1341535360,MT,Not a fan of this at all. new content that engages audiences positively,7256
3606,26655,1341535420,RT,Not a fan of this at all. training programs enhancing workplace skills,7257
166765,337963,1341535480,RE,Not a fan of this at all. space exploration pushing technological boundaries,7258
216018,156739,1341535540,MT,Not a fan of this at all. time management strategies boosting efficiency,7259
37523,14682,1341535600,RT,Love this! environmental considerations being taken seriously,7260
74014,69127,1341535660,RE,Love this! open-source contributions driving innovation,7261
28091,104774,1341535720,MT,Love this! vaccination drives protecting vulnerable populations,7262
52905,39501,1341535780,RT,Love this! awareness campaigns encouraging recycling,7263
47998,92781,1341535840,RE,Love this! blockchain technology improving transaction security,7264
20922,30857,1341535900,MT,Love this! coaching programs mentoring young talent,7265
111494,38941,1341535960,RT,Love this! performances that leave audiences amazed,7266
75795,17109,1341536020,RE,Love this! students achieving impressive academic milestones,7267
22555,9149,1341536080,MT,Love this! science education initiatives reaching more students,7268
29519,151460,1341536140,RT,Love this! wellness apps helping track progress effectively,7269
7436,5335,1341536200,RE,So glad to see this! environmental considerations being taken seriously,7270
206362,75846,1341536260,MT,So glad to see this! open-source contributions driving innovation,7271
18319,5500,1341536320,RT,So glad to see this! vaccination drives protecting vulnerable populations,7272
13222,8927,1341536380,RE,So glad to see this! awareness campaigns encouraging recycling,7273
126308,104281,1341536440,MT,So glad to see this! blockchain technology improving transaction security,7274
74779,73227,1341536500,RT,So glad to see this! coaching programs mentoring young talent,7275
366295,147241,1341536560,RE,So glad to see this! performances that leave audiences amazed,7276
54292,118226,1341536620,MT,So glad to see this! students achieving impressive academic milestones,7277
39106,104508,1341536680,RT,So glad to see this! science education initiatives reaching more students,7278
7411,63793,1341536740,RE,So glad to see this! wellness apps helping track progress effectively,7279
85592,94,1341536800,MT,Brilliant work! environmental considerations being taken seriously,7280
2071,2911,1341536860,RT,Brilliant work! open-source contributions driving innovation,7281
48652,100127,1341536920,RE,Brilliant work! vaccination drives protecting vulnerable populations,7282
11960,11953,1341536980,MT,Brilliant work! awareness campaigns encouraging recycling,7283
39464,387599,1341537040,RT,Brilliant work! blockchain technology improving transaction security,7284
129211,7423,1341537100,RE,Brilliant work! coaching programs mentoring young talent,7285
132650,998,1341537160,MT,Brilliant work! performances that leave audiences amazed,7286
88419,360,1341537220,RT,Brilliant work! students achieving impressive academic milestones,7287
87983,49176,1341537280,RE,Brilliant work! science education initiatives reaching more students,7288
40150,166216,1341537340,MT,Brilliant work! wellness apps helping track progress effectively,7289
7436,4076,1341537400,RT,Hate this. environmental considerations being taken seriously,7290
407,26753,1341537460,RE,Hate this. open-source contributions driving innovation,7291
13139,18575,1341537520,MT,Hate this. vaccination drives protecting vulnerable populations,7292
13123,62209,1341537580,RT,Hate this. awareness campaigns encouraging recycling,7293
217458,26289,1341537640,RE,Hate this. blockchain technology improving transaction security,7294
375095,128709,1341537700,MT,Hate this. coaching programs mentoring young talent,7295
8747,140003,1341537760,RT,Hate this. performances that leave audiences amazed,7296
98637,64993,1341537820,RE,Hate this. students achieving impressive academic milestones,7297
33331,21704,1341537880,MT,Hate this. science education initiatives reaching more students,7298
45419,91359,1341537940,RT,Hate this. wellness apps helping track progress effectively,7299
47015,50361,1341538000,RE,This is disappointing. environmental considerations being taken seriously,7300
134319,89925,1341538060,MT,This is disappointing. open-source contributions driving innovation,7301
40407,253,1341538120,RT,This is disappointing. vaccination drives protecting vulnerable populations,7302
314,29482,1341538180,RE,This is disappointing. awareness campaigns encouraging recycling,7303
7825,120630,1341538240,MT,This is disappointing. blockchain technology improving transaction security,7304
40796,28854,1341538300,RT,This is disappointing. coaching programs mentoring young talent,7305
52836,3693,1341538360,RE,This is disappointing. performances that leave audiences amazed,7306
93323,117478,1341538420,MT,This is disappointing. students achieving impressive academic milestones,7307
70491,2996,1341538480,RT,This is disappointing. science education initiatives reaching more students,7308
55239,12272,1341538540,RE,This is disappointing. wellness apps helping track progress effectively,7309
53508,1880,1341538600,MT,Not a fan of this at all. environmental considerations being taken seriously,7310
92575,14604,1341538660,RT,Not a fan of this at all. open-source contributions driving innovation,7311
2922,80,1341538720,RE,Not a fan of this at all. vaccination drives protecting vulnerable populations,7312
80247,2350,1341538780,MT,Not a fan of this at all. awareness campaigns encouraging recycling,7313
140117,1597,1341538840,RT,Not a fan of this at all. blockchain technology improving transaction security,7314
46328,132585,1341538900,RE,Not a fan of this at all. coaching programs mentoring young talent,7315
61890,60493,1341538960,MT,Not a fan of this at all. performances that leave audiences amazed,7316
26611,33302,1341539020,RT,Not a fan of this at all. students achieving impressive academic milestones,7317
57648,157238,1341539080,RE,Not a fan of this at all. science education initiatives reaching more students,7318
37221,125337,1341539140,MT,Not a fan of this at all. wellness apps helping track progress effectively,7319
8959,28476,1341539200,RT,Love this! ethical standards being enforced in politics,7320
6651,2193,1341539260,RE,Love this! AI being used to solve real-world problems,7321
12648,24704,1341539320,MT,Love this! wellness technology helping track personal health,7322
821,62514,1341539380,RT,Love this! reforestation projects restoring natural habitats,7323
38448,24873,1341539440,RE,Love this! initiatives protecting consumers from fraud,7324
179483,20287,1341539500,MT,Love this! sports events promoting inclusivity,7325
80748,2681,1341539560,RT,Love this! innovative projects in the entertainment industry,7326
63920,112746,1341539620,RE,Love this! programs reducing barriers to higher education,7327
176110,109972,1341539680,MT,Love this! scientists collaborating across borders effectively,7328
94918,41796,1341539740,RT,Love this! goal-setting workshops encouraging focus,7329
408,383,1341539800,RE,So glad to see this! ethical standards being enforced in politics,7330
68206,35295,1341539860,MT,So glad to see this! AI being used to solve real-world problems,7331
31975,230115,1341539920,RT,So glad to see this! wellness technology helping track personal health,7332
60365,93529,1341539980,RE,So glad to see this! reforestation projects restoring natural habitats,7333
109872,21134,1341540040,MT,So glad to see this! initiatives protecting consumers from fraud,7334
21718,157176,1341540100,RT,So glad to see this! sports events promoting inclusivity,7335
112683,38941,1341540160,RE,So glad to see this! innovative projects in the entertainment industry,7336
13501,13275,1341540220,MT,So glad to see this! programs reducing barriers to higher education,7337
48780,221484,1341540280,RT,So glad to see this! scientists collaborating across borders effectively,7338
1993,91016,1341540340,RE,So glad to see this! goal-setting workshops encouraging focus,7339
8598,67774,1341540400,MT,Brilliant work! ethical standards being enforced in politics,7340
96022,221,1341540460,RT,Brilliant work! AI being used to solve real-world problems,7341
23866,3027,1341540520,RE,Brilliant work! wellness technology helping track personal health,7342
16524,34248,1341540580,MT,Brilliant work! reforestation projects restoring natural habitats,7343
34810,35354,1341540640,RT,Brilliant work! initiatives protecting consumers from fraud,7344
45004,21524,1341540700,RE,Brilliant work! sports events promoting inclusivity,7345
101806,410367,1341540760,MT,Brilliant work! innovative projects in the entertainment industry,7346
86368,217042,1341540820,RT,Brilliant work! programs reducing barriers to higher education,7347
60496,191790,1341540880,RE,Brilliant work! scientists collaborating across borders effectively,7348
35059,143674,1341540940,MT,Brilliant work! goal-setting workshops encouraging focus,7349
68285,3369,1341541000,RT,Hate this. ethical standards being enforced in politics,7350
35295,8073,1341541060,RE,Hate this. AI being used to solve real-world problems,7351
49178,154462,1341541120,MT,Hate this. wellness technology helping track personal health,7352
106574,52905,1341541180,RT,Hate this. reforestation projects restoring natural habitats,7353
11597,41740,1341541240,RE,Hate this. initiatives protecting consumers from fraud,7354
42287,116701,1341541300,MT,Hate this. sports events promoting inclusivity,7355
106299,126231,1341541360,RT,Hate this. innovative projects in the entertainment industry,7356
14838,154068,1341541420,RE,Hate this. programs reducing barriers to higher education,7357
38234,26694,1341541480,MT,Hate this. scientists collaborating across borders effectively,7358
228125,304700,1341541540,RT,Hate this. goal-setting workshops encouraging focus,7359
4895,35248,1341541600,RE,This is disappointing. ethical standards being enforced in politics,7360
14600,8855,1341541660,MT,This is disappointing. AI being used to solve real-world problems,7361
12899,3861,1341541720,RT,This is disappointing. wellness technology helping track personal health,7362
13879,66977,1341541780,RE,This is disappointing. reforestation projects restoring natural habitats,7363
223728,229438,1341541840,MT,This is disappointing. initiatives protecting consumers from fraud,7364
77194,121433,1341541900,RT,This is disappointing. sports events promoting inclusivity,7365
133133,147968,1341541960,RE,This is disappointing. innovative projects in the entertainment industry,7366
49694,81403,1341542020,MT,This is disappointing. programs reducing barriers to higher education,7367
283683,6039,1341542080,RT,This is disappointing. scientists collaborating across borders effectively,7368
22788,35535,1341542140,RE,This is disappointing. goal-setting workshops encouraging focus,7369
65301,59893,1341542200,MT,Not a fan of this at all. ethical standards being enforced in politics,7370
39523,84112,1341542260,RT,Not a fan of this at all. AI being used to solve real-world problems,7371
75083,57541,1341542320,RE,Not a fan of this at all. wellness technology helping track personal health,7372
38445,16618,1341542380,MT,Not a fan of this at all. reforestation projects restoring natural habitats,7373
8099,81723,1341542440,RT,Not a fan of this at all. initiatives protecting consumers from fraud,7374
114273,35421,1341542500,RE,Not a fan of this at all. sports events promoting inclusivity,7375
141384,9919,1341542560,MT,Not a fan of this at all. innovative projects in the entertainment industry,7376
47168,83921,1341542620,RT,Not a fan of this at all. programs reducing barriers to higher education,7377
123417,12466,1341542680,RE,Not a fan of this at all. scientists collaborating across borders effectively,7378
59000,879,1341542740,MT,Not a fan of this at all. goal-setting workshops encouraging focus,7379
43725,35481,1341542800,RT,Love this! public interest placed above corporate influence,7380
2060,46803,1341542860,RE,Love this! unregulated AI systems being deployed,7381
298,22849,1341542920,MT,Love this! healthcare workers receiving better support,7382
1959,48073,1341542980,RT,Love this! clean energy adoption improving air quality,7383
103080,76290,1341543040,RE,Love this! financial technology simplifying payments,7384
27741,16785,1341543100,MT,Love this! innovations in sports safety equipment,7385
7214,120684,1341543160,RT,Love this! celebrity collaborations creating positive impact,7386
70236,9822,1341543220,RE,Love this! innovative teaching methods engaging learners,7387
81756,123417,1341543280,MT,Love this! new technologies advancing space travel,7388
2882,3770,1341543340,RT,Love this! meditation practices improving mental clarity,7389
31510,216,1341543400,RE,So glad to see this! public interest placed above corporate influence,7390
91,1037,1341543460,MT,So glad to see this! unregulated AI systems being deployed,7391
2218,360368,1341543520,RT,So glad to see this! healthcare workers receiving better support,7392
287121,105143,1341543580,RE,So glad to see this! clean energy adoption improving air quality,7393
10339,32333,1341543640,MT,So glad to see this! financial technology simplifying payments,7394
24007,572,1341543700,RT,So glad to see this! innovations in sports safety equipment,7395
12641,144403,1341543760,RE,So glad to see this! celebrity collaborations creating positive impact,7396
7644,39071,1341543820,MT,So glad to see this! innovative teaching methods engaging learners,7397
104904,185374,1341543880,RT,So glad to see this! new technologies advancing space travel,7398
276525,36252,1341543940,RE,So glad to see this! meditation practices improving mental clarity,7399
11852,60169,1341544000,MT,Brilliant work! public interest placed above corporate influence,7400
5206,9682,1341544060,RT,Brilliant work! unregulated AI systems being deployed,7401
24272,7269,1341544120,RE,Brilliant work! healthcare workers receiving better support,7402
52512,136607,1341544180,MT,Brilliant work! clean energy adoption improving air quality,7403
91627,5478,1341544240,RT,Brilliant work! financial technology simplifying payments,7404
229741,169977,1341544300,RE,Brilliant work! innovations in sports safety equipment,7405
41174,3924,1341544360,MT,Brilliant work! celebrity collaborations creating positive impact,7406
118729,75795,1341544420,RT,Brilliant work! innovative teaching methods engaging learners,7407
204728,231955,1341544480,RE,Brilliant work! new technologies advancing space travel,7408
409056,15873,1341544540,MT,Brilliant work! meditation practices improving mental clarity,7409
13854,11946,1341544600,RT,Hate this. public interest placed above corporate influence,7410
91430,28516,1341544660,RE,Hate this. unregulated AI systems being deployed,7411
329,25258,1341544720,MT,Hate this. healthcare workers receiving better support,7412
35344,7124,1341544780,RT,Hate this. clean energy adoption improving air quality,7413
26079,63741,1341544840,RE,Hate this. financial technology simplifying payments,7414
543,19609,1341544900,MT,Hate this. innovations in sports safety equipment,7415
50865,38642,1341544960,RT,Hate this. celebrity collaborations creating positive impact,7416
5147,117882,1341545020,RE,Hate this. innovative teaching methods engaging learners,7417
65673,52926,1341545080,MT,Hate this. new technologies advancing space travel,7418
116499,50274,1341545140,RT,Hate this. meditation practices improving mental clarity,7419
1373,317,1341545200,RE,This is disappointing. public interest placed above corporate influence,7420
6651,59012,1341545260,MT,This is disappointing. unregulated AI systems being deployed,7421
23399,104768,1341545320,RT,This is disappointing. healthcare workers receiving better support,7422
126091,16672,1341545380,RE,This is disappointing. clean energy adoption improving air quality,7423
141049,7442,1341545440,MT,This is disappointing. financial technology simplifying payments,7424
13233,186674,1341545500,RT,This is disappointing. innovations in sports safety equipment,7425
367035,252516,1341545560,RE,This is disappointing. celebrity collaborations creating positive impact,7426
12038,27848,1341545620,MT,This is disappointing. innovative teaching methods engaging learners,7427
359339,65552,1341545680,RT,This is disappointing. new technologies advancing space travel,7428
123628,197852,1341545740,RE,This is disappointing. meditation practices improving mental clarity,7429
1292,19995,1341545800,MT,Not a fan of this at all. public interest placed above corporate influence,7430
59915,42907,1341545860,RT,Not a fan of this at all. unregulated AI systems being deployed,7431
33569,4642,1341545920,RE,Not a fan of this at all. healthcare workers receiving better support,7432
134304,527,1341545980,MT,Not a fan of this at all. clean energy adoption improving air quality,7433
171153,1431,1341546040,RT,Not a fan of this at all. financial technology simplifying payments,7434
27436,125327,1341546100,RE,Not a fan of this at all. innovations in sports safety equipment,7435
58736,88671,1341546160,MT,Not a fan of this at all. celebrity collaborations creating positive impact,7436
70199,67997,1341546220,RT,Not a fan of this at all. innovative teaching methods engaging learners,7437
136629,196855,1341546280,RE,Not a fan of this at all. new technologies advancing space travel,7438
80861,258985,1341546340,MT,Not a fan of this at all. meditation practices improving mental clarity,7439
11921,236,1341546400,RT,Love this! laws that protect basic human rights,7440
52514,1270,1341546460,RE,Love this! technology replacing jobs without safeguards,7441
34264,9863,1341546520,MT,Love this! programs reducing stress in workplaces,7442
79577,132394,1341546580,RT,Love this! research driving climate adaptation strategies,7443
171153,29978,1341546640,RE,Love this! investment education being prioritized,7444
74375,8471,1341546700,MT,Love this! mental health being prioritized for athletes,7445
55,74783,1341546760,RT,Love this! artists pushing creative boundaries,7446
83356,89928,1341546820,RE,Love this! schools prioritizing mental health support,7447
166765,225461,1341546880,MT,Love this! data from experiments leading to critical insights,7448
129456,444973,1341546940,RT,Love this! fitness routines integrated into busy schedules,7449
503,1852,1341547000,RE,So glad to see this! laws that protect basic human rights,7450
74295,405665,1341547060,MT,So glad to see this! technology replacing jobs without safeguards,7451
50244,2308,1341547120,RT,So glad to see this! programs reducing stress in workplaces,7452
30400,79577,1341547180,RE,So glad to see this! research driving climate adaptation strategies,7453
4740,153606,1341547240,MT,So glad to see this! investment education being prioritized,7454
314236,24033,1341547300,RT,So glad to see this! mental health being prioritized for athletes,7455
238225,206229,1341547360,RE,So glad to see this! artists pushing creative boundaries,7456
100924,252174,1341547420,MT,So glad to see this! schools prioritizing mental health support,7457
58051,46669,1341547480,RT,So glad to see this! data from experiments leading to critical insights,7458
304454,177834,1341547540,RE,So glad to see this! fitness routines integrated into busy schedules,7459
128559,15536,1341547600,MT,Brilliant work! laws that protect basic human rights,7460
40973,376,1341547660,RT,Brilliant work! technology replacing jobs without safeguards,7461
64729,120477,1341547720,RE,Brilliant work! programs reducing stress in workplaces,7462
38695,34226,1341547780,MT,Brilliant work! research driving climate adaptation strategies,7463
35354,342688,1341547840,RT,Brilliant work! investment education being prioritized,7464
238524,109191,1341547900,RE,Brilliant work! mental health being prioritized for athletes,7465
322774,94869,1341547960,MT,Brilliant work! artists pushing creative boundaries,7466
54856,67997,1341548020,RT,Brilliant work! schools prioritizing mental health support,7467
38234,33274,1341548080,RE,Brilliant work! data from experiments leading to critical insights,7468
55151,14160,1341548140,MT,Brilliant work! fitness routines integrated into busy schedules,7469
4446,45605,1341548200,RT,Hate this. laws that protect basic human rights,7470
2373,12818,1341548260,RE,Hate this. technology replacing jobs without safeguards,7471
65709,3239,1341548320,MT,Hate this. programs reducing stress in workplaces,7472
5566,89010,1341548380,RT,Hate this. research driving climate adaptation strategies,7473
2360,12824,1341548440,RE,Hate this. investment education being prioritized,7474
23743,323711,1341548500,MT,Hate this. mental health being prioritized for athletes,7475
6658,86184,1341548560,RT,Hate this. artists pushing creative boundaries,7476
43607,1104,1341548620,RE,Hate this. schools prioritizing mental health support,7477
11337,204728,1341548680,MT,Hate this. data from experiments leading to critical insights,7478
78328,364386,1341548740,RT,Hate this. fitness routines integrated into busy schedules,7479
5907,752,1341548800,RE,This is disappointing. laws that protect basic human rights,7480
22349,27311,1341548860,MT,This is disappointing. technology replacing jobs without safeguards,7481
24773,386123,1341548920,RT,This is disappointing. programs reducing stress in workplaces,7482
48271,92500,1341548980,RE,This is disappointing. research driving climate adaptation strategies,7483
35064,14124,1341549040,MT,This is disappointing. investment education being prioritized,7484
25339,102591,1341549100,RT,This is disappointing. mental health being prioritized for athletes,7485
6596,196130,1341549160,RE,This is disappointing. artists pushing creative boundaries,7486
164123,98637,1341549220,MT,This is disappointing. schools prioritizing mental health support,7487
98203,113373,1341549280,RT,This is disappointing. data from experiments leading to critical insights,7488
209321,39422,1341549340,RE,This is disappointing. fitness routines integrated into busy schedules,7489
13798,52908,1341549400,MT,Not a fan of this at all. laws that protect basic human rights,7490
170090,108134,1341549460,RT,Not a fan of this at all. technology replacing jobs without safeguards,7491
170862,47759,1341549520,RE,Not a fan of this at all. programs reducing stress in workplaces,7492
33480,50329,1341549580,MT,Not a fan of this at all. research driving climate adaptation strategies,7493
22636,9104,1341549640,RT,Not a fan of this at all. investment education being prioritized,7494
103761,1284,1341549700,RE,Not a fan of this at all. mental health being prioritized for athletes,7495
43347,38941,1341549760,MT,Not a fan of this at all. artists pushing creative boundaries,7496
201659,86368,1341549820,RT,Not a fan of this at all. schools prioritizing mental health support,7497
78425,82741,1341549880,RE,Not a fan of this at all. data from experiments leading to critical insights,7498
353357,12922,1341549940,MT,Not a fan of this at all. fitness routines integrated into busy schedules,7499
4895,19,1341550000,RT,Love this! government transparency improving,7500
4693,3360,1341550060,RE,Love this! AI decisions lacking transparency,7501
75362,77616,1341550120,MT,Love this! public campaigns encouraging healthy lifestyles,7502
58210,163,1341550180,RT,Love this! ocean conservation initiatives making progress,7503
288158,80507,1341550240,RE,Love this! cryptocurrency being integrated responsibly,7504
44371,16143,1341550300,MT,Love this! fitness challenges motivating communities,7505
73171,2001,1341550360,RT,Love this! movies highlighting important real-world themes,7506
213472,2127,1341550420,RE,Love this! workplace initiatives promoting career growth,7507
74043,47241,1341550480,MT,Love this! research programs addressing pressing global issues,7508
27734,22313,1341550540,RT,Love this! journaling helping people reflect and grow,7509
60035,12928,1341550600,RE,So glad to see this! government transparency improving,7510
14674,75798,1341550660,MT,So glad to see this! AI decisions lacking transparency,7511
93500,36854,1341550720,RT,So glad to see this! public campaigns encouraging healthy lifestyles,7512
130816,171180,1341550780,RE,So glad to see this! ocean conservation initiatives making progress,7513
1665,38001,1341550840,MT,So glad to see this! cryptocurrency being integrated responsibly,7514
34179,79783,1341550900,RT,So glad to see this! fitness challenges motivating communities,7515
72174,28950,1341550960,RE,So glad to see this! movies highlighting important real-world themes,7516
23410,29906,1341551020,MT,So glad to see this! workplace initiatives promoting career growth,7517
64640,203555,1341551080,RT,So glad to see this! research programs addressing pressing global issues,7518
40266,16690,1341551140,RE,So glad to see this! journaling helping people reflect and grow,7519
316,16533,1341551200,MT,Brilliant work! government transparency improving,7520
14600,22470,1341551260,RT,Brilliant work! AI decisions lacking transparency,7521
134837,72108,1341551320,RE,Brilliant work! public campaigns encouraging healthy lifestyles,7522
24514,46527,1341551380,MT,Brilliant work! ocean conservation initiatives making progress,7523
40253,23576,1341551440,RT,Brilliant work! cryptocurrency being integrated responsibly,7524
189146,103448,1341551500,RE,Brilliant work! fitness challenges motivating communities,7525
99018,99,1341551560,MT,Brilliant work! movies highlighting important real-world themes,7526
20263,71218,1341551620,RT,Brilliant work! workplace initiatives promoting career growth,7527
8201,49695,1341551680,RE,Brilliant work! research programs addressing pressing global issues,7528
398000,5098,1341551740,MT,Brilliant work! journaling helping people reflect and grow,7529
3419,7590,1341551800,RT,Hate this. government transparency improving,7530
35731,38819,1341551860,RE,Hate this. AI decisions lacking transparency,7531
82268,4642,1341551920,MT,Hate this. public campaigns encouraging healthy lifestyles,7532
359960,4929,1341551980,RT,Hate this. ocean conservation initiatives making progress,7533
269816,53477,1341552040,RE,Hate this. cryptocurrency being integrated responsibly,7534
191834,7423,1341552100,MT,Hate this. fitness challenges motivating communities,7535
20128,258580,1341552160,RT,Hate this. movies highlighting important real-world themes,7536
138860,5965,1341552220,RE,Hate this. workplace initiatives promoting career growth,7537
47241,189345,1341552280,MT,Hate this. research programs addressing pressing global issues,7538
4363,40,1341552340,RT,Hate this. journaling helping people reflect and grow,7539
8321,16801,1341552400,RE,This is disappointing. government transparency improving,7540
206362,2060,1341552460,MT,This is disappointing. AI decisions lacking transparency,7541
40669,39874,1341552520,RT,This is disappointing. public campaigns encouraging healthy lifestyles,7542
325,65634,1341552580,RE,This is disappointing. ocean conservation initiatives making progress,7543
32526,111189,1341552640,MT,This is disappointing. cryptocurrency being integrated responsibly,7544
91518,13256,1341552700,RT,This is disappointing. fitness challenges motivating communities,7545
31850,3214,1341552760,RE,This is disappointing. movies highlighting important real-world themes,7546
12662,12342,1341552820,MT,This is disappointing. workplace initiatives promoting career growth,7547
18313,25766,1341552880,RT,This is disappointing. research programs addressing pressing global issues,7548
381497,160725,1341552940,RE,This is disappointing. journaling helping people reflect and grow,7549
16440,42172,1341553000,MT,Not a fan of this at all. government transparency improving,7550
85739,27037,1341553060,RT,Not a fan of this at all. AI decisions lacking transparency,7551
37726,37428,1341553120,RE,Not a fan of this at all. public campaigns encouraging healthy lifestyles,7552
12344,34460,1341553180,MT,Not a fan of this at all. ocean conservation initiatives making progress,7553
17468,158400,1341553240,RT,Not a fan of this at all. cryptocurrency being integrated responsibly,7554
67097,195029,1341553300,RE,Not a fan of this at all. fitness challenges motivating communities,7555
112127,6671,1341553360,MT,Not a fan of this at all. movies highlighting important real-world themes,7556
164123,14755,1341553420,RT,Not a fan of this at all. workplace initiatives promoting career growth,7557
116388,27043,1341553480,RE,Not a fan of this at all. research programs addressing pressing global issues,7558
47184,76,1341553540,MT,Not a fan of this at all. journaling helping people reflect and grow,7559
14557,28586,1341553600,RT,Love this! policies designed with expert input,7560
5280,1253,1341553660,RE,Love this! data privacy being treated lightly,7561
45391,27036,1341553720,MT,Love this! innovations in mental health therapy,7562
35334,203735,1341553780,RT,Love this! eco-friendly policies being introduced in industries,7563
238310,164483,1341553840,RE,Love this! markets showing resilience after volatility,7564
40478,44246,1341553900,MT,Love this! nutrition programs supporting athlete performance,7565
196143,20363,1341553960,RT,Love this! entertainment bringing people together,7566
38232,8517,1341554020,RE,Love this! educational technology improving learning outcomes,7567
102472,70491,1341554080,MT,Love this! scientific communication becoming more accessible,7568
32510,124459,1341554140,RT,Love this! personal development books making an impact,7569
8016,8942,1341554200,RE,So glad to see this! policies designed with expert input,7570
9682,19843,1341554260,MT,So glad to see this! data privacy being treated lightly,7571
7643,52030,1341554320,RT,So glad to see this! innovations in mental health therapy,7572
52905,48271,1341554380,RE,So glad to see this! eco-friendly policies being introduced in industries,7573
3343,338884,1341554440,MT,So glad to see this! markets showing resilience after volatility,7574
55495,196613,1341554500,RT,So glad to see this! nutrition programs supporting athlete performance,7575
59177,75606,1341554560,RE,So glad to see this! entertainment bringing people together,7576
122680,2645,1341554620,MT,So glad to see this! educational technology improving learning outcomes,7577
8915,101118,1341554680,RT,So glad to see this! scientific communication becoming more accessible,7578
4493,12938,1341554740,RE,So glad to see this! personal development books making an impact,7579
37502,23680,1341554800,MT,Brilliant work! policies designed with expert input,7580
640,221491,1341554860,RT,Brilliant work! data privacy being treated lightly,7581
17145,50276,1341554920,RE,Brilliant work! innovations in mental health therapy,7582
299898,5590,1341554980,MT,Brilliant work! eco-friendly policies being introduced in industries,7583
31602,238310,1341555040,RT,Brilliant work! markets showing resilience after volatility,7584
53965,226183,1341555100,RE,Brilliant work! nutrition programs supporting athlete performance,7585
29264,38941,1341555160,MT,Brilliant work! entertainment bringing people together,7586
151491,90107,1341555220,RT,Brilliant work! educational technology improving learning outcomes,7587
10752,13638,1341555280,RE,Brilliant work! scientific communication becoming more accessible,7588
80861,197478,1341555340,MT,Brilliant work! personal development books making an impact,7589
28951,5438,1341555400,RT,Hate this. policies designed with expert input,7590
5793,7782,1341555460,RE,Hate this. data privacy being treated lightly,7591
6674,6897,1341555520,MT,Hate this. innovations in mental health therapy,7592
7585,38133,1341555580,RT,Hate this. eco-friendly policies being introduced in industries,7593
12666,295879,1341555640,RE,Hate this. markets showing resilience after volatility,7594
5810,328882,1341555700,MT,Hate this. nutrition programs supporting athlete performance,7595
356981,87761,1341555760,RT,Hate this. entertainment bringing people together,7596
138412,11521,1341555820,RE,Hate this. educational technology improving learning outcomes,7597
18451,20905,1341555880,MT,Hate this. scientific communication becoming more accessible,7598
70066,151791,1341555940,RT,Hate this. personal development books making an impact,7599
54207,322,1341556000,RE,This is disappointing. policies designed with expert input,7600
57882,550,1341556060,MT,This is disappointing. data privacy being treated lightly,7601
83432,3024,1341556120,RT,This is disappointing. innovations in mental health therapy,7602
66977,14539,1341556180,RE,This is disappointing. eco-friendly policies being introduced in industries,7603
79651,4624,1341556240,MT,This is disappointing. markets showing resilience after volatility,7604
140402,129441,1341556300,RT,This is disappointing. nutrition programs supporting athlete performance,7605
172972,2885,1341556360,RE,This is disappointing. entertainment bringing people together,7606
43709,43607,1341556420,MT,This is disappointing. educational technology improving learning outcomes,7607
46669,27043,1341556480,RT,This is disappointing. scientific communication becoming more accessible,7608
164875,19955,1341556540,RE,This is disappointing. personal development books making an impact,7609
28285,383,1341556600,MT,Not a fan of this at all. policies designed with expert input,7610
167376,64541,1341556660,RT,Not a fan of this at all. data privacy being treated lightly,7611
32373,265613,1341556720,RE,Not a fan of this at all. innovations in mental health therapy,7612
2175,106282,1341556780,MT,Not a fan of this at all. eco-friendly policies being introduced in industries,7613
9912,29081,1341556840,RT,Not a fan of this at all. markets showing resilience after volatility,7614
97129,21718,1341556900,RE,Not a fan of this at all. nutrition programs supporting athlete performance,7615
12058,112127,1341556960,MT,Not a fan of this at all. entertainment bringing people together,7616
208846,50241,1341557020,RT,Not a fan of this at all. educational technology improving learning outcomes,7617
40445,85479,1341557080,RE,Not a fan of this at all. scientific communication becoming more accessible,7618
91359,81706,1341557140,MT,Not a fan of this at all. personal development books making an impact,7619
13633,503,1341557200,RT,Love this! leaders admitting mistakes and correcting course,7620
8391,10964,1341557260,RE,Love this! overreliance on automation,7621
118304,39874,1341557320,MT,Love this! community programs promoting preventive care,7622
34555,42112,1341557380,RT,Love this! sustainable transportation options being promoted,7623
180857,24599,1341557440,RE,Love this! programs helping people save and invest,7624
19609,15521,1341557500,MT,Love this! adaptive sports programs expanding,7625
10745,191125,1341557560,RT,Love this! celebrity behavior that disappoints fans,7626
213472,162152,1341557620,RE,Love this! community programs supporting lifelong learning,7627
301250,66320,1341557680,MT,Love this! lack of funding for important research,7628
115042,39147,1341557740,RT,Love this! online courses fostering skill growth,7629
2177,49179,1341557800,RE,So glad to see this! leaders admitting mistakes and correcting course,7630
2320,122634,1341557860,MT,So glad to see this! overreliance on automation,7631
991,8398,1341557920,RT,So glad to see this! community programs promoting preventive care,7632
137166,8927,1341557980,RE,So glad to see this! sustainable transportation options being promoted,7633
26171,26361,1341558040,MT,So glad to see this! programs helping people save and invest,7634
31926,23716,1341558100,RT,So glad to see this! adaptive sports programs expanding,7635
23125,18309,1341558160,RE,So glad to see this! celebrity behavior that disappoints fans,7636
214036,57269,1341558220,MT,So glad to see this! community programs supporting lifelong learning,7637
28166,337809,1341558280,RT,So glad to see this! lack of funding for important research,7638
124940,12478,1341558340,RE,So glad to see this! online courses fostering skill growth,7639
1988,750,1341558400,MT,Brilliant work! leaders admitting mistakes and correcting course,7640
4821,7266,1341558460,RT,Brilliant work! overreliance on automation,7641
31290,329,1341558520,RE,Brilliant work! community programs promoting preventive care,7642
123517,17460,1341558580,MT,Brilliant work! sustainable transportation options being promoted,7643
1286,91627,1341558640,RT,Brilliant work! programs helping people save and invest,7644
253142,203863,1341558700,RE,Brilliant work! adaptive sports programs expanding,7645
8989,20636,1341558760,MT,Brilliant work! celebrity behavior that disappoints fans,7646
57269,329401,1341558820,RT,Brilliant work! community programs supporting lifelong learning,7647
168172,188238,1341558880,RE,Brilliant work! lack of funding for important research,7648
50675,14598,1341558940,MT,Brilliant work! online courses fostering skill growth,7649
40279,6373,1341559000,RT,Hate this. leaders admitting mistakes and correcting course,7650
64906,137247,1341559060,RE,Hate this. overreliance on automation,7651
66417,70958,1341559120,MT,Hate this. community programs promoting preventive care,7652
57024,72185,1341559180,RT,Hate this. sustainable transportation options being promoted,7653
35242,338884,1341559240,RE,Hate this. programs helping people save and invest,7654
14662,93147,1341559300,MT,Hate this. adaptive sports programs expanding,7655
133133,18309,1341559360,RT,Hate this. celebrity behavior that disappoints fans,7656
43709,186184,1341559420,RE,Hate this. community programs supporting lifelong learning,7657
166169,30486,1341559480,MT,Hate this. lack of funding for important research,7658
233226,118527,1341559540,RT,Hate this. online courses fostering skill growth,7659
358,485,1341559600,RE,This is disappointing. leaders admitting mistakes and correcting course,7660
14469,34629,1341559660,MT,This is disappointing. overreliance on automation,7661
72658,161907,1341559720,RT,This is disappointing. community programs promoting preventive care,7662
24757,65634,1341559780,RE,This is disappointing. sustainable transportation options being promoted,7663
349771,114163,1341559840,MT,This is disappointing. programs helping people save and invest,7664
192943,110177,1341559900,RT,This is disappointing. adaptive sports programs expanding,7665
322774,95081,1341559960,RE,This is disappointing. celebrity behavior that disappoints fans,7666
113372,26900,1341560020,MT,This is disappointing. community programs supporting lifelong learning,7667
21109,447409,1341560080,RT,This is disappointing. lack of funding for important research,7668
73085,226536,1341560140,RE,This is disappointing. online courses fostering skill growth,7669
250519,57122,1341560200,MT,Not a fan of this at all. leaders admitting mistakes and correcting course,7670
105601,12318,1341560260,RT,Not a fan of this at all. overreliance on automation,7671
95871,452892,1341560320,RE,Not a fan of this at all. community programs promoting preventive care,7672
101717,7,1341560380,MT,Not a fan of this at all. sustainable transportation options being promoted,7673
13685,180857,1341560440,RT,Not a fan of this at all. programs helping people save and invest,7674
132585,15493,1341560500,RE,Not a fan of this at all. adaptive sports programs expanding,7675
8409,79134,1341560560,MT,Not a fan of this at all. celebrity behavior that disappoints fans,7676
1104,329401,1341560620,RT,Not a fan of this at all. community programs supporting lifelong learning,7677
6704,189670,1341560680,RE,Not a fan of this at all. lack of funding for important research,7678
56423,79054,1341560740,MT,Not a fan of this at all. online courses fostering skill growth,7679
9363,1503,1341560800,RT,Love this! bipartisan cooperation on critical issues,7680
143824,5208,1341560860,RE,Love this! AI models trained on biased data,7681
6963,64652,1341560920,MT,Love this! research improving treatment for chronic conditions,7682
48920,16672,1341560980,RT,Love this! awareness about plastic pollution increasing,7683
58074,41395,1341561040,RE,Love this! banks offering more ethical financial products,7684
6338,87431,1341561100,MT,Love this! grassroots programs growing interest in sports,7685
1854,366295,1341561160,RT,Love this! controversial statements by public figures,7686
44125,154068,1341561220,RE,Love this! scholarships making education accessible,7687
210094,337809,1341561280,MT,Love this! scientific misinformation spreading rapidly,7688
165970,16690,1341561340,RT,Love this! community support programs motivating change,7689
1267,2177,1341561400,RE,So glad to see this! bipartisan cooperation on critical issues,7690
120719,16011,1341561460,MT,So glad to see this! AI models trained on biased data,7691
3845,33569,1341561520,RT,So glad to see this! research improving treatment for chronic conditions,7692
57024,132404,1341561580,RE,So glad to see this! awareness about plastic pollution increasing,7693
69597,2351,1341561640,MT,So glad to see this! banks offering more ethical financial products,7694
21288,84134,1341561700,RT,So glad to see this! grassroots programs growing interest in sports,7695
238225,4014,1341561760,RE,So glad to see this! controversial statements by public figures,7696
184805,50241,1341561820,MT,So glad to see this! scholarships making education accessible,7697
171466,225461,1341561880,RT,So glad to see this! scientific misinformation spreading rapidly,7698
22313,170159,1341561940,RE,So glad to see this! community support programs motivating change,7699
3547,68308,1341562000,MT,Brilliant work! bipartisan cooperation on critical issues,7700
36417,4986,1341562060,RT,Brilliant work! AI models trained on biased data,7701
44456,88999,1341562120,RE,Brilliant work! research improving treatment for chronic conditions,7702
21695,15794,1341562180,MT,Brilliant work! awareness about plastic pollution increasing,7703
12223,31171,1341562240,RT,Brilliant work! banks offering more ethical financial products,7704
23477,114982,1341562300,RE,Brilliant work! grassroots programs growing interest in sports,7705
99532,64864,1341562360,MT,Brilliant work! controversial statements by public figures,7706
252174,252361,1341562420,RT,Brilliant work! scholarships making education accessible,7707
110897,42574,1341562480,RE,Brilliant work! scientific misinformation spreading rapidly,7708
147396,12922,1341562540,MT,Brilliant work! community support programs motivating change,7709
408,1858,1341562600,RT,Hate this. bipartisan cooperation on critical issues,7710
12755,5793,1341562660,RE,Hate this. AI models trained on biased data,7711
149922,199570,1341562720,MT,Hate this. research improving treatment for chronic conditions,7712
4916,157724,1341562780,RT,Hate this. awareness about plastic pollution increasing,7713
86898,1431,1341562840,RE,Hate this. banks offering more ethical financial products,7714
20192,182011,1341562900,MT,Hate this. grassroots programs growing interest in sports,7715
104791,121505,1341562960,RT,Hate this. controversial statements by public figures,7716
118226,214036,1341563020,RE,Hate this. scholarships making education accessible,7717
126028,20624,1341563080,MT,Hate this. scientific misinformation spreading rapidly,7718
304700,199340,1341563140,RT,Hate this. community support programs motivating change,7719
81181,33833,1341563200,RE,This is disappointing. bipartisan cooperation on critical issues,7720
98430,14674,1341563260,MT,This is disappointing. AI models trained on biased data,7721
45144,8268,1341563320,RT,This is disappointing. research improving treatment for chronic conditions,7722
66350,38445,1341563380,RE,This is disappointing. awareness about plastic pollution increasing,7723
248220,13278,1341563440,MT,This is disappointing. banks offering more ethical financial products,7724
24007,30857,1341563500,RT,This is disappointing. grassroots programs growing interest in sports,7725
15934,109652,1341563560,RE,This is disappointing. controversial statements by public figures,7726
10225,27034,1341563620,MT,This is disappointing. scholarships making education accessible,7727
1138,46669,1341563680,RT,This is disappointing. scientific misinformation spreading rapidly,7728
426646,61530,1341563740,RE,This is disappointing. community support programs motivating change,7729
3604,11792,1341563800,MT,Not a fan of this at all. bipartisan cooperation on critical issues,7730
19843,30075,1341563860,RT,Not a fan of this at all. AI models trained on biased data,7731
77179,106825,1341563920,RE,Not a fan of this at all. research improving treatment for chronic conditions,7732
4916,168699,1341563980,MT,Not a fan of this at all. awareness about plastic pollution increasing,7733
33301,102477,1341564040,RT,Not a fan of this at all. banks offering more ethical financial products,7734
95027,208502,1341564100,RE,Not a fan of this at all. grassroots programs growing interest in sports,7735
13620,8786,1341564160,MT,Not a fan of this at all. controversial statements by public figures,7736
10946,302505,1341564220,RT,Not a fan of this at all. scholarships making education accessible,7737
60496,8915,1341564280,RE,Not a fan of this at all. scientific misinformation spreading rapidly,7738
50233,9850,1341564340,MT,Not a fan of this at all. community support programs motivating change,7739
408,35376,1341564400,RT,Love this! measures that strengthen social safety nets,7740
2153,10924,1341564460,RE,Love this! tech companies prioritizing speed over safety,7741
53285,25784,1341564520,MT,Love this! poor access to affordable healthcare,7742
58739,80009,1341564580,RT,Love this! lack of urgency in climate policy,7743
46192,96202,1341564640,RE,Love this! transparent reporting improving investor trust,7744
34179,53733,1341564700,MT,Love this! injuries sidelining top athletes,7745
11967,6694,1341564760,RT,Love this! overhyped movies failing to deliver,7746
49323,49694,1341564820,RE,Love this! underfunded schools struggling to meet needs,7747
166548,58534,1341564880,MT,Love this! space missions delayed due to technical issues,7748
122786,154584,1341564940,RT,Love this! lack of consistency in self-improvement routines,7749
3533,330,1341565000,RE,So glad to see this! measures that strengthen social safety nets,7750
272834,96022,1341565060,MT,So glad to see this! tech companies prioritizing speed over safety,7751
59427,6897,1341565120,RT,So glad to see this! poor access to affordable healthcare,7752
177812,8742,1341565180,RE,So glad to see this! lack of urgency in climate policy,7753
8110,40398,1341565240,MT,So glad to see this! transparent reporting improving investor trust,7754
703,44126,1341565300,RT,So glad to see this! injuries sidelining top athletes,7755
42410,258580,1341565360,RE,So glad to see this! overhyped movies failing to deliver,7756
3226,9481,1341565420,MT,So glad to see this! underfunded schools struggling to meet needs,7757
14306,9149,1341565480,RT,So glad to see this! space missions delayed due to technical issues,7758
6712,80254,1341565540,RE,So glad to see this! lack of consistency in self-improvement routines,7759
33383,3998,1341565600,MT,Brilliant work! measures that strengthen social safety nets,7760
11565,5793,1341565660,RT,Brilliant work! tech companies prioritizing speed over safety,7761
5112,2356,1341565720,RE,Brilliant work! poor access to affordable healthcare,7762
439,4537,1341565780,MT,Brilliant work! lack of urgency in climate policy,7763
62217,31624,1341565840,RT,Brilliant work! transparent reporting improving investor trust,7764
17508,95629,1341565900,RE,Brilliant work! injuries sidelining top athletes,7765
34800,64320,1341565960,MT,Brilliant work! overhyped movies failing to deliver,7766
38277,8081,1341566020,RT,Brilliant work! underfunded schools struggling to meet needs,7767
21704,50620,1341566080,RE,Brilliant work! space missions delayed due to technical issues,7768
191347,115042,1341566140,MT,Brilliant work! lack of consistency in self-improvement routines,7769
191752,1276,1341566200,RT,Hate this. measures that strengthen social safety nets,7770
291,43742,1341566260,RE,Hate this. tech companies prioritizing speed over safety,7771
8285,51715,1341566320,MT,Hate this. poor access to affordable healthcare,7772
58739,34226,1341566380,RT,Hate this. lack of urgency in climate policy,7773
10446,40225,1341566440,RE,Hate this. transparent reporting improving investor trust,7774
11025,18364,1341566500,MT,Hate this. injuries sidelining top athletes,7775
93162,20363,1341566560,RT,Hate this. overhyped movies failing to deliver,7776
9481,19182,1341566620,RE,Hate this. underfunded schools struggling to meet needs,7777
31334,64484,1341566680,MT,Hate this. space missions delayed due to technical issues,7778
55519,7171,1341566740,RT,Hate this. lack of consistency in self-improvement routines,7779
8252,268,1341566800,RE,This is disappointing. measures that strengthen social safety nets,7780
50230,27179,1341566860,MT,This is disappointing. tech companies prioritizing speed over safety,7781
14628,116808,1341566920,RT,This is disappointing. poor access to affordable healthcare,7782
4561,2676,1341566980,RE,This is disappointing. lack of urgency in climate policy,7783
36093,24055,1341567040,MT,This is disappointing. transparent reporting improving investor trust,7784
114982,32108,1341567100,RT,This is disappointing. injuries sidelining top athletes,7785
98728,35382,1341567160,RE,This is disappointing. overhyped movies failing to deliver,7786
355057,70236,1341567220,MT,This is disappointing. underfunded schools struggling to meet needs,7787
64547,45272,1341567280,RT,This is disappointing. space missions delayed due to technical issues,7788
118527,92785,1341567340,RE,This is disappointing. lack of consistency in self-improvement routines,7789
3994,2348,1341567400,MT,Not a fan of this at all. measures that strengthen social safety nets,7790
63931,523,1341567460,RT,Not a fan of this at all. tech companies prioritizing speed over safety,7791
16699,80,1341567520,RE,Not a fan of this at all. poor access to affordable healthcare,7792
25006,8468,1341567580,MT,Not a fan of this at all. lack of urgency in climate policy,7793
17881,37964,1341567640,RT,Not a fan of this at all. transparent reporting improving investor trust,7794
73337,6551,1341567700,RE,Not a fan of this at all. injuries sidelining top athletes,7795
99018,338389,1341567760,MT,Not a fan of this at all. overhyped movies failing to deliver,7796
47506,11449,1341567820,RT,Not a fan of this at all. underfunded schools struggling to meet needs,7797
46669,60995,1341567880,RE,Not a fan of this at all. space missions delayed due to technical issues,7798
50675,97191,1341567940,MT,Not a fan of this at all. lack of consistency in self-improvement routines,7799
6644,26486,1341568000,RT,Love this! citizen voices influencing policy outcomes,7800
141619,11339,1341568060,RE,Love this! lack of accountability in AI failures,7801
171734,48652,1341568120,MT,Love this! mental health stigma still widespread,7802
44036,14575,1341568180,RT,Love this! deforestation continuing at alarming rates,7803
92781,33642,1341568240,RE,Love this! financial innovation supporting economic growth,7804
241536,38817,1341568300,MT,Love this! fitness programs being too expensive,7805
3287,50401,1341568360,RT,Love this! award shows ignoring deserving talent,7806
52490,17129,1341568420,RE,Love this! students facing barriers to quality education,7807
312038,310048,1341568480,MT,Love this! research not being translated into action,7808
20152,7418,1341568540,RT,Love this! burnout despite lifestyle efforts,7809
56968,7540,1341568600,RE,So glad to see this! citizen voices influencing policy outcomes,7810
81422,85766,1341568660,MT,So glad to see this! lack of accountability in AI failures,7811
44133,31288,1341568720,RT,So glad to see this! mental health stigma still widespread,7812
42112,28493,1341568780,RE,So glad to see this! deforestation continuing at alarming rates,7813
8902,94713,1341568840,MT,So glad to see this! financial innovation supporting economic growth,7814
13811,42432,1341568900,RT,So glad to see this! fitness programs being too expensive,7815
121505,329707,1341568960,RE,So glad to see this! award shows ignoring deserving talent,7816
66468,8460,1341569020,MT,So glad to see this! students facing barriers to quality education,7817
9192,337809,1341569080,RT,So glad to see this! research not being translated into action,7818
16945,54265,1341569140,RE,So glad to see this! burnout despite lifestyle efforts,7819
489,50218,1341569200,MT,Brilliant work! citizen voices influencing policy outcomes,7820
7689,377122,1341569260,RT,Brilliant work! lack of accountability in AI failures,7821
233483,110223,1341569320,RE,Brilliant work! mental health stigma still widespread,7822
24757,31337,1341569380,MT,Brilliant work! deforestation continuing at alarming rates,7823
47685,12223,1341569440,RT,Brilliant work! financial innovation supporting economic growth,7824
49716,26927,1341569500,RE,Brilliant work! fitness programs being too expensive,7825
97179,135355,1341569560,MT,Brilliant work! award shows ignoring deserving talent,7826
88419,29493,1341569620,RT,Brilliant work! students facing barriers to quality education,7827
39183,166169,1341569680,RE,Brilliant work! research not being translated into action,7828
92785,143674,1341569740,MT,Brilliant work! burnout despite lifestyle efforts,7829
59195,34519,1341569800,RT,Hate this. citizen voices influencing policy outcomes,7830
2687,89784,1341569860,RE,Hate this. lack of accountability in AI failures,7831
13141,22734,1341569920,MT,Hate this. mental health stigma still widespread,7832
30639,42170,1341569980,RT,Hate this. deforestation continuing at alarming rates,7833
52936,8099,1341570040,RE,Hate this. financial innovation supporting economic growth,7834
140402,54223,1341570100,MT,Hate this. fitness programs being too expensive,7835
48437,16333,1341570160,RT,Hate this. award shows ignoring deserving talent,7836
242386,865,1341570220,RE,Hate this. students facing barriers to quality education,7837
206773,28643,1341570280,MT,Hate this. research not being translated into action,7838
58847,28214,1341570340,RT,Hate this. burnout despite lifestyle efforts,7839
1881,2014,1341570400,RE,This is disappointing. citizen voices influencing policy outcomes,7840
282758,39524,1341570460,MT,This is disappointing. lack of accountability in AI failures,7841
15691,119425,1341570520,RT,This is disappointing. mental health stigma still widespread,7842
71822,13920,1341570580,RE,This is disappointing. deforestation continuing at alarming rates,7843
275600,88951,1341570640,MT,This is disappointing. financial innovation supporting economic growth,7844
24898,7057,1341570700,RT,This is disappointing. fitness programs being too expensive,7845
109178,25388,1341570760,RE,This is disappointing. award shows ignoring deserving talent,7846
90107,57324,1341570820,MT,This is disappointing. students facing barriers to quality education,7847
53019,103906,1341570880,RT,This is disappointing. research not being translated into action,7848
39422,63223,1341570940,RE,This is disappointing. burnout despite lifestyle efforts,7849
12928,1945,1341571000,MT,Not a fan of this at all. citizen voices influencing policy outcomes,7850
3360,400,1341571060,RT,Not a fan of this at all. lack of accountability in AI failures,7851
40323,110223,1341571120,RE,Not a fan of this at all. mental health stigma still widespread,7852
57024,440981,1341571180,MT,Not a fan of this at all. deforestation continuing at alarming rates,7853
114163,62110,1341571240,RT,Not a fan of this at all. financial innovation supporting economic growth,7854
57987,828,1341571300,RE,Not a fan of this at all. fitness programs being too expensive,7855
307771,3287,1341571360,MT,Not a fan of this at all. award shows ignoring deserving talent,7856
14554,5213,1341571420,RT,Not a fan of this at all. students facing barriers to quality education,7857
81756,147421,1341571480,RE,Not a fan of this at all. research not being translated into action,7858
12478,195528,1341571540,MT,Not a fan of this at all. burnout despite lifestyle efforts,7859
20050,6969,1341571600,RT,Love this! decisions being made without public consultation,7860
22779,33831,1341571660,RE,Love this! surveillance technologies expanding unchecked,7861
83432,67792,1341571720,MT,Love this! fitness programs being inaccessible to many,7862
57916,12012,1341571780,RT,Love this! carbon emissions still rising in many countries,7863
202696,24599,1341571840,RE,Love this! lack of oversight in crypto markets,7864
3999,33514,1341571900,MT,Love this! teams underperforming despite potential,7865
10033,307771,1341571960,RT,Love this! poor treatment of artists behind the scenes,7866
22176,408905,1341572020,RE,Love this! mentorship programs lacking resources,7867
3976,188249,1341572080,MT,Love this! inequality in access to scientific education,7868
159599,36312,1341572140,RT,Love this! motivational advice feeling generic or ineffective,7869
40797,4,1341572200,RE,So glad to see this! decisions being made without public consultation,7870
221491,1997,1341572260,MT,So glad to see this! surveillance technologies expanding unchecked,7871
43720,20056,1341572320,RT,So glad to see this! fitness programs being inaccessible to many,7872
8927,309547,1341572380,RE,So glad to see this! carbon emissions still rising in many countries,7873
5478,20483,1341572440,MT,So glad to see this! lack of oversight in crypto markets,7874
37685,28261,1341572500,RT,So glad to see this! teams underperforming despite potential,7875
93269,380375,1341572560,RE,So glad to see this! poor treatment of artists behind the scenes,7876
7234,26611,1341572620,MT,So glad to see this! mentorship programs lacking resources,7877
6545,32098,1341572680,RT,So glad to see this! inequality in access to scientific education,7878
77692,156739,1341572740,RE,So glad to see this! motivational advice feeling generic or ineffective,7879
2014,60021,1341572800,MT,Brilliant work! decisions being made without public consultation,7880
78528,216655,1341572860,RT,Brilliant work! surveillance technologies expanding unchecked,7881
118304,51729,1341572920,RE,Brilliant work! fitness programs being inaccessible to many,7882
4098,154451,1341572980,MT,Brilliant work! carbon emissions still rising in many countries,7883
48070,39089,1341573040,RT,Brilliant work! lack of oversight in crypto markets,7884
237922,130735,1341573100,RE,Brilliant work! teams underperforming despite potential,7885
128973,67505,1341573160,MT,Brilliant work! poor treatment of artists behind the scenes,7886
39977,18450,1341573220,RT,Brilliant work! mentorship programs lacking resources,7887
267168,36114,1341573280,RE,Brilliant work! inequality in access to scientific education,7888
94373,101783,1341573340,MT,Brilliant work! motivational advice feeling generic or ineffective,7889
9881,58574,1341573400,RT,Hate this. decisions being made without public consultation,7890
14201,86501,1341573460,RE,Hate this. surveillance technologies expanding unchecked,7891
106789,59427,1341573520,MT,Hate this. fitness programs being inaccessible to many,7892
4098,30039,1341573580,RT,Hate this. carbon emissions still rising in many countries,7893
10809,53135,1341573640,RE,Hate this. lack of oversight in crypto markets,7894
48656,237922,1341573700,MT,Hate this. teams underperforming despite potential,7895
180890,16174,1341573760,RT,Hate this. poor treatment of artists behind the scenes,7896
46554,43539,1341573820,RE,Hate this. mentorship programs lacking resources,7897
23761,84589,1341573880,MT,Hate this. inequality in access to scientific education,7898
6350,59520,1341573940,RT,Hate this. motivational advice feeling generic or ineffective,7899
57105,396,1341574000,RE,This is disappointing. decisions being made without public consultation,7900
11677,9036,1341574060,MT,This is disappointing. surveillance technologies expanding unchecked,7901
11621,407912,1341574120,RT,This is disappointing. fitness programs being inaccessible to many,7902
9914,174859,1341574180,RE,This is disappointing. carbon emissions still rising in many countries,7903
27800,26159,1341574240,MT,This is disappointing. lack of oversight in crypto markets,7904
822,51762,1341574300,RT,This is disappointing. teams underperforming despite potential,7905
29027,132650,1341574360,RE,This is disappointing. poor treatment of artists behind the scenes,7906
39636,43723,1341574420,MT,This is disappointing. mentorship programs lacking resources,7907
56333,10257,1341574480,RT,This is disappointing. inequality in access to scientific education,7908
304714,24384,1341574540,RE,This is disappointing. motivational advice feeling generic or ineffective,7909
1553,2348,1341574600,MT,Not a fan of this at all. decisions being made without public consultation,7910
18662,64541,1341574660,RT,Not a fan of this at all. surveillance technologies expanding unchecked,7911
52030,82825,1341574720,RE,Not a fan of this at all. fitness programs being inaccessible to many,7912
12686,285443,1341574780,MT,Not a fan of this at all. carbon emissions still rising in many countries,7913
39074,10809,1341574840,RT,Not a fan of this at all. lack of oversight in crypto markets,7914
4485,304715,1341574900,RE,Not a fan of this at all. teams underperforming despite potential,7915
2681,2247,1341574960,MT,Not a fan of this at all. poor treatment of artists behind the scenes,7916
39071,2258,1341575020,RT,Not a fan of this at all. mentorship programs lacking resources,7917
37567,95923,1341575080,RE,Not a fan of this at all. inequality in access to scientific education,7918
964,3424,1341575140,MT,Not a fan of this at all. motivational advice feeling generic or ineffective,7919
16096,1373,1341575200,RT,Love this! policies that benefit a small elite,7920
16990,42927,1341575260,RE,Love this! AI being used without user consent,7921
23666,34264,1341575320,MT,Love this! nutritional guidance being ignored,7922
163,23940,1341575380,RT,Love this! pollution affecting vulnerable communities,7923
9912,9351,1341575440,RE,Love this! fraudulent schemes exploiting investors,7924
137200,53817,1341575500,MT,Love this! lack of access to sports facilities,7925
65008,2594,1341575560,RT,Love this! films with weak storylines or messages,7926
577,7525,1341575620,RE,Love this! career development opportunities limited,7927
102472,10300,1341575680,MT,Love this! critical studies being ignored,7928
281077,195528,1341575740,RT,Love this! healthy habits being hard to maintain,7929
37523,88,1341575800,RE,So glad to see this! policies that benefit a small elite,7930
85766,2700,1341575860,MT,So glad to see this! AI being used without user consent,7931
49351,62195,1341575920,RT,So glad to see this! nutritional guidance being ignored,7932
222,23159,1341575980,RE,So glad to see this! pollution affecting vulnerable communities,7933
162209,35354,1341576040,MT,So glad to see this! fraudulent schemes exploiting investors,7934
5602,217264,1341576100,RT,So glad to see this! lack of access to sports facilities,7935
291294,334930,1341576160,RE,So glad to see this! films with weak storylines or messages,7936
3166,100067,1341576220,MT,So glad to see this! career development opportunities limited,7937
223125,31305,1341576280,RT,So glad to see this! critical studies being ignored,7938
8944,17312,1341576340,RE,So glad to see this! healthy habits being hard to maintain,7939
27705,11991,1341576400,MT,Brilliant work! policies that benefit a small elite,7940
231,122634,1341576460,RT,Brilliant work! AI being used without user consent,7941
92608,54301,1341576520,RE,Brilliant work! nutritional guidance being ignored,7942
170665,7942,1341576580,MT,Brilliant work! pollution affecting vulnerable communities,7943
23318,1415,1341576640,RT,Brilliant work! fraudulent schemes exploiting investors,7944
59266,75640,1341576700,RE,Brilliant work! lack of access to sports facilities,7945
67505,57233,1341576760,MT,Brilliant work! films with weak storylines or messages,7946
44125,134505,1341576820,RT,Brilliant work! career development opportunities limited,7947
9910,39183,1341576880,RE,Brilliant work! critical studies being ignored,7948
64643,174807,1341576940,MT,Brilliant work! healthy habits being hard to maintain,7949
67382,205,1341577000,RT,Hate this. policies that benefit a small elite,7950
95910,5071,1341577060,RE,Hate this. AI being used without user consent,7951
80257,7505,1341577120,MT,Hate this. nutritional guidance being ignored,7952
47828,101854,1341577180,RT,Hate this. pollution affecting vulnerable communities,7953
144551,104281,1341577240,RE,Hate this. fraudulent schemes exploiting investors,7954
34333,24033,1341577300,MT,Hate this. lack of access to sports facilities,7955
410367,54021,1341577360,RT,Hate this. films with weak storylines or messages,7956
97881,70080,1341577420,RE,Hate this. career development opportunities limited,7957
278404,166169,1341577480,MT,Hate this. critical studies being ignored,7958
20939,54064,1341577540,RT,Hate this. healthy habits being hard to maintain,7959
182906,510,1341577600,RE,This is disappointing. policies that benefit a small elite,7960
31248,10916,1341577660,MT,This is disappointing. AI being used without user consent,7961
31949,6072,1341577720,RT,This is disappointing. nutritional guidance being ignored,7962
52920,12493,1341577780,RE,This is disappointing. pollution affecting vulnerable communities,7963
219373,29081,1341577840,MT,This is disappointing. fraudulent schemes exploiting investors,7964
421847,10482,1341577900,RT,This is disappointing. lack of access to sports facilities,7965
16333,32508,1341577960,RE,This is disappointing. films with weak storylines or messages,7966
2673,41692,1341578020,MT,This is disappointing. career development opportunities limited,7967
110606,23123,1341578080,RT,This is disappointing. critical studies being ignored,7968
443349,140242,1341578140,RE,This is disappointing. healthy habits being hard to maintain,7969
16452,759,1341578200,MT,Not a fan of this at all. policies that benefit a small elite,7970
108134,4693,1341578260,RT,Not a fan of this at all. AI being used without user consent,7971
1205,18575,1341578320,RE,Not a fan of this at all. nutritional guidance being ignored,7972
12686,118174,1341578380,MT,Not a fan of this at all. pollution affecting vulnerable communities,7973
37559,24031,1341578440,RT,Not a fan of this at all. fraudulent schemes exploiting investors,7974
58961,241536,1341578500,RE,Not a fan of this at all. lack of access to sports facilities,7975
38642,105416,1341578560,MT,Not a fan of this at all. films with weak storylines or messages,7976
8081,394034,1341578620,RT,Not a fan of this at all. career development opportunities limited,7977
57648,85856,1341578680,RE,Not a fan of this at all. critical studies being ignored,7978
72839,151791,1341578740,MT,Not a fan of this at all. healthy habits being hard to maintain,7979
323,51,1341578800,RT,Love this! lack of accountability for misconduct,7980
459,18662,1341578860,RE,Love this! technology increasing social isolation,7981
207711,141656,1341578920,MT,Love this! misinformation spreading about health topics,7982
165693,157348,1341578980,RT,Love this! environmental laws being ignored,7983
70897,40293,1341579040,RE,Love this! extreme market volatility causing panic,7984
3691,23716,1341579100,MT,Love this! poor safety measures in training,7985
188831,17531,1341579160,RT,Love this! celebrity scandals overshadowing achievements,7986
865,164123,1341579220,RE,Love this! outdated curriculum affecting learning,7987
188384,230245,1341579280,MT,Love this! scientists facing obstacles in publishing work,7988
71545,40150,1341579340,RT,Love this! personal growth programs underdelivering,7989
485,2696,1341579400,RE,So glad to see this! lack of accountability for misconduct,7990
5160,2042,1341579460,MT,So glad to see this! technology increasing social isolation,7991
56797,32373,1341579520,RT,So glad to see this! misinformation spreading about health topics,7992
101717,17871,1341579580,RE,So glad to see this! environmental laws being ignored,7993
21134,449128,1341579640,MT,So glad to see this! extreme market volatility causing panic,7994
58961,182011,1341579700,RT,So glad to see this! poor safety measures in training,7995
105460,38941,1341579760,RE,So glad to see this! celebrity scandals overshadowing achievements,7996
184805,317497,1341579820,MT,So glad to see this! outdated curriculum affecting learning,7997
223014,10140,1341579880,RT,So glad to see this! scientists facing obstacles in publishing work,7998
17655,25180,1341579940,RE,So glad to see this! personal growth programs underdelivering,7999
2572,531,1341580000,MT,Brilliant work! lack of accountability for misconduct,8000
91430,2898,1341580060,RT,Brilliant work! technology increasing social isolation,8001
2922,95510,1341580120,RE,Brilliant work! misinformation spreading about health topics,8002
314,1521,1341580180,MT,Brilliant work! environmental laws being ignored,8003
2900,35242,1341580240,RT,Brilliant work! extreme market volatility causing panic,8004
90979,180734,1341580300,RE,Brilliant work! poor safety measures in training,8005
93258,10445,1341580360,MT,Brilliant work! celebrity scandals overshadowing achievements,8006
89020,201659,1341580420,RT,Brilliant work! outdated curriculum affecting learning,8007
226725,312038,1341580480,RE,Brilliant work! scientists facing obstacles in publishing work,8008
623,7418,1341580540,MT,Brilliant work! personal growth programs underdelivering,8009
81405,32226,1341580600,RT,Hate this. lack of accountability for misconduct,8010
36244,291,1341580660,RE,Hate this. technology increasing social isolation,8011
10704,9155,1341580720,MT,Hate this. misinformation spreading about health topics,8012
38445,55242,1341580780,RT,Hate this. environmental laws being ignored,8013
41395,79232,1341580840,RE,Hate this. extreme market volatility causing panic,8014
196613,58961,1341580900,MT,Hate this. poor safety measures in training,8015
367035,272,1341580960,RT,Hate this. celebrity scandals overshadowing achievements,8016
329401,9481,1341581020,RE,Hate this. outdated curriculum affecting learning,8017
243650,58032,1341581080,MT,Hate this. scientists facing obstacles in publishing work,8018
19879,86631,1341581140,RT,Hate this. personal growth programs underdelivering,8019
26186,352,1341581200,RE,This is disappointing. lack of accountability for misconduct,8020
131851,2153,1341581260,MT,This is disappointing. technology increasing social isolation,8021
991,47499,1341581320,RT,This is disappointing. misinformation spreading about health topics,8022
4098,41733,1341581380,RE,This is disappointing. environmental laws being ignored,8023
50196,31698,1341581440,MT,This is disappointing. extreme market volatility causing panic,8024
55964,60525,1341581500,RT,This is disappointing. poor safety measures in training,8025
133133,20276,1341581560,RE,This is disappointing. celebrity scandals overshadowing achievements,8026
14554,74566,1341581620,MT,This is disappointing. outdated curriculum affecting learning,8027
148429,5192,1341581680,RT,This is disappointing. scientists facing obstacles in publishing work,8028
65003,11326,1341581740,RE,This is disappointing. personal growth programs underdelivering,8029
16358,8135,1341581800,MT,Not a fan of this at all. lack of accountability for misconduct,8030
14166,3979,1341581860,RT,Not a fan of this at all. technology increasing social isolation,8031
75362,13141,1341581920,RE,Not a fan of this at all. misinformation spreading about health topics,8032
5813,66279,1341581980,MT,Not a fan of this at all. environmental laws being ignored,8033
95881,64313,1341582040,RT,Not a fan of this at all. extreme market volatility causing panic,8034
137242,109191,1341582100,RE,Not a fan of this at all. poor safety measures in training,8035
189336,69643,1341582160,MT,Not a fan of this at all. celebrity scandals overshadowing achievements,8036
68313,33302,1341582220,RT,Not a fan of this at all. outdated curriculum affecting learning,8037
9149,815,1341582280,RE,Not a fan of this at all. scientists facing obstacles in publishing work,8038
31222,275685,1341582340,MT,Not a fan of this at all. personal growth programs underdelivering,8039
11792,15536,1341582400,RT,Love this! important reforms being endlessly delayed,8040
95910,37832,1341582460,RE,Love this! algorithms reinforcing inequality,8041
54060,52150,1341582520,MT,Love this! healthcare inequalities persisting,8042
66350,38445,1341582580,RT,Love this! ineffective recycling systems,8043
120742,168933,1341582640,RE,Love this! financial inequalities remaining high,8044
91040,61527,1341582700,MT,Love this! coaching programs being inconsistent,8045
196276,64864,1341582760,RT,Love this! performances falling short of expectations,8046
286739,77574,1341582820,RE,Love this! teachers overwhelmed by class sizes,8047
43549,54359,1341582880,MT,Love this! underfunded environmental research,8048
13131,21397,1341582940,RT,Love this! wellness trends being overhyped,8049
39124,2055,1341583000,RE,So glad to see this! important reforms being endlessly delayed,8050
2160,11103,1341583060,MT,So glad to see this! algorithms reinforcing inequality,8051
40303,8404,1341583120,RT,So glad to see this! healthcare inequalities persisting,8052
123517,38695,1341583180,RE,So glad to see this! ineffective recycling systems,8053
18038,37009,1341583240,MT,So glad to see this! financial inequalities remaining high,8054
70993,74375,1341583300,RT,So glad to see this! coaching programs being inconsistent,8055
6408,20175,1341583360,RE,So glad to see this! performances falling short of expectations,8056
142148,12662,1341583420,MT,So glad to see this! teachers overwhelmed by class sizes,8057
302195,4635,1341583480,RT,So glad to see this! underfunded environmental research,8058
280909,42034,1341583540,RE,So glad to see this! wellness trends being overhyped,8059
9025,317,1341583600,MT,Brilliant work! important reforms being endlessly delayed,8060
12818,3443,1341583660,RT,Brilliant work! algorithms reinforcing inequality,8061
15458,36363,1341583720,RE,Brilliant work! healthcare inequalities persisting,8062
11945,50329,1341583780,MT,Brilliant work! ineffective recycling systems,8063
144933,5478,1341583840,RT,Brilliant work! financial inequalities remaining high,8064
13078,92584,1341583900,RE,Brilliant work! coaching programs being inconsistent,8065
133133,27185,1341583960,MT,Brilliant work! performances falling short of expectations,8066
17129,26386,1341584020,RT,Brilliant work! teachers overwhelmed by class sizes,8067
235455,48780,1341584080,RE,Brilliant work! underfunded environmental research,8068
1795,8889,1341584140,MT,Brilliant work! wellness trends being overhyped,8069
14611,16460,1341584200,RT,Hate this. important reforms being endlessly delayed,8070
30222,29743,1341584260,RE,Hate this. algorithms reinforcing inequality,8071
171734,38225,1341584320,MT,Hate this. healthcare inequalities persisting,8072
136170,135523,1341584380,RT,Hate this. ineffective recycling systems,8073
229438,22636,1341584440,RE,Hate this. financial inequalities remaining high,8074
417,10574,1341584500,MT,Hate this. coaching programs being inconsistent,8075
12949,446415,1341584560,RT,Hate this. performances falling short of expectations,8076
23410,67997,1341584620,RE,Hate this. teachers overwhelmed by class sizes,8077
208328,358393,1341584680,MT,Hate this. underfunded environmental research,8078
46710,130555,1341584740,RT,Hate this. wellness trends being overhyped,8079
5113,12928,1341584800,RE,This is disappointing. important reforms being endlessly delayed,8080
75798,11998,1341584860,MT,This is disappointing. algorithms reinforcing inequality,8081
60146,41828,1341584920,RT,This is disappointing. healthcare inequalities persisting,8082
11341,165058,1341584980,RE,This is disappointing. ineffective recycling systems,8083
8920,54863,1341585040,MT,This is disappointing. financial inequalities remaining high,8084
5980,66669,1341585100,RT,This is disappointing. coaching programs being inconsistent,8085
316278,8395,1341585160,RE,This is disappointing. performances falling short of expectations,8086
36618,23410,1341585220,MT,This is disappointing. teachers overwhelmed by class sizes,8087
25855,21314,1341585280,RT,This is disappointing. underfunded environmental research,8088
27734,195528,1341585340,RE,This is disappointing. wellness trends being overhyped,8089
7962,45605,1341585400,MT,Not a fan of this at all. important reforms being endlessly delayed,8090
75798,658,1341585460,RT,Not a fan of this at all. algorithms reinforcing inequality,8091
71141,16293,1341585520,RE,Not a fan of this at all. healthcare inequalities persisting,8092
50836,103439,1341585580,MT,Not a fan of this at all. ineffective recycling systems,8093
13076,148687,1341585640,RT,Not a fan of this at all. financial inequalities remaining high,8094
17508,40214,1341585700,RE,Not a fan of this at all. coaching programs being inconsistent,8095
23395,153105,1341585760,MT,Not a fan of this at all. performances falling short of expectations,8096
227066,90107,1341585820,RT,Not a fan of this at all. teachers overwhelmed by class sizes,8097
86845,344580,1341585880,RE,Not a fan of this at all. underfunded environmental research,8098
87771,89515,1341585940,MT,Not a fan of this at all. wellness trends being overhyped,8099
5716,263505,1341586000,RT,Love this! misinformation shaping public policy,8100
385,43597,1341586060,RE,Love this! poor communication about AI limitations,8101
7643,51715,1341586120,MT,Love this! overworked medical staff facing burnout,8102
101717,36681,1341586180,RT,Love this! wildlife habitats being destroyed,8103
10063,12122,1341586240,RE,Love this! scams targeting inexperienced traders,8104
310776,43518,1341586300,MT,Love this! athlete burnout due to overtraining,8105
353362,172599,1341586360,RT,Love this! overexposure of certain celebrities,8106
97524,44135,1341586420,RE,Love this! inequality in access to educational resources,8107
27066,181626,1341586480,MT,Love this! failed experiments causing setbacks,8108
51849,27734,1341586540,RT,Love this! time management tools being confusing,8109
383,55471,1341586600,RE,So glad to see this! misinformation shaping public policy,8110
6231,90083,1341586660,MT,So glad to see this! poor communication about AI limitations,8111
11355,134837,1341586720,RT,So glad to see this! overworked medical staff facing burnout,8112
217199,122438,1341586780,RE,So glad to see this! wildlife habitats being destroyed,8113
52941,31624,1341586840,MT,So glad to see this! scams targeting inexperienced traders,8114
58095,50265,1341586900,RT,So glad to see this! athlete burnout due to overtraining,8115
147968,65007,1341586960,RE,So glad to see this! overexposure of certain celebrities,8116
66910,9017,1341587020,MT,So glad to see this! inequality in access to educational resources,8117
231955,53876,1341587080,RT,So glad to see this! failed experiments causing setbacks,8118
121553,108607,1341587140,RE,So glad to see this! time management tools being confusing,8119
7756,505,1341587200,MT,Brilliant work! misinformation shaping public policy,8120
28462,37505,1341587260,RT,Brilliant work! poor communication about AI limitations,8121
22734,4652,1341587320,RE,Brilliant work! overworked medical staff facing burnout,8122
136607,177812,1341587380,MT,Brilliant work! wildlife habitats being destroyed,8123
61508,50910,1341587440,RT,Brilliant work! scams targeting inexperienced traders,8124
547,9091,1341587500,RE,Brilliant work! athlete burnout due to overtraining,8125
80881,50865,1341587560,MT,Brilliant work! overexposure of certain celebrities,8126
100924,35180,1341587620,RT,Brilliant work! inequality in access to educational resources,8127
157238,146359,1341587680,RE,Brilliant work! failed experiments causing setbacks,8128
276525,78328,1341587740,MT,Brilliant work! time management tools being confusing,8129
4895,2014,1341587800,RT,Hate this. misinformation shaping public policy,8130
21949,11339,1341587860,RE,Hate this. poor communication about AI limitations,8131
52030,36368,1341587920,MT,Hate this. overworked medical staff facing burnout,8132
61978,18561,1341587980,RT,Hate this. wildlife habitats being destroyed,8133
94713,35354,1341588040,RE,Hate this. scams targeting inexperienced traders,8134
5136,14355,1341588100,MT,Hate this. athlete burnout due to overtraining,8135
31137,188831,1341588160,RT,Hate this. overexposure of certain celebrities,8136
60818,201659,1341588220,RE,Hate this. inequality in access to educational resources,8137
169287,6039,1341588280,MT,Hate this. failed experiments causing setbacks,8138
142050,964,1341588340,RT,Hate this. time management tools being confusing,8139
54222,3808,1341588400,RE,This is disappointing. misinformation shaping public policy,8140
89807,37505,1341588460,MT,This is disappointing. poor communication about AI limitations,8141
3772,22849,1341588520,RT,This is disappointing. overworked medical staff facing burnout,8142
1277,174836,1341588580,RE,This is disappointing. wildlife habitats being destroyed,8143
177652,88392,1341588640,MT,This is disappointing. scams targeting inexperienced traders,8144
235278,25248,1341588700,RT,This is disappointing. athlete burnout due to overtraining,8145
380375,97179,1341588760,RE,This is disappointing. overexposure of certain celebrities,8146
73476,408904,1341588820,MT,This is disappointing. inequality in access to educational resources,8147
355296,195048,1341588880,RT,This is disappointing. failed experiments causing setbacks,8148
32297,40,1341588940,RE,This is disappointing. time management tools being confusing,8149
957,9363,1341589000,MT,Not a fan of this at all. misinformation shaping public policy,8150
95921,27179,1341589060,RT,Not a fan of this at all. poor communication about AI limitations,8151
251706,24755,1341589120,RE,Not a fan of this at all. overworked medical staff facing burnout,8152
14539,50329,1341589180,MT,Not a fan of this at all. wildlife habitats being destroyed,8153
148687,7646,1341589240,RT,Not a fan of this at all. scams targeting inexperienced traders,8154
51704,43719,1341589300,RE,Not a fan of this at all. athlete burnout due to overtraining,8155
44863,120684,1341589360,MT,Not a fan of this at all. overexposure of certain celebrities,8156
70236,577,1341589420,RT,Not a fan of this at all. inequality in access to educational resources,8157
116495,267639,1341589480,RE,Not a fan of this at all. failed experiments causing setbacks,8158
107918,46819,1341589540,MT,Not a fan of this at all. time management tools being confusing,8159
33355,12687,1341589600,RT,Love this! basic rights being treated as negotiable,8160
143,39523,1341589660,RE,Love this! security risks being ignored,8161
230115,69253,1341589720,MT,Love this! wellness apps failing to protect privacy,8162
8282,132394,1341589780,RT,Love this! lack of investment in clean energy,8163
61211,10446,1341589840,RE,Love this! cryptocurrency hype outpacing regulation,8164
74375,43719,1341589900,MT,Love this! youth programs lacking funding,8165
18665,138369,1341589960,RT,Love this! entertainment news focusing on negativity,8166
214036,120373,1341590020,RE,Love this! workplace training being inconsistent,8167
425025,85479,1341590080,MT,Love this! space exploration projects canceled,8168
21832,276525,1341590140,RT,Love this! lack of access to coaching or mentorship,8169
20050,2347,1341590200,RE,So glad to see this! basic rights being treated as negotiable,8170
8757,103612,1341590260,MT,So glad to see this! security risks being ignored,8171
22849,49180,1341590320,RT,So glad to see this! wellness apps failing to protect privacy,8172
7930,10269,1341590380,RE,So glad to see this! lack of investment in clean energy,8173
18740,198079,1341590440,MT,So glad to see this! cryptocurrency hype outpacing regulation,8174
53652,25248,1341590500,RT,So glad to see this! youth programs lacking funding,8175
33034,14683,1341590560,RE,So glad to see this! entertainment news focusing on negativity,8176
83356,8081,1341590620,MT,So glad to see this! workplace training being inconsistent,8177
168835,17178,1341590680,RT,So glad to see this! space exploration projects canceled,8178
18284,14893,1341590740,RE,So glad to see this! lack of access to coaching or mentorship,8179
14648,35375,1341590800,MT,Brilliant work! basic rights being treated as negotiable,8180
5281,2765,1341590860,RT,Brilliant work! security risks being ignored,8181
8398,42179,1341590920,RE,Brilliant work! wellness apps failing to protect privacy,8182
2178,124398,1341590980,MT,Brilliant work! lack of investment in clean energy,8183
52936,38001,1341591040,RT,Brilliant work! cryptocurrency hype outpacing regulation,8184
55964,10925,1341591100,RE,Brilliant work! youth programs lacking funding,8185
64266,138369,1341591160,MT,Brilliant work! entertainment news focusing on negativity,8186
160541,7525,1341591220,RT,Brilliant work! workplace training being inconsistent,8187
89408,95377,1341591280,RE,Brilliant work! space exploration projects canceled,8188
149212,132195,1341591340,MT,Brilliant work! lack of access to coaching or mentorship,8189
6929,15769,1341591400,RT,Hate this. basic rights being treated as negotiable,8190
141619,16715,1341591460,RE,Hate this. security risks being ignored,8191
6897,325463,1341591520,MT,Hate this. wellness apps failing to protect privacy,8192
217199,10765,1341591580,RT,Hate this. lack of investment in clean energy,8193
8593,182158,1341591640,RE,Hate this. cryptocurrency hype outpacing regulation,8194
10694,42432,1341591700,MT,Hate this. youth programs lacking funding,8195
106399,170103,1341591760,RT,Hate this. entertainment news focusing on negativity,8196
13766,68869,1341591820,RE,Hate this. workplace training being inconsistent,8197
25068,96820,1341591880,MT,Hate this. space exploration projects canceled,8198
141905,244854,1341591940,RT,Hate this. lack of access to coaching or mentorship,8199
98204,28476,1341592000,RE,This is disappointing. basic rights being treated as negotiable,8200
68307,23037,1341592060,MT,This is disappointing. security risks being ignored,8201
24272,121414,1341592120,RT,This is disappointing. wellness apps failing to protect privacy,8202
285443,114312,1341592180,RE,This is disappointing. lack of investment in clean energy,8203
132001,95881,1341592240,MT,This is disappointing. cryptocurrency hype outpacing regulation,8204
145349,25312,1341592300,RT,This is disappointing. youth programs lacking funding,8205
4639,29100,1341592360,RE,This is disappointing. entertainment news focusing on negativity,8206
95702,63920,1341592420,MT,This is disappointing. workplace training being inconsistent,8207
226725,7785,1341592480,RT,This is disappointing. space exploration projects canceled,8208
10645,152531,1341592540,RE,This is disappointing. lack of access to coaching or mentorship,8209
19995,22990,1341592600,MT,Not a fan of this at all. basic rights being treated as negotiable,8210
12937,8757,1341592660,RT,Not a fan of this at all. security risks being ignored,8211
89016,45,1341592720,RE,Not a fan of this at all. wellness apps failing to protect privacy,8212
93208,134095,1341592780,MT,Not a fan of this at all. lack of investment in clean energy,8213
52941,13374,1341592840,RT,Not a fan of this at all. cryptocurrency hype outpacing regulation,8214
6711,67721,1341592900,RE,Not a fan of this at all. youth programs lacking funding,8215
89751,58159,1341592960,MT,Not a fan of this at all. entertainment news focusing on negativity,8216
354973,3138,1341593020,RT,Not a fan of this at all. workplace training being inconsistent,8217
4479,37567,1341593080,RE,Not a fan of this at all. space exploration projects canceled,8218
128458,118480,1341593140,MT,Not a fan of this at all. lack of access to coaching or mentorship,8219
9363,49179,1341593200,RT,Love this! policies driven by political theater,8220
85739,7956,1341593260,RE,Love this! technology decisions made without public input,8221
82268,473,1341593320,MT,Love this! chronic conditions being underfunded,8222
186,130814,1341593380,RT,Love this! greenwashing by large corporations,8223
24224,9352,1341593440,RE,Love this! investor protections being ignored,8224
109175,114273,1341593500,MT,Love this! sports policies failing to protect players,8225
6993,42984,1341593560,RT,Love this! talent being overlooked in award decisions,8226
77496,3226,1341593620,RE,Love this! students dropping out due to lack of support,8227
98778,230465,1341593680,MT,Love this! innovation slowed by bureaucracy,8228
8889,410219,1341593740,RT,Love this! fitness routines being too demanding,8229
37561,768,1341593800,RE,So glad to see this! policies driven by political theater,8230
44183,14201,1341593860,MT,So glad to see this! technology decisions made without public input,8231
2356,51613,1341593920,RT,So glad to see this! chronic conditions being underfunded,8232
6679,12686,1341593980,RE,So glad to see this! greenwashing by large corporations,8233
12666,16502,1341594040,MT,So glad to see this! investor protections being ignored,8234
24054,37685,1341594100,RT,So glad to see this! sports policies failing to protect players,8235
39888,132521,1341594160,RE,So glad to see this! talent being overlooked in award decisions,8236
71112,850,1341594220,MT,So glad to see this! students dropping out due to lack of support,8237
310048,185374,1341594280,RT,So glad to see this! innovation slowed by bureaucracy,8238
67712,202703,1341594340,RE,So glad to see this! fitness routines being too demanding,8239
352,2138,1341594400,MT,Brilliant work! policies driven by political theater,8240
12965,12169,1341594460,RT,Brilliant work! technology decisions made without public input,8241
8268,31028,1341594520,RE,Brilliant work! chronic conditions being underfunded,8242
23940,42112,1341594580,MT,Brilliant work! greenwashing by large corporations,8243
43677,29461,1341594640,RT,Brilliant work! investor protections being ignored,8244
53733,38632,1341594700,RE,Brilliant work! sports policies failing to protect players,8245
93162,31224,1341594760,MT,Brilliant work! talent being overlooked in award decisions,8246
26687,15788,1341594820,RT,Brilliant work! students dropping out due to lack of support,8247
15507,23813,1341594880,RE,Brilliant work! innovation slowed by bureaucracy,8248
170163,201745,1341594940,MT,Brilliant work! fitness routines being too demanding,8249
14454,80101,1341595000,RT,Hate this. policies driven by political theater,8250
2153,34306,1341595060,RE,Hate this. technology decisions made without public input,8251
4433,251706,1341595120,MT,Hate this. chronic conditions being underfunded,8252
5813,2849,1341595180,RT,Hate this. greenwashing by large corporations,8253
29937,50308,1341595240,RE,Hate this. investor protections being ignored,8254
15493,44869,1341595300,MT,Hate this. sports policies failing to protect players,8255
5406,70275,1341595360,RT,Hate this. talent being overlooked in award decisions,8256
77574,15461,1341595420,RE,Hate this. students dropping out due to lack of support,8257
3976,46825,1341595480,MT,Hate this. innovation slowed by bureaucracy,8258
126298,199015,1341595540,RT,Hate this. fitness routines being too demanding,8259
2670,23680,1341595600,RE,This is disappointing. policies driven by political theater,8260
308781,12965,1341595660,MT,This is disappointing. technology decisions made without public input,8261
52199,120063,1341595720,RT,This is disappointing. chronic conditions being underfunded,8262
171180,19178,1341595780,RE,This is disappointing. greenwashing by large corporations,8263
9868,223728,1341595840,MT,This is disappointing. investor protections being ignored,8264
195029,17172,1341595900,RT,This is disappointing. sports policies failing to protect players,8265
3372,125900,1341595960,RE,This is disappointing. talent being overlooked in award decisions,8266
50349,40780,1341596020,MT,This is disappointing. students dropping out due to lack of support,8267
130815,35080,1341596080,RT,This is disappointing. innovation slowed by bureaucracy,8268
997,418109,1341596140,RE,This is disappointing. fitness routines being too demanding,8269
20920,16801,1341596200,MT,Not a fan of this at all. policies driven by political theater,8270
1459,167376,1341596260,RT,Not a fan of this at all. technology decisions made without public input,8271
80,23666,1341596320,RE,Not a fan of this at all. chronic conditions being underfunded,8272
1961,51472,1341596380,MT,Not a fan of this at all. greenwashing by large corporations,8273
4514,120630,1341596440,RT,Not a fan of this at all. investor protections being ignored,8274
1425,336573,1341596500,RE,Not a fan of this at all. sports policies failing to protect players,8275
271995,8989,1341596560,MT,Not a fan of this at all. talent being overlooked in award decisions,8276
138327,81403,1341596620,RT,Not a fan of this at all. students dropping out due to lack of support,8277
157006,62045,1341596680,RE,Not a fan of this at all. innovation slowed by bureaucracy,8278
94918,138635,1341596740,MT,Not a fan of this at all. fitness routines being too demanding,8279
2237,34312,1341596800,RT,Love this! short-term fixes replacing real solutions,8280
716,26674,1341596860,RE,Love this! AI hype overshadowing real capabilities,8281
51729,27036,1341596920,MT,Love this! lack of support for mental wellness,8282
735,54030,1341596980,RT,Love this! poor enforcement of environmental regulations,8283
81723,12666,1341597040,RE,Love this! high-risk investments marketed irresponsibly,8284
64190,28996,1341597100,MT,Love this! health risks ignored in competitions,8285
381414,27748,1341597160,RT,Love this! poorly executed marketing campaigns,8286
10194,15251,1341597220,RE,Love this! professional guidance not reaching everyone,8287
50294,117319,1341597280,MT,Love this! scientific collaboration hindered by politics,8288
300860,95124,1341597340,RT,Love this! goal-setting advice feeling unrealistic,8289
14672,35216,1341597400,RE,So glad to see this! short-term fixes replacing real solutions,8290
47470,90442,1341597460,MT,So glad to see this! AI hype overshadowing real capabilities,8291
122460,57958,1341597520,RT,So glad to see this! lack of support for mental wellness,8292
5082,287256,1341597580,RE,So glad to see this! poor enforcement of environmental regulations,8293
53331,52329,1341597640,MT,So glad to see this! high-risk investments marketed irresponsibly,8294
8928,4905,1341597700,RT,So glad to see this! health risks ignored in competitions,8295
112683,129824,1341597760,RE,So glad to see this! poorly executed marketing campaigns,8296
168394,182708,1341597820,MT,So glad to see this! professional guidance not reaching everyone,8297
33847,815,1341597880,RT,So glad to see this! scientific collaboration hindered by politics,8298
45419,20152,1341597940,RE,So glad to see this! goal-setting advice feeling unrealistic,8299
5226,14588,1341598000,MT,Brilliant work! short-term fixes replacing real solutions,8300
92575,550,1341598060,RT,Brilliant work! AI hype overshadowing real capabilities,8301
69779,2517,1341598120,RE,Brilliant work! lack of support for mental wellness,8302
177812,171180,1341598180,MT,Brilliant work! poor enforcement of environmental regulations,8303
31681,99038,1341598240,RT,Brilliant work! high-risk investments marketed irresponsibly,8304
93147,13078,1341598300,RE,Brilliant work! health risks ignored in competitions,8305
9919,30383,1341598360,MT,Brilliant work! poorly executed marketing campaigns,8306
74566,266085,1341598420,RT,Brilliant work! professional guidance not reaching everyone,8307
186332,40744,1341598480,RE,Brilliant work! scientific collaboration hindered by politics,8308
77692,59636,1341598540,MT,Brilliant work! goal-setting advice feeling unrealistic,8309
34268,14650,1341598600,RT,Hate this. short-term fixes replacing real solutions,8310
2373,3795,1341598660,RE,Hate this. AI hype overshadowing real capabilities,8311
2162,60512,1341598720,MT,Hate this. lack of support for mental wellness,8312
21017,24514,1341598780,RT,Hate this. poor enforcement of environmental regulations,8313
92781,2157,1341598840,RE,Hate this. high-risk investments marketed irresponsibly,8314
192943,132585,1341598900,MT,Hate this. health risks ignored in competitions,8315
39888,65644,1341598960,RT,Hate this. poorly executed marketing campaigns,8316
101872,2673,1341599020,RE,Hate this. professional guidance not reaching everyone,8317
32532,28072,1341599080,MT,Hate this. scientific collaboration hindered by politics,8318
7819,97742,1341599140,RT,Hate this. goal-setting advice feeling unrealistic,8319
128559,3547,1341599200,RE,This is disappointing. short-term fixes replacing real solutions,8320
14201,995,1341599260,MT,This is disappointing. AI hype overshadowing real capabilities,8321
37134,22924,1341599320,RT,This is disappointing. lack of support for mental wellness,8322
314,133434,1341599380,RE,This is disappointing. poor enforcement of environmental regulations,8323
418,124534,1341599440,MT,This is disappointing. high-risk investments marketed irresponsibly,8324
28996,62358,1341599500,RT,This is disappointing. health risks ignored in competitions,8325
11324,141604,1341599560,RE,This is disappointing. poorly executed marketing campaigns,8326
213472,128781,1341599620,MT,This is disappointing. professional guidance not reaching everyone,8327
175211,150170,1341599680,RT,This is disappointing. scientific collaboration hindered by politics,8328
615,51816,1341599740,RE,This is disappointing. goal-setting advice feeling unrealistic,8329
35366,2567,1341599800,MT,Not a fan of this at all. short-term fixes replacing real solutions,8330
40285,11339,1341599860,RT,Not a fan of this at all. AI hype overshadowing real capabilities,8331
10513,51749,1341599920,RE,Not a fan of this at all. lack of support for mental wellness,8332
10719,10269,1341599980,MT,Not a fan of this at all. poor enforcement of environmental regulations,8333
17966,148687,1341600040,RT,Not a fan of this at all. high-risk investments marketed irresponsibly,8334
61130,53831,1341600100,RE,Not a fan of this at all. health risks ignored in competitions,8335
20187,76048,1341600160,MT,Not a fan of this at all. poorly executed marketing campaigns,8336
30615,42936,1341600220,RT,Not a fan of this at all. professional guidance not reaching everyone,8337
5192,191790,1341600280,RE,Not a fan of this at all. scientific collaboration hindered by politics,8338
64643,6928,1341600340,MT,Not a fan of this at all. goal-setting advice feeling unrealistic,8339
37532,75369,1341600400,RT,Love this! public resources being mismanaged,8340
40298,11103,1341600460,RE,Love this! ethical concerns being dismissed,8341
3259,13139,1341600520,MT,Love this! health policies favoring the wealthy,8342
54030,9914,1341600580,RT,Love this! rising global temperatures causing concern,8343
144099,66495,1341600640,RE,Love this! banks failing to support small businesses,8344
117034,68131,1341600700,MT,Love this! training programs not inclusive,8345
18701,2233,1341600760,RT,Love this! celebrity feuds causing unnecessary drama,8346
33758,213472,1341600820,RE,Love this! educational policies failing to address real needs,8347
220156,60995,1341600880,MT,Love this! lack of public engagement with research,8348
353357,50274,1341600940,RT,Love this! self-care practices being ignored,8349
14625,40797,1341601000,RE,So glad to see this! public resources being mismanaged,8350
59529,103921,1341601060,MT,So glad to see this! ethical concerns being dismissed,8351
104768,57541,1341601120,RT,So glad to see this! health policies favoring the wealthy,8352
71822,95896,1341601180,RE,So glad to see this! rising global temperatures causing concern,8353
17863,162209,1341601240,MT,So glad to see this! banks failing to support small businesses,8354
74228,73337,1341601300,RT,So glad to see this! training programs not inclusive,8355
50865,55,1341601360,RE,So glad to see this! celebrity feuds causing unnecessary drama,8356
3166,32195,1341601420,MT,So glad to see this! educational policies failing to address real needs,8357
38234,11337,1341601480,RT,So glad to see this! lack of public engagement with research,8358
304454,28214,1341601540,RE,So glad to see this! self-care practices being ignored,8359
2417,50218,1341601600,MT,Brilliant work! public resources being mismanaged,8360
5793,22470,1341601660,RT,Brilliant work! ethical concerns being dismissed,8361
331789,15113,1341601720,RE,Brilliant work! health policies favoring the wealthy,8362
11711,9116,1341601780,MT,Brilliant work! rising global temperatures causing concern,8363
136493,39093,1341601840,RT,Brilliant work! banks failing to support small businesses,8364
175276,12416,1341601900,RE,Brilliant work! training programs not inclusive,8365
6406,124340,1341601960,MT,Brilliant work! celebrity feuds causing unnecessary drama,8366
117478,80068,1341602020,RT,Brilliant work! educational policies failing to address real needs,8367
80648,69567,1341602080,RE,Brilliant work! lack of public engagement with research,8368
276033,2485,1341602140,MT,Brilliant work! self-care practices being ignored,8369
14572,33383,1341602200,RT,Hate this. public resources being mismanaged,8370
273,89925,1341602260,RE,Hate this. ethical concerns being dismissed,8371
91500,12648,1341602320,MT,Hate this. health policies favoring the wealthy,8372
55539,30039,1341602380,RT,Hate this. rising global temperatures causing concern,8373
46192,79105,1341602440,RE,Hate this. banks failing to support small businesses,8374
7313,95027,1341602500,MT,Hate this. training programs not inclusive,8375
5406,18893,1341602560,RT,Hate this. celebrity feuds causing unnecessary drama,8376
355057,75684,1341602620,RE,Hate this. educational policies failing to address real needs,8377
40445,39183,1341602680,MT,Hate this. lack of public engagement with research,8378
49974,206726,1341602740,RT,Hate this. self-care practices being ignored,8379
6241,6969,1341602800,RE,This is disappointing. public resources being mismanaged,8380
2188,459,1341602860,MT,This is disappointing. ethical concerns being dismissed,8381
106925,25907,1341602920,RT,This is disappointing. health policies favoring the wealthy,8382
47608,30400,1341602980,RE,This is disappointing. rising global temperatures causing concern,8383
52329,152942,1341603040,MT,This is disappointing. banks failing to support small businesses,8384
61130,5437,1341603100,RT,This is disappointing. training programs not inclusive,8385
18827,124356,1341603160,RE,This is disappointing. celebrity feuds causing unnecessary drama,8386
249802,214036,1341603220,MT,This is disappointing. educational policies failing to address real needs,8387
4285,285111,1341603280,RT,This is disappointing. lack of public engagement with research,8388
206753,398000,1341603340,RE,This is disappointing. self-care practices being ignored,8389
4730,18431,1341603400,MT,Not a fan of this at all. public resources being mismanaged,8390
221491,5123,1341603460,RT,Not a fan of this at all. ethical concerns being dismissed,8391
23956,28091,1341603520,RE,Not a fan of this at all. health policies favoring the wealthy,8392
72185,128855,1341603580,MT,Not a fan of this at all. rising global temperatures causing concern,8393
21134,12463,1341603640,RT,Not a fan of this at all. banks failing to support small businesses,8394
10093,6668,1341603700,RE,Not a fan of this at all. training programs not inclusive,8395
57114,327714,1341603760,MT,Not a fan of this at all. celebrity feuds causing unnecessary drama,8396
278797,77656,1341603820,RT,Not a fan of this at all. educational policies failing to address real needs,8397
13660,177442,1341603880,RE,Not a fan of this at all. lack of public engagement with research,8398
533,76667,1341603940,MT,Not a fan of this at all. self-care practices being ignored,8399
37341,1971,1341604000,RT,Love this! science being ignored in policy decisions,8400
50305,20971,1341604060,RE,Love this! automation without reskilling plans,8401
33485,44456,1341604120,MT,Love this! preventive care being neglected,8402
124398,35344,1341604180,RT,Love this! climate disasters becoming more frequent,8403
1286,23200,1341604240,RE,Love this! misleading financial advice circulating,8404
9091,26843,1341604300,MT,Love this! inadequate support for disabled athletes,8405
99084,64835,1341604360,RT,Love this! reboots failing to capture original magic,8406
44652,154193,1341604420,RE,Love this! digital divide affecting learning outcomes,8407
110606,40744,1341604480,MT,Love this! important findings underreported,8408
68171,5004,1341604540,RT,Love this! resources for personal development limited,8409
46117,27744,1341604600,RE,So glad to see this! science being ignored in policy decisions,8410
50305,7020,1341604660,MT,So glad to see this! automation without reskilling plans,8411
7568,28962,1341604720,RT,So glad to see this! preventive care being neglected,8412
113315,77555,1341604780,RE,So glad to see this! climate disasters becoming more frequent,8413
12666,13136,1341604840,MT,So glad to see this! misleading financial advice circulating,8414
84902,52846,1341604900,RT,So glad to see this! inadequate support for disabled athletes,8415
57114,184606,1341604960,RE,So glad to see this! reboots failing to capture original magic,8416
35950,39410,1341605020,MT,So glad to see this! digital divide affecting learning outcomes,8417
312038,35426,1341605080,RT,So glad to see this! important findings underreported,8418
6350,70066,1341605140,RE,So glad to see this! resources for personal development limited,8419
14557,19153,1341605200,MT,Brilliant work! science being ignored in policy decisions,8420
10855,75798,1341605260,RT,Brilliant work! automation without reskilling plans,8421
184761,325463,1341605320,RE,Brilliant work! preventive care being neglected,8422
10859,10685,1341605380,MT,Brilliant work! climate disasters becoming more frequent,8423
43673,6502,1341605440,RT,Brilliant work! misleading financial advice circulating,8424
85314,123135,1341605500,RE,Brilliant work! inadequate support for disabled athletes,8425
17564,9341,1341605560,MT,Brilliant work! reboots failing to capture original magic,8426
306742,377965,1341605620,RT,Brilliant work! digital divide affecting learning outcomes,8427
27043,24804,1341605680,RE,Brilliant work! important findings underreported,8428
199340,34806,1341605740,MT,Brilliant work! resources for personal development limited,8429
95905,857,1341605800,RT,Hate this. science being ignored in policy decisions,8430
9682,3795,1341605860,RE,Hate this. automation without reskilling plans,8431
37726,297144,1341605920,MT,Hate this. preventive care being neglected,8432
7414,5566,1341605980,RT,Hate this. climate disasters becoming more frequent,8433
50308,79651,1341606040,RE,Hate this. misleading financial advice circulating,8434
4602,238570,1341606100,MT,Hate this. inadequate support for disabled athletes,8435
65210,1854,1341606160,RT,Hate this. reboots failing to capture original magic,8436
7525,181286,1341606220,RE,Hate this. digital divide affecting learning outcomes,8437
244581,44264,1341606280,MT,Hate this. important findings underreported,8438
14154,40275,1341606340,RT,Hate this. resources for personal development limited,8439
39420,1276,1341606400,RE,This is disappointing. science being ignored in policy decisions,8440
14064,5155,1341606460,MT,This is disappointing. automation without reskilling plans,8441
3472,232659,1341606520,RT,This is disappointing. preventive care being neglected,8442
117615,4916,1341606580,RE,This is disappointing. climate disasters becoming more frequent,8443
93,21057,1341606640,MT,This is disappointing. misleading financial advice circulating,8444
22989,303205,1341606700,RT,This is disappointing. inadequate support for disabled athletes,8445
157722,43168,1341606760,RE,This is disappointing. reboots failing to capture original magic,8446
182708,30598,1341606820,MT,This is disappointing. digital divide affecting learning outcomes,8447
35713,24804,1341606880,RT,This is disappointing. important findings underreported,8448
265187,98905,1341606940,RE,This is disappointing. resources for personal development limited,8449
11946,228,1341607000,MT,Not a fan of this at all. science being ignored in policy decisions,8450
23037,16225,1341607060,RT,Not a fan of this at all. automation without reskilling plans,8451
1205,2308,1341607120,RE,Not a fan of this at all. preventive care being neglected,8452
46985,113315,1341607180,MT,Not a fan of this at all. climate disasters becoming more frequent,8453
42208,21057,1341607240,RT,Not a fan of this at all. misleading financial advice circulating,8454
77194,121076,1341607300,RE,Not a fan of this at all. inadequate support for disabled athletes,8455
6308,30442,1341607360,MT,Not a fan of this at all. reboots failing to capture original magic,8456
44125,850,1341607420,RT,Not a fan of this at all. digital divide affecting learning outcomes,8457
230245,44264,1341607480,RE,Not a fan of this at all. important findings underreported,8458
93266,47184,1341607540,MT,Not a fan of this at all. resources for personal development limited,8459
330,2347,1341607600,RT,Love this! opaque processes behind major decisions,8460
3979,34181,1341607660,RE,Love this! opaque recommendation algorithms,8461
18700,47759,1341607720,MT,Love this! poor public health communication,8462
52920,9278,1341607780,RT,Love this! fossil fuel dependency still high,8463
111189,42510,1341607840,RE,Love this! poor transparency in financial reporting,8464
187844,18771,1341607900,MT,Love this! poor nutrition guidance for participants,8465
132118,143550,1341607960,RT,Love this! fans disappointed by creative choices,8466
149163,44652,1341608020,RE,Love this! underpaid educators,8467
116495,70491,1341608080,MT,Love this! technological failures affecting progress,8468
304700,87771,1341608140,RT,Love this! bad habits being hard to break,8469
327,3998,1341608200,RE,So glad to see this! opaque processes behind major decisions,8470
2765,38226,1341608260,MT,So glad to see this! opaque recommendation algorithms,8471
13235,386123,1341608320,RT,So glad to see this! poor public health communication,8472
37526,14085,1341608380,RE,So glad to see this! fossil fuel dependency still high,8473
204755,71336,1341608440,MT,So glad to see this! poor transparency in financial reporting,8474
137242,50299,1341608500,RT,So glad to see this! poor nutrition guidance for participants,8475
381414,53383,1341608560,RE,So glad to see this! fans disappointed by creative choices,8476
408905,118226,1341608620,MT,So glad to see this! underpaid educators,8477
188384,176110,1341608680,RT,So glad to see this! technological failures affecting progress,8478
21046,275111,1341608740,RE,So glad to see this! bad habits being hard to break,8479
7533,16452,1341608800,MT,Brilliant work! opaque processes behind major decisions,8480
18915,6231,1341608860,RT,Brilliant work! opaque recommendation algorithms,8481
452892,75448,1341608920,RE,Brilliant work! poor public health communication,8482
1521,34226,1341608980,MT,Brilliant work! fossil fuel dependency still high,8483
156400,49540,1341609040,RT,Brilliant work! poor transparency in financial reporting,8484
19837,53733,1341609100,RE,Brilliant work! poor nutrition guidance for participants,8485
32979,2050,1341609160,MT,Brilliant work! fans disappointed by creative choices,8486
66468,7462,1341609220,RT,Brilliant work! underpaid educators,8487
39183,132751,1341609280,RE,Brilliant work! technological failures affecting progress,8488
70066,174807,1341609340,MT,Brilliant work! bad habits being hard to break,8489
31443,22990,1341609400,RT,Hate this. opaque processes behind major decisions,8490
42907,121293,1341609460,RE,Hate this. opaque recommendation algorithms,8491
41828,35604,1341609520,MT,Hate this. poor public health communication,8492
12440,80247,1341609580,RT,Hate this. fossil fuel dependency still high,8493
3209,23318,1341609640,RE,Hate this. poor transparency in financial reporting,8494
21524,42902,1341609700,MT,Hate this. poor nutrition guidance for participants,8495
28063,30442,1341609760,RT,Hate this. fans disappointed by creative choices,8496
73556,50964,1341609820,RE,Hate this. underpaid educators,8497
32706,6952,1341609880,MT,Hate this. technological failures affecting progress,8498
244219,74012,1341609940,RT,Hate this. bad habits being hard to break,8499
4446,2287,1341610000,RE,This is disappointing. opaque processes behind major decisions,8500
221,2193,1341610060,MT,This is disappointing. opaque recommendation algorithms,8501
407912,106789,1341610120,RT,This is disappointing. poor public health communication,8502
50836,49592,1341610180,RE,This is disappointing. fossil fuel dependency still high,8503
88392,42510,1341610240,MT,This is disappointing. poor transparency in financial reporting,8504
106871,54223,1341610300,RT,This is disappointing. poor nutrition guidance for participants,8505
153105,45302,1341610360,RE,This is disappointing. fans disappointed by creative choices,8506
69644,19989,1341610420,MT,This is disappointing. underpaid educators,8507
14889,9210,1341610480,RT,This is disappointing. technological failures affecting progress,8508
59000,32796,1341610540,RE,This is disappointing. bad habits being hard to break,8509
92274,39511,1341610600,MT,Not a fan of this at all. opaque processes behind major decisions,8510
22779,25934,1341610660,RT,Not a fan of this at all. opaque recommendation algorithms,8511
118304,56733,1341610720,RE,Not a fan of this at all. poor public health communication,8512
125279,83957,1341610780,MT,Not a fan of this at all. fossil fuel dependency still high,8513
31681,24873,1341610840,RT,Not a fan of this at all. poor transparency in financial reporting,8514
50945,28261,1341610900,RE,Not a fan of this at all. poor nutrition guidance for participants,8515
58411,50401,1341610960,MT,Not a fan of this at all. fans disappointed by creative choices,8516
850,14825,1341611020,RT,Not a fan of this at all. underpaid educators,8517
6680,47783,1341611080,RE,Not a fan of this at all. technological failures affecting progress,8518
302869,74247,1341611140,MT,Not a fan of this at all. bad habits being hard to break,8519
44086,1984,1341611200,RT,Love this! vulnerable groups being overlooked,8520
2288,56453,1341611260,RE,Love this! AI replacing human judgment too quickly,8521
24773,22512,1341611320,MT,Love this! dangerous health trends being promoted,8522
21695,2178,1341611380,RT,Love this! ocean pollution growing,8523
167,47477,1341611440,RE,Love this! volatile crypto tokens causing losses,8524
139108,48530,1341611500,MT,Love this! teams facing mismanagement issues,8525
261259,157722,1341611560,RT,Love this! actors criticized unfairly for roles,8526
81403,13275,1341611620,RE,Love this! programs ignoring marginalized communities,8527
128580,70491,1341611680,MT,Love this! research not addressing real-world needs,8528
14793,105491,1341611740,RT,Love this! online courses not engaging enough,8529
981,2166,1341611800,RE,So glad to see this! vulnerable groups being overlooked,8530
229,28516,1341611860,MT,So glad to see this! AI replacing human judgment too quickly,8531
36854,8404,1341611920,RT,So glad to see this! dangerous health trends being promoted,8532
93308,38673,1341611980,RE,So glad to see this! ocean pollution growing,8533
13074,9352,1341612040,MT,So glad to see this! volatile crypto tokens causing losses,8534
26843,12416,1341612100,RT,So glad to see this! teams facing mismanagement issues,8535
6661,32508,1341612160,RE,So glad to see this! actors criticized unfairly for roles,8536
4907,3166,1341612220,MT,So glad to see this! programs ignoring marginalized communities,8537
3289,3376,1341612280,RT,So glad to see this! research not addressing real-world needs,8538
9108,497,1341612340,RE,So glad to see this! online courses not engaging enough,8539
18431,294416,1341612400,MT,Brilliant work! vulnerable groups being overlooked,8540
34796,22779,1341612460,RT,Brilliant work! AI replacing human judgment too quickly,8541
54060,22781,1341612520,RE,Brilliant work! dangerous health trends being promoted,8542
14539,47608,1341612580,MT,Brilliant work! ocean pollution growing,8543
5669,28667,1341612640,RT,Brilliant work! volatile crypto tokens causing losses,8544
8614,75640,1341612700,RE,Brilliant work! teams facing mismanagement issues,8545
276767,121422,1341612760,MT,Brilliant work! actors criticized unfairly for roles,8546
359115,50241,1341612820,RT,Brilliant work! programs ignoring marginalized communities,8547
64640,20905,1341612880,RE,Brilliant work! research not addressing real-world needs,8548
196346,129456,1341612940,MT,Brilliant work! online courses not engaging enough,8549
36371,28586,1341613000,RT,Hate this. vulnerable groups being overlooked,8550
67282,7383,1341613060,RE,Hate this. AI replacing human judgment too quickly,8551
45,115093,1341613120,MT,Hate this. dangerous health trends being promoted,8552
4704,2221,1341613180,RT,Hate this. ocean pollution growing,8553
1286,21929,1341613240,RE,Hate this. volatile crypto tokens causing losses,8554
34,33070,1341613300,MT,Hate this. teams facing mismanagement issues,8555
2949,172972,1341613360,RT,Hate this. actors criticized unfairly for roles,8556
263490,122030,1341613420,RE,Hate this. programs ignoring marginalized communities,8557
69648,29692,1341613480,MT,Hate this. research not addressing real-world needs,8558
59636,231873,1341613540,RT,Hate this. online courses not engaging enough,8559
4368,2156,1341613600,RE,This is disappointing. vulnerable groups being overlooked,8560
33386,47175,1341613660,MT,This is disappointing. AI replacing human judgment too quickly,8561
225908,216056,1341613720,RT,This is disappointing. dangerous health trends being promoted,8562
22816,11152,1341613780,RE,This is disappointing. ocean pollution growing,8563
4514,22634,1341613840,MT,This is disappointing. volatile crypto tokens causing losses,8564
109134,26004,1341613900,RT,This is disappointing. teams facing mismanagement issues,8565
23587,29721,1341613960,RE,This is disappointing. actors criticized unfairly for roles,8566
11449,9017,1341614020,MT,This is disappointing. programs ignoring marginalized communities,8567
43998,21782,1341614080,RT,This is disappointing. research not addressing real-world needs,8568
37562,305412,1341614140,RE,This is disappointing. online courses not engaging enough,8569
4446,5907,1341614200,MT,Not a fan of this at all. vulnerable groups being overlooked,8570
109647,2795,1341614260,RT,Not a fan of this at all. AI replacing human judgment too quickly,8571
229447,7643,1341614320,RE,Not a fan of this at all. dangerous health trends being promoted,8572
71822,168699,1341614380,MT,Not a fan of this at all. ocean pollution growing,8573
38040,23318,1341614440,RT,Not a fan of this at all. volatile crypto tokens causing losses,8574
4602,31551,1341614500,RE,Not a fan of this at all. teams facing mismanagement issues,8575
16455,168893,1341614560,MT,Not a fan of this at all. actors criticized unfairly for roles,8576
33150,240876,1341614620,RT,Not a fan of this at all. programs ignoring marginalized communities,8577
184353,36521,1341614680,RE,Not a fan of this at all. research not addressing real-world needs,8578
39752,17655,1341614740,MT,Not a fan of this at all. online courses not engaging enough,8579
358,53508,1341614800,RT,Love this! corruption scandals without consequences,8580
39524,2244,1341614860,RE,Love this! technology rolling out without testing,8581
80,71141,1341614920,MT,Love this! limited access to essential medications,8582
8299,7151,1341614980,RT,Love this! loss of biodiversity accelerating,8583
17012,275600,1341615040,RE,Love this! lack of safeguards for digital assets,8584
33070,31551,1341615100,MT,Love this! fitness technology not accessible to all,8585
380375,196276,1341615160,RT,Love this! over-commercialization in music or film,8586
217042,12662,1341615220,RE,Love this! job opportunities not keeping pace with skills,8587
608,307066,1341615280,MT,Love this! scientific data being misinterpreted,8588
21046,91016,1341615340,RT,Love this! wellness programs being inaccessible,8589
194092,80101,1341615400,RE,So glad to see this! corruption scandals without consequences,8590
13603,103612,1341615460,MT,So glad to see this! technology rolling out without testing,8591
54291,120347,1341615520,RT,So glad to see this! limited access to essential medications,8592
303072,143185,1341615580,RE,So glad to see this! loss of biodiversity accelerating,8593
7442,20730,1341615640,MT,So glad to see this! lack of safeguards for digital assets,8594
254716,85586,1341615700,RT,So glad to see this! fitness technology not accessible to all,8595
105460,161,1341615760,RE,So glad to see this! over-commercialization in music or film,8596
451156,20139,1341615820,MT,So glad to see this! job opportunities not keeping pace with skills,8597
302964,608,1341615880,RT,So glad to see this! scientific data being misinterpreted,8598
114461,50675,1341615940,RE,So glad to see this! wellness programs being inaccessible,8599
59,323,1341616000,MT,Brilliant work! corruption scandals without consequences,8600
4134,235473,1341616060,RT,Brilliant work! technology rolling out without testing,8601
72658,49180,1341616120,RE,Brilliant work! limited access to essential medications,8602
10859,18036,1341616180,MT,Brilliant work! loss of biodiversity accelerating,8603
38001,55126,1341616240,RT,Brilliant work! lack of safeguards for digital assets,8604
91518,4984,1341616300,RE,Brilliant work! fitness technology not accessible to all,8605
276767,33784,1341616360,MT,Brilliant work! over-commercialization in music or film,8606
3138,34746,1341616420,RT,Brilliant work! job opportunities not keeping pace with skills,8607
34071,119547,1341616480,RE,Brilliant work! scientific data being misinterpreted,8608
22170,9816,1341616540,MT,Brilliant work! wellness programs being inaccessible,8609
7437,52469,1341616600,RT,Hate this. corruption scandals without consequences,8610
885,22814,1341616660,RE,Hate this. technology rolling out without testing,8611
22627,33569,1341616720,MT,Hate this. limited access to essential medications,8612
77432,11364,1341616780,RT,Hate this. loss of biodiversity accelerating,8613
6017,7646,1341616840,RE,Hate this. lack of safeguards for digital assets,8614
76414,53831,1341616900,MT,Hate this. fitness technology not accessible to all,8615
57257,382034,1341616960,RT,Hate this. over-commercialization in music or film,8616
5633,36618,1341617020,RE,Hate this. job opportunities not keeping pace with skills,8617
285111,45587,1341617080,MT,Hate this. scientific data being misinterpreted,8618
166451,7219,1341617140,RT,Hate this. wellness programs being inaccessible,8619
33476,34268,1341617200,RE,This is disappointing. corruption scandals without consequences,8620
63,2288,1341617260,MT,This is disappointing. technology rolling out without testing,8621
30478,75362,1341617320,RT,This is disappointing. limited access to essential medications,8622
52905,4375,1341617380,RE,This is disappointing. loss of biodiversity accelerating,8623
28174,9218,1341617440,MT,This is disappointing. lack of safeguards for digital assets,8624
74920,32534,1341617500,RT,This is disappointing. fitness technology not accessible to all,8625
4372,17531,1341617560,RE,This is disappointing. over-commercialization in music or film,8626
383668,11256,1341617620,MT,This is disappointing. job opportunities not keeping pace with skills,8627
17207,191812,1341617680,RT,This is disappointing. scientific data being misinterpreted,8628
118527,92315,1341617740,RE,This is disappointing. wellness programs being inaccessible,8629
677,122469,1341617800,MT,Not a fan of this at all. corruption scandals without consequences,8630
2824,90083,1341617860,RT,Not a fan of this at all. technology rolling out without testing,8631
91115,5188,1341617920,RE,Not a fan of this at all. limited access to essential medications,8632
58742,287121,1341617980,MT,Not a fan of this at all. loss of biodiversity accelerating,8633
30097,24802,1341618040,RT,Not a fan of this at all. lack of safeguards for digital assets,8634
45004,47935,1341618100,RE,Not a fan of this at all. fitness technology not accessible to all,8635
13797,19844,1341618160,MT,Not a fan of this at all. over-commercialization in music or film,8636
208846,3606,1341618220,RT,Not a fan of this at all. job opportunities not keeping pace with skills,8637
9910,235455,1341618280,RE,Not a fan of this at all. scientific data being misinterpreted,8638
147396,177834,1341618340,MT,Not a fan of this at all. wellness programs being inaccessible,8639
2138,26158,1341618400,RT,Love this! policies favoring donors over citizens,8640
58028,1997,1341618460,RE,Love this! data collection without transparency,8641
144615,72269,1341618520,MT,Love this! stress and anxiety rising globally,8642
9024,7930,1341618580,RT,Love this! unsustainable agriculture harming ecosystems,8643
10809,204837,1341618640,RE,Love this! unequal access to investment opportunities,8644
145349,210229,1341618700,MT,Love this! overemphasis on competition over wellness,8645
180890,32424,1341618760,RT,Love this! films neglecting representation,8646
26668,60818,1341618820,RE,Love this! career growth blocked by bureaucracy,8647
243650,65673,1341618880,MT,Love this! experiments delayed due to lack of resources,8648
338829,161672,1341618940,RT,Love this! lack of guidance for lifestyle changes,8649
389,294416,1341619000,RE,So glad to see this! policies favoring donors over citizens,8650
235473,42643,1341619060,MT,So glad to see this! data collection without transparency,8651
19922,28962,1341619120,RT,So glad to see this! stress and anxiety rising globally,8652
128768,68132,1341619180,RE,So glad to see this! unsustainable agriculture harming ecosystems,8653
217458,213163,1341619240,MT,So glad to see this! unequal access to investment opportunities,8654
27741,106871,1341619300,RT,So glad to see this! overemphasis on competition over wellness,8655
132002,31137,1341619360,RE,So glad to see this! films neglecting representation,8656
24967,90752,1341619420,MT,So glad to see this! career growth blocked by bureaucracy,8657
17207,64640,1341619480,RT,So glad to see this! experiments delayed due to lack of resources,8658
236707,101718,1341619540,RE,So glad to see this! lack of guidance for lifestyle changes,8659
8,1553,1341619600,MT,Brilliant work! policies favoring donors over citizens,8660
64906,390301,1341619660,RT,Brilliant work! data collection without transparency,8661
4433,24676,1341619720,RE,Brilliant work! stress and anxiety rising globally,8662
11341,44969,1341619780,MT,Brilliant work! unsustainable agriculture harming ecosystems,8663
79724,63741,1341619840,RT,Brilliant work! unequal access to investment opportunities,8664
103448,13233,1341619900,RE,Brilliant work! overemphasis on competition over wellness,8665
30525,31850,1341619960,MT,Brilliant work! films neglecting representation,8666
90152,97187,1341620020,RT,Brilliant work! career growth blocked by bureaucracy,8667
10154,13700,1341620080,RE,Brilliant work! experiments delayed due to lack of resources,8668
132832,37582,1341620140,MT,Brilliant work! lack of guidance for lifestyle changes,8669
4888,38602,1341620200,RT,Hate this. policies favoring donors over citizens,8670
2813,39523,1341620260,RE,Hate this. data collection without transparency,8671
73933,51715,1341620320,MT,Hate this. stress and anxiety rising globally,8672
8606,3227,1341620380,RT,Hate this. unsustainable agriculture harming ecosystems,8673
9351,34810,1341620440,RE,Hate this. unequal access to investment opportunities,8674
6551,35109,1341620500,MT,Hate this. overemphasis on competition over wellness,8675
420228,34283,1341620560,RT,Hate this. films neglecting representation,8676
93159,51059,1341620620,RE,Hate this. career growth blocked by bureaucracy,8677
412404,54488,1341620680,MT,Hate this. experiments delayed due to lack of resources,8678
35059,25955,1341620740,RT,Hate this. lack of guidance for lifestyle changes,8679
54200,10179,1341620800,RE,This is disappointing. policies favoring donors over citizens,8680
11876,44183,1341620860,MT,This is disappointing. data collection without transparency,8681
40407,49178,1341620920,RT,This is disappointing. stress and anxiety rising globally,8682
34248,135369,1341620980,RE,This is disappointing. unsustainable agriculture harming ecosystems,8683
81723,43677,1341621040,MT,This is disappointing. unequal access to investment opportunities,8684
48656,4376,1341621100,RT,This is disappointing. overemphasis on competition over wellness,8685
48437,48982,1341621160,RE,This is disappointing. films neglecting representation,8686
2673,3606,1341621220,MT,This is disappointing. career growth blocked by bureaucracy,8687
86906,139746,1341621280,RT,This is disappointing. experiments delayed due to lack of resources,8688
275111,8944,1341621340,RE,This is disappointing. lack of guidance for lifestyle changes,8689
39889,327,1341621400,MT,Not a fan of this at all. policies favoring donors over citizens,8690
90442,64906,1341621460,RT,Not a fan of this at all. data collection without transparency,8691
48652,30241,1341621520,RE,Not a fan of this at all. stress and anxiety rising globally,8692
2350,31696,1341621580,MT,Not a fan of this at all. unsustainable agriculture harming ecosystems,8693
74040,104802,1341621640,RT,Not a fan of this at all. unequal access to investment opportunities,8694
20073,224711,1341621700,RE,Not a fan of this at all. overemphasis on competition over wellness,8695
67681,329707,1341621760,MT,Not a fan of this at all. films neglecting representation,8696
7081,13501,1341621820,RT,Not a fan of this at all. career growth blocked by bureaucracy,8697
6982,117319,1341621880,RE,Not a fan of this at all. experiments delayed due to lack of resources,8698
196346,10357,1341621940,MT,Not a fan of this at all. lack of guidance for lifestyle changes,8699
456,8005,1341622000,RT,Love this! leaders avoiding responsibility,8700
12513,2700,1341622060,RE,Love this! AI misuse going unaddressed,8701
117155,24704,1341622120,MT,Love this! insurance gaps leaving people unprotected,8702
11364,10128,1341622180,RT,Love this! air quality deteriorating in urban areas,8703
449128,142290,1341622240,RE,Love this! predatory lending practices continuing,8704
38815,74920,1341622300,MT,Love this! injury prevention programs underfunded,8705
50865,99018,1341622360,RT,Love this! media spreading misinformation about stars,8706
30652,865,1341622420,RE,Love this! skills training not aligned with industry demands,8707
299994,22804,1341622480,MT,Love this! scientists underappreciated for their work,8708
8944,32510,1341622540,RT,Love this! motivational content feeling hollow,8709
408,2347,1341622600,RE,So glad to see this! leaders avoiding responsibility,8710
189,46803,1341622660,MT,So glad to see this! AI misuse going unaddressed,8711
13758,108150,1341622720,RT,So glad to see this! insurance gaps leaving people unprotected,8712
7124,8468,1341622780,RE,So glad to see this! air quality deteriorating in urban areas,8713
126459,64987,1341622840,MT,So glad to see this! predatory lending practices continuing,8714
133894,431,1341622900,RT,So glad to see this! injury prevention programs underfunded,8715
78800,327714,1341622960,RE,So glad to see this! media spreading misinformation about stars,8716
20139,136490,1341623020,MT,So glad to see this! skills training not aligned with industry demands,8717
42836,2996,1341623080,RT,So glad to see this! scientists underappreciated for their work,8718
42909,5098,1341623140,RE,So glad to see this! motivational content feeling hollow,8719
7937,60169,1341623200,MT,Brilliant work! leaders avoiding responsibility,8720
220058,4904,1341623260,RT,Brilliant work! AI misuse going unaddressed,8721
49122,8992,1341623320,RE,Brilliant work! insurance gaps leaving people unprotected,8722
14539,128768,1341623380,MT,Brilliant work! air quality deteriorating in urban areas,8723
39093,5796,1341623440,RT,Brilliant work! predatory lending practices continuing,8724
226183,49825,1341623500,RE,Brilliant work! injury prevention programs underfunded,8725
71591,31329,1341623560,MT,Brilliant work! media spreading misinformation about stars,8726
88419,22176,1341623620,RT,Brilliant work! skills training not aligned with industry demands,8727
17936,166765,1341623680,RE,Brilliant work! scientists underappreciated for their work,8728
144026,87771,1341623740,MT,Brilliant work! motivational content feeling hollow,8729
389,27705,1341623800,RT,Hate this. leaders avoiding responsibility,8730
1548,68446,1341623860,RE,Hate this. AI misuse going unaddressed,8731
16699,69253,1341623920,MT,Hate this. insurance gaps leaving people unprotected,8732
56,24443,1341623980,RT,Hate this. air quality deteriorating in urban areas,8733
33642,202812,1341624040,RE,Hate this. predatory lending practices continuing,8734
235278,20273,1341624100,MT,Hate this. injury prevention programs underfunded,8735
10817,65282,1341624160,RT,Hate this. media spreading misinformation about stars,8736
26687,24220,1341624220,RE,Hate this. skills training not aligned with industry demands,8737
71871,66320,1341624280,MT,Hate this. scientists underappreciated for their work,8738
127975,77516,1341624340,RT,Hate this. motivational content feeling hollow,8739
2287,81181,1341624400,RE,This is disappointing. leaders avoiding responsibility,8740
122634,108134,1341624460,MT,This is disappointing. AI misuse going unaddressed,8741
2517,80814,1341624520,RT,This is disappointing. insurance gaps leaving people unprotected,8742
58518,122438,1341624580,RE,This is disappointing. air quality deteriorating in urban areas,8743
31171,22004,1341624640,MT,This is disappointing. predatory lending practices continuing,8744
44933,51310,1341624700,RT,This is disappointing. injury prevention programs underfunded,8745
15724,30442,1341624760,RE,This is disappointing. media spreading misinformation about stars,8746
19872,202936,1341624820,MT,This is disappointing. skills training not aligned with industry demands,8747
37567,191790,1341624880,RT,This is disappointing. scientists underappreciated for their work,8748
7395,27734,1341624940,RE,This is disappointing. motivational content feeling hollow,8749
35248,13795,1341625000,MT,Not a fan of this at all. leaders avoiding responsibility,8750
8498,995,1341625060,RT,Not a fan of this at all. AI misuse going unaddressed,8751
15691,20982,1341625120,RE,Not a fan of this at all. insurance gaps leaving people unprotected,8752
286570,8719,1341625180,MT,Not a fan of this at all. air quality deteriorating in urban areas,8753
61211,229438,1341625240,RT,Not a fan of this at all. predatory lending practices continuing,8754
14728,28996,1341625300,RE,Not a fan of this at all. injury prevention programs underfunded,8755
2949,99018,1341625360,MT,Not a fan of this at all. media spreading misinformation about stars,8756
19989,39636,1341625420,RT,Not a fan of this at all. skills training not aligned with industry demands,8757
131668,29598,1341625480,RE,Not a fan of this at all. scientists underappreciated for their work,8758
231873,71545,1341625540,MT,Not a fan of this at all. motivational content feeling hollow,8759
17527,2010,1341625600,RT,Love this! public trust being taken for granted,8760
14166,1270,1341625660,RE,Love this! weak safeguards for sensitive data,8761
10647,13139,1341625720,MT,Love this! healthcare innovation being slow,8762
86909,22740,1341625780,RT,Love this! environmental activism facing resistance,8763
137746,1720,1341625840,RE,Love this! centralized control limiting financial freedom,8764
183404,140402,1341625900,MT,Love this! lack of proper recovery protocols,8765
329707,106299,1341625960,RT,Love this! projects rushed to meet deadlines,8766
140013,350,1341626020,RE,Love this! schools lacking proper facilities,8767
10728,35527,1341626080,MT,Love this! space missions facing budget cuts,8768
230165,9185,1341626140,RT,Love this! personal growth efforts facing obstacles,8769
857,35062,1341626200,RE,So glad to see this! public trust being taken for granted,8770
2795,64541,1341626260,MT,So glad to see this! weak safeguards for sensitive data,8771
464,386123,1341626320,RT,So glad to see this! healthcare innovation being slow,8772
136170,2350,1341626380,RE,So glad to see this! environmental activism facing resistance,8773
5796,53504,1341626440,MT,So glad to see this! centralized control limiting financial freedom,8774
39096,323711,1341626500,RT,So glad to see this! lack of proper recovery protocols,8775
269219,166106,1341626560,RE,So glad to see this! projects rushed to meet deadlines,8776
26668,201659,1341626620,MT,So glad to see this! schools lacking proper facilities,8777
188384,90235,1341626680,RT,So glad to see this! space missions facing budget cuts,8778
18284,275111,1341626740,RE,So glad to see this! personal growth efforts facing obstacles,8779
2177,45605,1341626800,MT,Brilliant work! public trust being taken for granted,8780
2244,1647,1341626860,RT,Brilliant work! weak safeguards for sensitive data,8781
4239,452892,1341626920,RE,Brilliant work! healthcare innovation being slow,8782
21587,49701,1341626980,MT,Brilliant work! environmental activism facing resistance,8783
314518,23200,1341627040,RT,Brilliant work! centralized control limiting financial freedom,8784
74779,75480,1341627100,RE,Brilliant work! lack of proper recovery protocols,8785
34800,379869,1341627160,MT,Brilliant work! projects rushed to meet deadlines,8786
73556,4751,1341627220,RT,Brilliant work! schools lacking proper facilities,8787
98778,349884,1341627280,RE,Brilliant work! space missions facing budget cuts,8788
54265,206753,1341627340,MT,Brilliant work! personal growth efforts facing obstacles,8789
356,759,1341627400,RT,Hate this. public trust being taken for granted,8790
41854,973,1341627460,RE,Hate this. weak safeguards for sensitive data,8791
196658,11355,1341627520,MT,Hate this. healthcare innovation being slow,8792
325,130098,1341627580,RT,Hate this. environmental activism facing resistance,8793
137746,141628,1341627640,RE,Hate this. centralized control limiting financial freedom,8794
68,42287,1341627700,MT,Hate this. lack of proper recovery protocols,8795
37437,172972,1341627760,RT,Hate this. projects rushed to meet deadlines,8796
19366,98637,1341627820,RE,Hate this. schools lacking proper facilities,8797
16064,59784,1341627880,MT,Hate this. space missions facing budget cuts,8798
77245,130555,1341627940,RT,Hate this. personal growth efforts facing obstacles,8799
4444,213,1341628000,RE,This is disappointing. public trust being taken for granted,8800
15488,400,1341628060,MT,This is disappointing. weak safeguards for sensitive data,8801
7401,2143,1341628120,RT,This is disappointing. healthcare innovation being slow,8802
255249,10214,1341628180,RE,This is disappointing. environmental activism facing resistance,8803
223200,12266,1341628240,MT,This is disappointing. centralized control limiting financial freedom,8804
229741,26004,1341628300,RT,This is disappointing. lack of proper recovery protocols,8805
129824,16455,1341628360,RE,This is disappointing. projects rushed to meet deadlines,8806
81674,117882,1341628420,MT,This is disappointing. schools lacking proper facilities,8807
222578,199020,1341628480,RT,This is disappointing. space missions facing budget cuts,8808
201745,338829,1341628540,RE,This is disappointing. personal growth efforts facing obstacles,8809
19995,20522,1341628600,MT,Not a fan of this at all. public trust being taken for granted,8810
34181,56860,1341628660,RT,Not a fan of this at all. weak safeguards for sensitive data,8811
65709,45,1341628720,RE,Not a fan of this at all. healthcare innovation being slow,8812
23159,52882,1341628780,MT,Not a fan of this at all. environmental activism facing resistance,8813
24335,12266,1341628840,RT,Not a fan of this at all. centralized control limiting financial freedom,8814
61005,50228,1341628900,RE,Not a fan of this at all. lack of proper recovery protocols,8815
260683,8747,1341628960,MT,Not a fan of this at all. projects rushed to meet deadlines,8816
228672,56304,1341629020,RT,Not a fan of this at all. schools lacking proper facilities,8817
166169,166763,1341629080,RE,Not a fan of this at all. space missions facing budget cuts,8818
118480,5098,1341629140,MT,Not a fan of this at all. personal growth efforts facing obstacles,8819
3604,8806,1341629200,RT,Love this! decisions made without data,8820
8498,550,1341629260,RE,Love this! tech leaders avoiding responsibility,8821
61944,8285,1341629320,MT,Love this! wellness initiatives ignoring minorities,8822
87373,8282,1341629380,RT,Love this! inadequate funding for conservation projects,8823
16441,31624,1341629440,RE,Love this! investor education being neglected,8824
99839,48530,1341629500,MT,Love this! coaching ethics being questioned,8825
175065,16131,1341629560,RT,Love this! celebrities behaving irresponsibly,8826
39071,70199,1341629620,RE,Love this! students under pressure without support,8827
9210,50275,1341629680,MT,Love this! research priorities not aligned with societal needs,8828
368955,108275,1341629740,RT,Love this! stress management programs underfunded,8829
44086,2662,1341629800,RE,So glad to see this! decisions made without data,8830
29259,2188,1341629860,MT,So glad to see this! tech leaders avoiding responsibility,8831
73485,25258,1341629920,RT,So glad to see this! wellness initiatives ignoring minorities,8832
24514,41382,1341629980,RE,So glad to see this! inadequate funding for conservation projects,8833
202812,292088,1341630040,MT,So glad to see this! investor education being neglected,8834
186674,53449,1341630100,RT,So glad to see this! coaching ethics being questioned,8835
162469,126428,1341630160,RE,So glad to see this! celebrities behaving irresponsibly,8836
10225,138327,1341630220,MT,So glad to see this! students under pressure without support,8837
69815,187200,1341630280,RT,So glad to see this! research priorities not aligned with societal needs,8838
7219,176894,1341630340,RE,So glad to see this! stress management programs underfunded,8839
8603,214,1341630400,MT,Brilliant work! decisions made without data,8840
2911,129563,1341630460,RT,Brilliant work! tech leaders avoiding responsibility,8841
13235,875,1341630520,RE,Brilliant work! wellness initiatives ignoring minorities,8842
12464,39501,1341630580,MT,Brilliant work! inadequate funding for conservation projects,8843
20533,48344,1341630640,RT,Brilliant work! investor education being neglected,8844
91546,21288,1341630700,RE,Brilliant work! coaching ethics being questioned,8845
230569,99018,1341630760,MT,Brilliant work! celebrities behaving irresponsibly,8846
176994,93159,1341630820,RT,Brilliant work! students under pressure without support,8847
74043,71871,1341630880,RE,Brilliant work! research priorities not aligned with societal needs,8848
141691,209524,1341630940,MT,Brilliant work! stress management programs underfunded,8849
553,53508,1341631000,RT,Hate this. decisions made without data,8850
1647,3115,1341631060,RE,Hate this. tech leaders avoiding responsibility,8851
25661,37134,1341631120,MT,Hate this. wellness initiatives ignoring minorities,8852
42112,5006,1341631180,RT,Hate this. inadequate funding for conservation projects,8853
68758,86898,1341631240,RE,Hate this. investor education being neglected,8854
133894,91040,1341631300,MT,Hate this. coaching ethics being questioned,8855
382034,44863,1341631360,RT,Hate this. celebrities behaving irresponsibly,8856
201107,68869,1341631420,RE,Hate this. students under pressure without support,8857
40744,154619,1341631480,MT,Hate this. research priorities not aligned with societal needs,8858
51288,50816,1341631540,RT,Hate this. stress management programs underfunded,8859
14454,12687,1341631600,RE,This is disappointing. decisions made without data,8860
7956,19343,1341631660,MT,This is disappointing. tech leaders avoiding responsibility,8861
119333,214092,1341631720,RT,This is disappointing. wellness initiatives ignoring minorities,8862
43554,77432,1341631780,RE,This is disappointing. inadequate funding for conservation projects,8863
5741,69597,1341631840,MT,This is disappointing. investor education being neglected,8864
39096,12251,1341631900,RT,This is disappointing. coaching ethics being questioned,8865
4014,39086,1341631960,RE,This is disappointing. celebrities behaving irresponsibly,8866
4751,10225,1341632020,MT,This is disappointing. students under pressure without support,8867
22799,269824,1341632080,RT,This is disappointing. research priorities not aligned with societal needs,8868
226536,55521,1341632140,RE,This is disappointing. stress management programs underfunded,8869
283,3998,1341632200,MT,Not a fan of this at all. decisions made without data,8870
37162,22349,1341632260,RT,Not a fan of this at all. tech leaders avoiding responsibility,8871
13640,6585,1341632320,RE,Not a fan of this at all. wellness initiatives ignoring minorities,8872
34227,40282,1341632380,MT,Not a fan of this at all. inadequate funding for conservation projects,8873
29937,50910,1341632440,RT,Not a fan of this at all. investor education being neglected,8874
175276,79653,1341632500,RE,Not a fan of this at all. coaching ethics being questioned,8875
269219,98645,1341632560,MT,Not a fan of this at all. celebrities behaving irresponsibly,8876
14415,46554,1341632620,RT,Not a fan of this at all. students under pressure without support,8877
173993,74043,1341632680,RE,Not a fan of this at all. research priorities not aligned with societal needs,8878
39697,265187,1341632740,MT,Not a fan of this at all. stress management programs underfunded,8879
27723,463,1341632800,RT,Love this! empty rhetoric replacing action,8880
50297,57882,1341632860,RE,Love this! AI systems failing without explanation,8881
116808,9905,1341632920,MT,Love this! lack of affordable mental health resources,8882
756,36681,1341632980,RT,Love this! public awareness not translating into action,8883
31602,46526,1341633040,RE,Love this! crypto wallets being hacked frequently,8884
48656,11139,1341633100,MT,Love this! fitness classes not catering to beginners,8885
334930,36415,1341633160,RT,Love this! overrated performances receiving awards,8886
196379,98637,1341633220,RE,Love this! mentorship opportunities being inaccessible,8887
6912,142543,1341633280,MT,Love this! scientific studies being criticized unfairly,8888
97742,5041,1341633340,RT,Love this! self-improvement advice being inconsistent,8889
14602,28076,1341633400,RE,So glad to see this! empty rhetoric replacing action,8890
376,63,1341633460,MT,So glad to see this! AI systems failing without explanation,8891
36572,7694,1341633520,RT,So glad to see this! lack of affordable mental health resources,8892
58210,40608,1341633580,RE,So glad to see this! public awareness not translating into action,8893
104281,144933,1341633640,MT,So glad to see this! crypto wallets being hacked frequently,8894
102394,46378,1341633700,RT,So glad to see this! fitness classes not catering to beginners,8895
206229,86813,1341633760,RE,So glad to see this! overrated performances receiving awards,8896
68313,132830,1341633820,MT,So glad to see this! mentorship opportunities being inaccessible,8897
178192,53266,1341633880,RT,So glad to see this! scientific studies being criticized unfairly,8898
8895,181920,1341633940,RE,So glad to see this! self-improvement advice being inconsistent,8899
216,349,1341634000,MT,Brilliant work! empty rhetoric replacing action,8900
376,14201,1341634060,RT,Brilliant work! AI systems failing without explanation,8901
91840,36572,1341634120,RE,Brilliant work! lack of affordable mental health resources,8902
9024,2221,1341634180,MT,Brilliant work! public awareness not translating into action,8903
18740,453313,1341634240,RT,Brilliant work! crypto wallets being hacked frequently,8904
26684,74920,1341634300,RE,Brilliant work! fitness classes not catering to beginners,8905
29264,329707,1341634360,MT,Brilliant work! overrated performances receiving awards,8906
149163,182708,1341634420,RT,Brilliant work! mentorship opportunities being inaccessible,8907
157238,104508,1341634480,RE,Brilliant work! scientific studies being criticized unfairly,8908
293620,68171,1341634540,MT,Brilliant work! self-improvement advice being inconsistent,8909
130884,519,1341634600,RT,Hate this. empty rhetoric replacing action,8910
34959,37162,1341634660,RE,Hate this. AI systems failing without explanation,8911
73933,68729,1341634720,MT,Hate this. lack of affordable mental health resources,8912
34809,2350,1341634780,RT,Hate this. public awareness not translating into action,8913
10894,136565,1341634840,RE,Hate this. crypto wallets being hacked frequently,8914
1002,111325,1341634900,MT,Hate this. fitness classes not catering to beginners,8915
5832,18104,1341634960,RT,Hate this. overrated performances receiving awards,8916
165066,406640,1341635020,RE,Hate this. mentorship opportunities being inaccessible,8917
9229,244581,1341635080,MT,Hate this. scientific studies being criticized unfairly,8918
409056,46273,1341635140,RT,Hate this. self-improvement advice being inconsistent,8919
752,59893,1341635200,RE,This is disappointing. empty rhetoric replacing action,8920
129563,10121,1341635260,MT,This is disappointing. AI systems failing without explanation,8921
49685,5380,1341635320,RT,This is disappointing. lack of affordable mental health resources,8922
12493,227552,1341635380,RE,This is disappointing. public awareness not translating into action,8923
342688,79724,1341635440,MT,This is disappointing. crypto wallets being hacked frequently,8924
78917,122155,1341635500,RT,This is disappointing. fitness classes not catering to beginners,8925
20276,16333,1341635560,RE,This is disappointing. overrated performances receiving awards,8926
122123,54486,1341635620,MT,This is disappointing. mentorship opportunities being inaccessible,8927
67998,120179,1341635680,RT,This is disappointing. scientific studies being criticized unfairly,8928
4363,77595,1341635740,RE,This is disappointing. self-improvement advice being inconsistent,8929
8321,4599,1341635800,MT,Not a fan of this at all. empty rhetoric replacing action,8930
232850,96022,1341635860,RT,Not a fan of this at all. AI systems failing without explanation,8931
176111,26175,1341635920,RE,Not a fan of this at all. lack of affordable mental health resources,8932
30463,12686,1341635980,MT,Not a fan of this at all. public awareness not translating into action,8933
20730,6951,1341636040,RT,Not a fan of this at all. crypto wallets being hacked frequently,8934
42902,310776,1341636100,RE,Not a fan of this at all. fitness classes not catering to beginners,8935
2654,4372,1341636160,MT,Not a fan of this at all. overrated performances receiving awards,8936
27452,13275,1341636220,RT,Not a fan of this at all. mentorship opportunities being inaccessible,8937
30486,23648,1341636280,RE,Not a fan of this at all. scientific studies being criticized unfairly,8938
30153,5098,1341636340,MT,Not a fan of this at all. self-improvement advice being inconsistent,8939
322,9363,1341636400,RT,Love this! inequality being downplayed by officials,8940
57882,640,1341636460,RE,Love this! innovation driven purely by profit,8941
103862,16204,1341636520,MT,Love this! overemphasis on quick fixes instead of lifestyle changes,8942
46527,48920,1341636580,RT,Love this! climate policy being delayed,8943
39074,55185,1341636640,RE,Love this! financial regulations lagging behind innovation,8944
24054,67097,1341636700,MT,Love this! overcrowded sports facilities,8945
22451,30383,1341636760,RT,Love this! TV shows canceled too early,8946
7462,46554,1341636820,RE,Love this! training programs not inclusive,8947
3376,102472,1341636880,MT,Love this! innovation limited by regulations,8948
477,51816,1341636940,RT,Love this! healthy routines interrupted by daily pressures,8949
220,356,1341637000,RE,So glad to see this! inequality being downplayed by officials,8950
17175,3115,1341637060,MT,So glad to see this! innovation driven purely by profit,8951
386123,6674,1341637120,RT,So glad to see this! overemphasis on quick fixes instead of lifestyle changes,8952
174859,756,1341637180,RE,So glad to see this! climate policy being delayed,8953
35354,61138,1341637240,MT,So glad to see this! financial regulations lagging behind innovation,8954
116966,79653,1341637300,RT,So glad to see this! overcrowded sports facilities,8955
31329,31444,1341637360,RE,So glad to see this! TV shows canceled too early,8956
49490,90752,1341637420,MT,So glad to see this! training programs not inclusive,8957
6069,49440,1341637480,RT,So glad to see this! innovation limited by regulations,8958
48702,122087,1341637540,RE,So glad to see this! healthy routines interrupted by daily pressures,8959
383,34312,1341637600,MT,Brilliant work! inequality being downplayed by officials,8960
2193,11876,1341637660,RT,Brilliant work! innovation driven purely by profit,8961
61287,7643,1341637720,RE,Brilliant work! overemphasis on quick fixes instead of lifestyle changes,8962
2746,38673,1341637780,MT,Brilliant work! climate policy being delayed,8963
158400,47477,1341637840,RT,Brilliant work! financial regulations lagging behind innovation,8964
40214,7428,1341637900,RE,Brilliant work! overcrowded sports facilities,8965
167007,99403,1341637960,MT,Brilliant work! TV shows canceled too early,8966
21814,122030,1341638020,RT,Brilliant work! training programs not inclusive,8967
330895,323578,1341638080,RE,Brilliant work! innovation limited by regulations,8968
2169,36079,1341638140,MT,Brilliant work! healthy routines interrupted by daily pressures,8969
3419,4599,1341638200,RT,Hate this. inequality being downplayed by officials,8970
43597,141619,1341638260,RE,Hate this. innovation driven purely by profit,8971
53285,72466,1341638320,MT,Hate this. overemphasis on quick fixes instead of lifestyle changes,8972
14603,2564,1341638380,RT,Hate this. climate policy being delayed,8973
25091,89,1341638440,RE,Hate this. financial regulations lagging behind innovation,8974
63143,23278,1341638500,MT,Hate this. overcrowded sports facilities,8975
135110,97179,1341638560,RT,Hate this. TV shows canceled too early,8976
14415,118729,1341638620,RE,Hate this. training programs not inclusive,8977
6039,45272,1341638680,MT,Hate this. innovation limited by regulations,8978
250087,43864,1341638740,RT,Hate this. healthy routines interrupted by daily pressures,8979
9881,2237,1341638800,RE,This is disappointing. inequality being downplayed by officials,8980
12755,995,1341638860,MT,This is disappointing. innovation driven purely by profit,8981
875,84647,1341638920,RT,This is disappointing. overemphasis on quick fixes instead of lifestyle changes,8982
53930,48271,1341638980,RE,This is disappointing. climate policy being delayed,8983
39093,15291,1341639040,MT,This is disappointing. financial regulations lagging behind innovation,8984
132585,175276,1341639100,RT,This is disappointing. overcrowded sports facilities,8985
86523,22053,1341639160,RE,This is disappointing. TV shows canceled too early,8986
850,95890,1341639220,MT,This is disappointing. training programs not inclusive,8987
90235,147421,1341639280,RT,This is disappointing. innovation limited by regulations,8988
426646,50338,1341639340,RE,This is disappointing. healthy routines interrupted by daily pressures,8989
37502,99369,1341639400,MT,Not a fan of this at all. inequality being downplayed by officials,8990
36244,27311,1341639460,RT,Not a fan of this at all. innovation driven purely by profit,8991
51071,18319,1341639520,RE,Not a fan of this at all. overemphasis on quick fixes instead of lifestyle changes,8992
120908,26540,1341639580,MT,Not a fan of this at all. climate policy being delayed,8993
56892,428447,1341639640,RT,Not a fan of this at all. financial regulations lagging behind innovation,8994
61130,15188,1341639700,RE,Not a fan of this at all. overcrowded sports facilities,8995
14146,55,1341639760,MT,Not a fan of this at all. TV shows canceled too early,8996
26655,33835,1341639820,RT,Not a fan of this at all. training programs not inclusive,8997
96783,18313,1341639880,RE,Not a fan of this at all. innovation limited by regulations,8998
398000,5004,1341639940,MT,Not a fan of this at all. healthy routines interrupted by daily pressures,8999
768,2934,1341640000,RT,Love this! important voices being silenced,9000
20971,1322,1341640060,RE,Love this! technology advancing faster than regulation,9001
72466,31028,1341640120,MT,Love this! poorly funded community health programs,9002
1959,164883,1341640180,RT,Love this! government ignoring scientific advice,9003
11666,109401,1341640240,RE,Love this! market manipulation harming ordinary investors,9004
156686,79783,1341640300,MT,Love this! limited opportunities for women in sports,9005
291294,147241,1341640360,RT,Love this! lack of support for emerging talent,9006
43607,10946,1341640420,RE,Love this! educational resources being wasted,9007
140517,278404,1341640480,MT,Love this! critical space research overlooked,9008
153197,8895,1341640540,RT,Love this! overloaded schedules preventing personal growth,9009
1274,15769,1341640600,RE,So glad to see this! important voices being silenced,9010
27311,31248,1341640660,MT,So glad to see this! technology advancing faster than regulation,9011
52122,12352,1341640720,RT,So glad to see this! poorly funded community health programs,9012
41179,62514,1341640780,RE,So glad to see this! government ignoring scientific advice,9013
1843,183894,1341640840,MT,So glad to see this! market manipulation harming ordinary investors,9014
7570,390,1341640900,RT,So glad to see this! limited opportunities for women in sports,9015
143550,135355,1341640960,RE,So glad to see this! lack of support for emerging talent,9016
2258,154193,1341641020,MT,So glad to see this! educational resources being wasted,9017
412404,16496,1341641080,RT,So glad to see this! critical space research overlooked,9018
88215,42034,1341641140,RE,So glad to see this! overloaded schedules preventing personal growth,9019
689,4665,1341641200,MT,Brilliant work! important voices being silenced,9020
36216,18325,1341641260,RT,Brilliant work! technology advancing faster than regulation,9021
810,73979,1341641320,RE,Brilliant work! poorly funded community health programs,9022
3232,2746,1341641380,MT,Brilliant work! government ignoring scientific advice,9023
80431,22339,1341641440,RT,Brilliant work! market manipulation harming ordinary investors,9024
8928,114273,1341641500,RE,Brilliant work! limited opportunities for women in sports,9025
93337,8409,1341641560,MT,Brilliant work! lack of support for emerging talent,9026
114837,76455,1341641620,RT,Brilliant work! educational resources being wasted,9027
140517,139746,1341641680,RE,Brilliant work! critical space research overlooked,9028
879,170159,1341641740,MT,Brilliant work! overloaded schedules preventing personal growth,9029
14577,37502,1341641800,RT,Hate this. important voices being silenced,9030
832,42173,1341641860,RE,Hate this. technology advancing faster than regulation,9031
134837,111728,1341641920,MT,Hate this. poorly funded community health programs,9032
130816,62209,1341641980,RT,Hate this. government ignoring scientific advice,9033
176243,16,1341642040,RE,Hate this. market manipulation harming ordinary investors,9034
12462,137200,1341642100,MT,Hate this. limited opportunities for women in sports,9035
8442,218995,1341642160,RT,Hate this. lack of support for emerging talent,9036
112746,62965,1341642220,RE,Hate this. educational resources being wasted,9037
78425,71394,1341642280,MT,Hate this. critical space research overlooked,9038
57994,65099,1341642340,RT,Hate this. overloaded schedules preventing personal growth,9039
47490,3533,1341642400,RE,This is disappointing. important voices being silenced,9040
29259,367,1341642460,MT,This is disappointing. technology advancing faster than regulation,9041
88570,50242,1341642520,RT,This is disappointing. poorly funded community health programs,9042
25006,327935,1341642580,RE,This is disappointing. government ignoring scientific advice,9043
119268,67504,1341642640,MT,This is disappointing. market manipulation harming ordinary investors,9044
25312,123135,1341642700,RT,This is disappointing. limited opportunities for women in sports,9045
70275,6596,1341642760,RE,This is disappointing. lack of support for emerging talent,9046
73305,89020,1341642820,MT,This is disappointing. educational resources being wasted,9047
177442,36304,1341642880,RT,This is disappointing. critical space research overlooked,9048
209321,194422,1341642940,RE,This is disappointing. overloaded schedules preventing personal growth,9049
330,322,1341643000,MT,Not a fan of this at all. important voices being silenced,9050
26674,13506,1341643060,RT,Not a fan of this at all. technology advancing faster than regulation,9051
30973,298,1341643120,RE,Not a fan of this at all. poorly funded community health programs,9052
166173,21351,1341643180,MT,Not a fan of this at all. government ignoring scientific advice,9053
71079,387599,1341643240,RT,Not a fan of this at all. market manipulation harming ordinary investors,9054
33387,148702,1341643300,RE,Not a fan of this at all. limited opportunities for women in sports,9055
101806,108421,1341643360,MT,Not a fan of this at all. lack of support for emerging talent,9056
29906,850,1341643420,RT,Not a fan of this at all. educational resources being wasted,9057
312038,307066,1341643480,RE,Not a fan of this at all. critical space research overlooked,9058
130555,107829,1341643540,MT,Not a fan of this at all. overloaded schedules preventing personal growth,9059
71,5226,1341643600,RT,Love this! regressive policies being reintroduced,9060
23464,995,1341643660,RE,Love this! AI tools lacking clear accountability,9061
61944,80257,1341643720,MT,Love this! nutrition education being underprioritized,9062
4704,9974,1341643780,RT,Love this! waste management systems failing,9063
6951,223728,1341643840,RE,Love this! fees and hidden costs reducing accessibility,9064
50935,13122,1341643900,MT,Love this! sports programs focusing only on elite athletes,9065
71591,70690,1341643960,RT,Love this! fans upset by changes to beloved franchises,9066
67997,97187,1341644020,RE,Love this! careers limited by systemic issues,9067
23752,9016,1341644080,MT,Love this! scientific debates being politicized,9068
34284,42034,1341644140,RT,Love this! limited support for mental wellness,9069
16452,57543,1341644200,RE,So glad to see this! regressive policies being reintroduced,9070
10964,3341,1341644260,MT,So glad to see this! AI tools lacking clear accountability,9071
40323,26807,1341644320,RT,So glad to see this! nutrition education being underprioritized,9072
1521,1959,1341644380,RE,So glad to see this! waste management systems failing,9073
387599,13516,1341644440,MT,So glad to see this! fees and hidden costs reducing accessibility,9074
20922,31926,1341644500,RT,So glad to see this! sports programs focusing only on elite athletes,9075
196276,14146,1341644560,RE,So glad to see this! fans upset by changes to beloved franchises,9076
14415,138327,1341644620,MT,So glad to see this! careers limited by systemic issues,9077
116191,209683,1341644680,RT,So glad to see this! scientific debates being politicized,9078
109527,7171,1341644740,RE,So glad to see this! limited support for mental wellness,9079
103447,1881,1341644800,MT,Brilliant work! regressive policies being reintroduced,9080
10916,3228,1341644860,RT,Brilliant work! AI tools lacking clear accountability,9081
28962,31028,1341644920,RE,Brilliant work! nutrition education being underprioritized,9082
16538,50679,1341644980,MT,Brilliant work! waste management systems failing,9083
59424,43677,1341645040,RT,Brilliant work! fees and hidden costs reducing accessibility,9084
27875,25284,1341645100,RE,Brilliant work! sports programs focusing only on elite athletes,9085
74783,18893,1341645160,MT,Brilliant work! fans upset by changes to beloved franchises,9086
26900,30652,1341645220,RT,Brilliant work! careers limited by systemic issues,9087
74369,101261,1341645280,RE,Brilliant work! scientific debates being politicized,9088
83695,3144,1341645340,MT,Brilliant work! limited support for mental wellness,9089
280,3726,1341645400,RT,Hate this. regressive policies being reintroduced,9090
17175,702,1341645460,RE,Hate this. AI tools lacking clear accountability,9091
38377,179509,1341645520,MT,Hate this. nutrition education being underprioritized,9092
103439,4537,1341645580,RT,Hate this. waste management systems failing,9093
39928,29978,1341645640,RE,Hate this. fees and hidden costs reducing accessibility,9094
55495,50228,1341645700,MT,Hate this. sports programs focusing only on elite athletes,9095
41174,63344,1341645760,RT,Hate this. fans upset by changes to beloved franchises,9096
34466,114837,1341645820,RE,Hate this. careers limited by systemic issues,9097
46825,31305,1341645880,MT,Hate this. scientific debates being politicized,9098
94373,107829,1341645940,RT,Hate this. limited support for mental wellness,9099
181190,1971,1341646000,RE,This is disappointing. regressive policies being reintroduced,9100
42907,75846,1341646060,MT,This is disappointing. AI tools lacking clear accountability,9101
171734,82825,1341646120,RT,This is disappointing. nutrition education being underprioritized,9102
48271,4537,1341646180,RE,This is disappointing. waste management systems failing,9103
59905,7599,1341646240,MT,This is disappointing. fees and hidden costs reducing accessibility,9104
506,32502,1341646300,RT,This is disappointing. sports programs focusing only on elite athletes,9105
30442,39888,1341646360,RE,This is disappointing. fans upset by changes to beloved franchises,9106
37173,22832,1341646420,MT,This is disappointing. careers limited by systemic issues,9107
299994,69475,1341646480,RT,This is disappointing. scientific debates being politicized,9108
246856,232004,1341646540,RE,This is disappointing. limited support for mental wellness,9109
1881,26398,1341646600,MT,Not a fan of this at all. regressive policies being reintroduced,9110
74014,2193,1341646660,RT,Not a fan of this at all. AI tools lacking clear accountability,9111
40669,216056,1341646720,RE,Not a fan of this at all. nutrition education being underprioritized,9112
130816,44726,1341646780,MT,Not a fan of this at all. waste management systems failing,9113
2900,99104,1341646840,RT,Not a fan of this at all. fees and hidden costs reducing accessibility,9114
328882,341871,1341646900,RE,Not a fan of this at all. sports programs focusing only on elite athletes,9115
367035,420228,1341646960,MT,Not a fan of this at all. fans upset by changes to beloved franchises,9116
72217,21386,1341647020,RT,Not a fan of this at all. careers limited by systemic issues,9117
50275,197205,1341647080,RE,Not a fan of this at all. scientific debates being politicized,9118
14241,5004,1341647140,MT,Not a fan of this at all. limited support for mental wellness,9119
5113,19604,1341647200,RT,Love this! lack of empathy in governance,9120
6418,36875,1341647260,RE,Love this! users treated as test subjects,9121
39782,103862,1341647320,MT,Love this! health inequities growing wider,9122
8742,43544,1341647380,RT,Love this! energy efficiency standards being lax,9123
12013,76290,1341647440,RE,Love this! risk management in finance being overlooked,9124
81105,35109,1341647500,MT,Love this! youth losing interest due to lack of support,9125
67505,327714,1341647560,RT,Love this! public image affecting perception unfairly,9126
26629,9017,1341647620,RE,Love this! learning environments lacking safety,9127
447409,181626,1341647680,MT,Love this! data transparency being insufficient,9128
49086,21046,1341647740,RT,Love this! lifestyle apps failing to deliver results,9129
67032,16460,1341647800,RE,So glad to see this! lack of empathy in governance,9130
62391,19843,1341647860,MT,So glad to see this! users treated as test subjects,9131
1999,119333,1341647920,RT,So glad to see this! health inequities growing wider,9132
10719,7284,1341647980,RE,So glad to see this! energy efficiency standards being lax,9133
314518,80507,1341648040,MT,So glad to see this! risk management in finance being overlooked,9134
67097,55495,1341648100,RT,So glad to see this! youth losing interest due to lack of support,9135
79911,10969,1341648160,RE,So glad to see this! public image affecting perception unfairly,9136
54009,208846,1341648220,MT,So glad to see this! learning environments lacking safety,9137
51168,130613,1341648280,RT,So glad to see this! data transparency being insufficient,9138
9185,24384,1341648340,RE,So glad to see this! lifestyle apps failing to deliver results,9139
9964,26398,1341648400,MT,Brilliant work! lack of empathy in governance,9140
5155,98992,1341648460,RT,Brilliant work! users treated as test subjects,9141
6585,19009,1341648520,RE,Brilliant work! health inequities growing wider,9142
16211,110170,1341648580,MT,Brilliant work! energy efficiency standards being lax,9143
40253,17966,1341648640,RT,Brilliant work! risk management in finance being overlooked,9144
16766,93751,1341648700,RE,Brilliant work! youth losing interest due to lack of support,9145
19947,141384,1341648760,MT,Brilliant work! public image affecting perception unfairly,9146
57324,57092,1341648820,RT,Brilliant work! learning environments lacking safety,9147
30486,6069,1341648880,RE,Brilliant work! data transparency being insufficient,9148
11326,91359,1341648940,MT,Brilliant work! lifestyle apps failing to deliver results,9149
456,4720,1341649000,RT,Hate this. lack of empathy in governance,9150
62906,50230,1341649060,RE,Hate this. users treated as test subjects,9151
23666,176481,1341649120,MT,Hate this. health inequities growing wider,9152
10987,3255,1341649180,RT,Hate this. energy efficiency standards being lax,9153
79232,59008,1341649240,RE,Hate this. risk management in finance being overlooked,9154
19837,126458,1341649300,MT,Hate this. youth losing interest due to lack of support,9155
480,8964,1341649360,RT,Hate this. public image affecting perception unfairly,9156
354973,208867,1341649420,RE,Hate this. learning environments lacking safety,9157
608,16064,1341649480,MT,Hate this. data transparency being insufficient,9158
258985,116499,1341649540,RT,Hate this. lifestyle apps failing to deliver results,9159
68099,7404,1341649600,RE,This is disappointing. lack of empathy in governance,9160
44183,8757,1341649660,MT,This is disappointing. users treated as test subjects,9161
95871,2689,1341649720,RT,This is disappointing. health inequities growing wider,9162
23940,56,1341649780,RE,This is disappointing. energy efficiency standards being lax,9163
31602,40293,1341649840,MT,This is disappointing. risk management in finance being overlooked,9164
13518,14589,1341649900,RT,This is disappointing. youth losing interest due to lack of support,9165
106089,6136,1341649960,RE,This is disappointing. public image affecting perception unfairly,9166
12662,66811,1341650020,MT,This is disappointing. learning environments lacking safety,9167
24804,82974,1341650080,RT,This is disappointing. data transparency being insufficient,9168
533,39666,1341650140,RE,This is disappointing. lifestyle apps failing to deliver results,9169
1267,4526,1341650200,MT,Not a fan of this at all. lack of empathy in governance,9170
57882,8021,1341650260,RT,Not a fan of this at all. users treated as test subjects,9171
13141,7717,1341650320,RE,Not a fan of this at all. health inequities growing wider,9172
40274,11152,1341650380,MT,Not a fan of this at all. energy efficiency standards being lax,9173
26289,56038,1341650440,RT,Not a fan of this at all. risk management in finance being overlooked,9174
33514,79185,1341650500,RE,Not a fan of this at all. youth losing interest due to lack of support,9175
19258,1317,1341650560,MT,Not a fan of this at all. public image affecting perception unfairly,9176
3141,1251,1341650620,RT,Not a fan of this at all. learning environments lacking safety,9177
243650,15466,1341650680,RE,Not a fan of this at all. data transparency being insufficient,9178
226536,41041,1341650740,MT,Not a fan of this at all. lifestyle apps failing to deliver results,9179
13799,9964,1341650800,RT,Love this! policies that increase social division,9180
11998,89807,1341650860,RE,Love this! bias audits being ignored,9181
50266,48652,1341650920,MT,Love this! exercise programs not accessible to everyone,9182
38382,68132,1341650980,RT,Love this! carbon offset programs lacking transparency,9183
56892,43793,1341651040,RE,Love this! fraud in DeFi platforms,9184
65,27135,1341651100,MT,Love this! mental health challenges ignored in teams,9185
3372,74048,1341651160,RT,Love this! films lacking originality,9186
83921,51334,1341651220,RE,Love this! underfunded programs reducing quality,9187
104904,39372,1341651280,MT,Love this! research infrastructure lacking support,9188
2084,2045,1341651340,RT,Love this! lack of community in self-improvement,9189
1276,248,1341651400,RE,So glad to see this! policies that increase social division,9190
167376,64280,1341651460,MT,So glad to see this! bias audits being ignored,9191
23399,329,1341651520,RT,So glad to see this! exercise programs not accessible to everyone,9192
4561,36840,1341651580,RE,So glad to see this! carbon offset programs lacking transparency,9193
40305,12463,1341651640,MT,So glad to see this! fraud in DeFi platforms,9194
85586,89495,1341651700,RT,So glad to see this! mental health challenges ignored in teams,9195
265301,144403,1341651760,RE,So glad to see this! films lacking originality,9196
29054,43723,1341651820,MT,So glad to see this! underfunded programs reducing quality,9197
35527,10901,1341651880,RT,So glad to see this! research infrastructure lacking support,9198
39666,70424,1341651940,RE,So glad to see this! lack of community in self-improvement,9199
20050,14957,1341652000,MT,Brilliant work! policies that increase social division,9200
39524,832,1341652060,RT,Brilliant work! bias audits being ignored,9201
27071,31028,1341652120,RE,Brilliant work! exercise programs not accessible to everyone,9202
83957,7414,1341652180,MT,Brilliant work! carbon offset programs lacking transparency,9203
124534,26289,1341652240,RT,Brilliant work! fraud in DeFi platforms,9204
5628,183404,1341652300,RE,Brilliant work! mental health challenges ignored in teams,9205
120684,113088,1341652360,MT,Brilliant work! films lacking originality,9206
21386,214036,1341652420,RT,Brilliant work! underfunded programs reducing quality,9207
198177,54359,1341652480,RE,Brilliant work! research infrastructure lacking support,9208
89515,170159,1341652540,MT,Brilliant work! lack of community in self-improvement,9209
14602,89805,1341652600,RT,Hate this. policies that increase social division,9210
21585,2288,1341652660,RE,Hate this. bias audits being ignored,9211
101502,1416,1341652720,MT,Hate this. exercise programs not accessible to everyone,9212
10710,4704,1341652780,RT,Hate this. carbon offset programs lacking transparency,9213
2900,2161,1341652840,RE,Hate this. fraud in DeFi platforms,9214
35144,74920,1341652900,MT,Hate this. mental health challenges ignored in teams,9215
9341,410367,1341652960,RT,Hate this. films lacking originality,9216
223839,97881,1341653020,RE,Hate this. underfunded programs reducing quality,9217
6982,175211,1341653080,MT,Hate this. research infrastructure lacking support,9218
126298,6707,1341653140,RT,Hate this. lack of community in self-improvement,9219
49182,4720,1341653200,RE,This is disappointing. policies that increase social division,9220
73478,85795,1341653260,MT,This is disappointing. bias audits being ignored,9221
104774,26092,1341653320,RT,This is disappointing. exercise programs not accessible to everyone,9222
25931,80247,1341653380,RE,This is disappointing. carbon offset programs lacking transparency,9223
144099,9912,1341653440,MT,This is disappointing. fraud in DeFi platforms,9224
130562,122155,1341653500,RT,This is disappointing. mental health challenges ignored in teams,9225
108421,2233,1341653560,RE,This is disappointing. films lacking originality,9226
49940,217042,1341653620,MT,This is disappointing. underfunded programs reducing quality,9227
90145,140517,1341653680,RT,This is disappointing. research infrastructure lacking support,9228
322327,209524,1341653740,RE,This is disappointing. lack of community in self-improvement,9229
39420,39511,1341653800,MT,Not a fan of this at all. policies that increase social division,9230
3979,15439,1341653860,RT,Not a fan of this at all. bias audits being ignored,9231
4365,45,1341653920,RE,Not a fan of this at all. exercise programs not accessible to everyone,9232
12686,93208,1341653980,MT,Not a fan of this at all. carbon offset programs lacking transparency,9233
95986,542,1341654040,RT,Not a fan of this at all. fraud in DeFi platforms,9234
9191,63808,1341654100,RE,Not a fan of this at all. mental health challenges ignored in teams,9235
58159,1250,1341654160,MT,Not a fan of this at all. films lacking originality,9236
67517,50241,1341654220,RT,Not a fan of this at all. underfunded programs reducing quality,9237
128932,68282,1341654280,RE,Not a fan of this at all. research infrastructure lacking support,9238
50274,70102,1341654340,MT,Not a fan of this at all. lack of community in self-improvement,9239
16452,4720,1341654400,RT,Love this! critical issues being politicized,9240
1647,76071,1341654460,RE,Love this! technology widening the digital divide,9241
54796,96067,1341654520,MT,Love this! medical misinformation causing harm,9242
34324,137166,1341654580,RT,Love this! environmental education underfunded,9243
109872,238311,1341654640,RE,Love this! speculative investments causing instability,9244
241536,971,1341654700,MT,Love this! training schedules being unrealistic,9245
11342,19258,1341654760,RT,Love this! entertainment trends causing fatigue,9246
151207,1104,1341654820,RE,Love this! students struggling without guidance,9247
25068,69648,1341654880,MT,Love this! experiments producing inconclusive results,9248
151460,51755,1341654940,RT,Love this! fitness goals being unrealistic,9249
408,322,1341655000,RE,So glad to see this! critical issues being politicized,9250
9682,22630,1341655060,MT,So glad to see this! technology widening the digital divide,9251
36363,8992,1341655120,RT,So glad to see this! medical misinformation causing harm,9252
126091,143185,1341655180,RE,So glad to see this! environmental education underfunded,9253
2157,70120,1341655240,MT,So glad to see this! speculative investments causing instability,9254
42432,60525,1341655300,RT,So glad to see this! training schedules being unrealistic,9255
107231,423163,1341655360,RE,So glad to see this! entertainment trends causing fatigue,9256
28115,36618,1341655420,MT,So glad to see this! students struggling without guidance,9257
6534,171600,1341655480,RT,So glad to see this! experiments producing inconclusive results,9258
31222,55521,1341655540,RE,So glad to see this! fitness goals being unrealistic,9259
463,322,1341655600,MT,Brilliant work! critical issues being politicized,9260
6703,385,1341655660,RT,Brilliant work! technology widening the digital divide,9261
3259,103759,1341655720,RE,Brilliant work! medical misinformation causing harm,9262
368167,27145,1341655780,MT,Brilliant work! environmental education underfunded,9263
13685,103080,1341655840,RT,Brilliant work! speculative investments causing instability,9264
21288,238524,1341655900,RE,Brilliant work! training schedules being unrealistic,9265
147241,276767,1341655960,MT,Brilliant work! entertainment trends causing fatigue,9266
47626,9822,1341656020,RT,Brilliant work! students struggling without guidance,9267
22799,128932,1341656080,RE,Brilliant work! experiments producing inconclusive results,9268
34928,330145,1341656140,MT,Brilliant work! fitness goals being unrealistic,9269
250519,11946,1341656200,RT,Hate this. critical issues being politicized,9270
113517,198081,1341656260,RE,Hate this. technology widening the digital divide,9271
216056,40323,1341656320,MT,Hate this. medical misinformation causing harm,9272
27184,2175,1341656380,RT,Hate this. environmental education underfunded,9273
17468,93,1341656440,RE,Hate this. speculative investments causing instability,9274
47518,51762,1341656500,MT,Hate this. training schedules being unrealistic,9275
410367,42984,1341656560,RT,Hate this. entertainment trends causing fatigue,9276
7462,30615,1341656620,RE,Hate this. students struggling without guidance,9277
50350,50275,1341656680,MT,Hate this. experiments producing inconclusive results,9278
42909,253928,1341656740,RT,Hate this. fitness goals being unrealistic,9279
1852,5907,1341656800,RE,This is disappointing. critical issues being politicized,9280
35295,215057,1341656860,MT,This is disappointing. technology widening the digital divide,9281
7514,37803,1341656920,RT,This is disappointing. medical misinformation causing harm,9282
225318,26152,1341656980,RE,This is disappointing. environmental education underfunded,9283
109872,3146,1341657040,MT,This is disappointing. speculative investments causing instability,9284
35109,50228,1341657100,RT,This is disappointing. training schedules being unrealistic,9285
15217,112127,1341657160,RE,This is disappointing. entertainment trends causing fatigue,9286
49490,46554,1341657220,MT,This is disappointing. students struggling without guidance,9287
24539,57688,1341657280,RT,This is disappointing. experiments producing inconclusive results,9288
9798,276033,1341657340,RE,This is disappointing. fitness goals being unrealistic,9289
30230,365,1341657400,MT,Not a fan of this at all. critical issues being politicized,9290
6742,31836,1341657460,RT,Not a fan of this at all. technology widening the digital divide,9291
18792,76901,1341657520,RE,Not a fan of this at all. medical misinformation causing harm,9292
152137,7942,1341657580,MT,Not a fan of this at all. environmental education underfunded,9293
180857,16441,1341657640,RT,Not a fan of this at all. speculative investments causing instability,9294
92809,22991,1341657700,RE,Not a fan of this at all. training schedules being unrealistic,9295
240790,10969,1341657760,MT,Not a fan of this at all. entertainment trends causing fatigue,9296
228672,15489,1341657820,RT,Not a fan of this at all. students struggling without guidance,9297
108925,104904,1341657880,RE,Not a fan of this at all. experiments producing inconclusive results,9298
477,86631,1341657940,MT,Not a fan of this at all. fitness goals being unrealistic,9299
3479,62903,1341658000,RT,Love this! public welfare treated as a burden,9300
59529,121293,1341658060,RE,Love this! AI deployed without ethical review,9301
104613,14934,1341658120,MT,Love this! research underfunded for rare diseases,9302
359960,41179,1341658180,RT,Love this! industrial pollution unchecked,9303
229438,46192,1341658240,RE,Love this! unequal financial literacy across populations,9304
13122,129505,1341658300,MT,Love this! safety regulations not enforced,9305
49342,73034,1341658360,RT,Love this! celebrities ignoring social responsibility,9306
168548,264996,1341658420,RE,Love this! workplace growth opportunities unevenly distributed,9307
301250,244581,1341658480,MT,Love this! scientists struggling with reproducibility issues,9308
48702,31310,1341658540,RT,Love this! motivation fading over time,9309
2348,13813,1341658600,RE,So glad to see this! public welfare treated as a burden,9310
34801,9707,1341658660,MT,So glad to see this! AI deployed without ethical review,9311
5112,54301,1341658720,RT,So glad to see this! research underfunded for rare diseases,9312
47828,86822,1341658780,RE,So glad to see this! industrial pollution unchecked,9313
113358,7599,1341658840,MT,So glad to see this! unequal financial literacy across populations,9314
336573,400577,1341658900,RT,So glad to see this! safety regulations not enforced,9315
1722,998,1341658960,RE,So glad to see this! celebrities ignoring social responsibility,9316
132830,19118,1341659020,MT,So glad to see this! workplace growth opportunities unevenly distributed,9317
23517,98439,1341659080,RT,So glad to see this! scientists struggling with reproducibility issues,9318
42909,244854,1341659140,RE,So glad to see this! motivation fading over time,9319
59195,2671,1341659200,MT,Brilliant work! public welfare treated as a burden,9320
403954,403,1341659260,RT,Brilliant work! AI deployed without ethical review,9321
138461,77058,1341659320,RE,Brilliant work! research underfunded for rare diseases,9322
105143,5813,1341659380,MT,Brilliant work! industrial pollution unchecked,9323
119972,32652,1341659440,RT,Brilliant work! unequal financial literacy across populations,9324
17902,8425,1341659500,RE,Brilliant work! safety regulations not enforced,9325
16523,12498,1341659560,MT,Brilliant work! celebrities ignoring social responsibility,9326
88419,116683,1341659620,RT,Brilliant work! workplace growth opportunities unevenly distributed,9327
221484,58051,1341659680,RE,Brilliant work! scientists struggling with reproducibility issues,9328
4428,44613,1341659740,MT,Brilliant work! motivation fading over time,9329
2572,245,1341659800,RT,Hate this. public welfare treated as a burden,9330
34959,98992,1341659860,RE,Hate this. AI deployed without ethical review,9331
10513,25784,1341659920,MT,Hate this. research underfunded for rare diseases,9332
110170,41733,1341659980,RT,Hate this. industrial pollution unchecked,9333
79651,119268,1341660040,RE,Hate this. unequal financial literacy across populations,9334
57987,74228,1341660100,MT,Hate this. safety regulations not enforced,9335
57754,141853,1341660160,RT,Hate this. celebrities ignoring social responsibility,9336
58569,150297,1341660220,RE,Hate this. workplace growth opportunities unevenly distributed,9337
58051,8956,1341660280,MT,Hate this. scientists struggling with reproducibility issues,9338
293620,91359,1341660340,RT,Hate this. motivation fading over time,9339
14557,28951,1341660400,RE,This is disappointing. public welfare treated as a burden,9340
50219,55951,1341660460,MT,This is disappointing. AI deployed without ethical review,9341
119333,195232,1341660520,RT,This is disappointing. research underfunded for rare diseases,9342
1277,90718,1341660580,RE,This is disappointing. industrial pollution unchecked,9343
8902,41792,1341660640,MT,This is disappointing. unequal financial literacy across populations,9344
66730,17172,1341660700,RT,This is disappointing. safety regulations not enforced,9345
54066,8453,1341660760,RE,This is disappointing. celebrities ignoring social responsibility,9346
37574,80491,1341660820,MT,This is disappointing. workplace growth opportunities unevenly distributed,9347
88440,57688,1341660880,RT,This is disappointing. scientists struggling with reproducibility issues,9348
34284,221458,1341660940,RE,This is disappointing. motivation fading over time,9349
52469,511,1341661000,MT,Not a fan of this at all. public welfare treated as a burden,9350
26674,7639,1341661060,RT,Not a fan of this at all. AI deployed without ethical review,9351
18565,176111,1341661120,RE,Not a fan of this at all. research underfunded for rare diseases,9352
131116,50836,1341661180,MT,Not a fan of this at all. industrial pollution unchecked,9353
1720,53331,1341661240,RT,Not a fan of this at all. unequal financial literacy across populations,9354
1425,44246,1341661300,RE,Not a fan of this at all. safety regulations not enforced,9355
8786,65904,1341661360,MT,Not a fan of this at all. celebrities ignoring social responsibility,9356
57942,168548,1341661420,RT,Not a fan of this at all. workplace growth opportunities unevenly distributed,9357
154619,272862,1341661480,RE,Not a fan of this at all. scientists struggling with reproducibility issues,9358
10365,230165,1341661540,MT,Not a fan of this at all. motivation fading over time,9359
2164,14572,1341661600,RT,Love this! ethics being sacrificed for convenience,9360
9851,459,1341661660,RE,Love this! shortcuts taken in AI safety,9361
225908,73485,1341661720,MT,Love this! health systems failing in emergencies,9362
27184,10264,1341661780,RT,Love this! endangered species at greater risk,9363
22977,235593,1341661840,RE,Love this! financial markets being driven by hype,9364
421847,162863,1341661900,MT,Love this! limited outdoor spaces for community sports,9365
133449,172972,1341661960,RT,Love this! media focusing on gossip instead of work,9366
43643,309612,1341662020,RE,Love this! educational innovation being slow,9367
21109,8839,1341662080,MT,Love this! space discoveries not widely publicized,9368
4493,45697,1341662140,RT,Love this! personal development workshops underutilized,9369
9762,16440,1341662200,RE,So glad to see this! ethics being sacrificed for convenience,9370
12311,221491,1341662260,MT,So glad to see this! shortcuts taken in AI safety,9371
91500,919,1341662320,RT,So glad to see this! health systems failing in emergencies,9372
6669,96963,1341662380,RE,So glad to see this! endangered species at greater risk,9373
135547,213163,1341662440,MT,So glad to see this! financial markets being driven by hype,9374
93751,79783,1341662500,RT,So glad to see this! limited outdoor spaces for community sports,9375
61890,43347,1341662560,RE,So glad to see this! media focusing on gossip instead of work,9376
134505,22176,1341662620,MT,So glad to see this! educational innovation being slow,9377
60995,90235,1341662680,RT,So glad to see this! space discoveries not widely publicized,9378
160725,30826,1341662740,RE,So glad to see this! personal development workshops underutilized,9379
26677,263505,1341662800,MT,Brilliant work! ethics being sacrificed for convenience,9380
129563,14469,1341662860,RT,Brilliant work! shortcuts taken in AI safety,9381
10853,104774,1341662920,RE,Brilliant work! health systems failing in emergencies,9382
220962,168699,1341662980,MT,Brilliant work! endangered species at greater risk,9383
2157,21057,1341663040,RT,Brilliant work! financial markets being driven by hype,9384
192943,131571,1341663100,RE,Brilliant work! limited outdoor spaces for community sports,9385
8989,29721,1341663160,MT,Brilliant work! media focusing on gossip instead of work,9386
26687,7081,1341663220,RT,Brilliant work! educational innovation being slow,9387
15507,16832,1341663280,RE,Brilliant work! space discoveries not widely publicized,9388
39752,18901,1341663340,MT,Brilliant work! personal development workshops underutilized,9389
16533,191752,1341663400,RT,Hate this. ethics being sacrificed for convenience,9390
59542,12265,1341663460,RE,Hate this. shortcuts taken in AI safety,9391
44133,37726,1341663520,MT,Hate this. health systems failing in emergencies,9392
4929,83957,1341663580,RT,Hate this. endangered species at greater risk,9393
50308,59159,1341663640,RE,Hate this. financial markets being driven by hype,9394
14728,57987,1341663700,MT,Hate this. limited outdoor spaces for community sports,9395
2949,58736,1341663760,RT,Hate this. media focusing on gossip instead of work,9396
154581,138800,1341663820,RE,Hate this. educational innovation being slow,9397
168172,6692,1341663880,MT,Hate this. space discoveries not widely publicized,9398
2278,199340,1341663940,RT,Hate this. personal development workshops underutilized,9399
191752,216,1341664000,RE,This is disappointing. ethics being sacrificed for convenience,9400
16708,137246,1341664060,MT,This is disappointing. shortcuts taken in AI safety,9401
105315,12224,1341664120,RT,This is disappointing. health systems failing in emergencies,9402
2849,62514,1341664180,RE,This is disappointing. endangered species at greater risk,9403
5669,21057,1341664240,MT,This is disappointing. financial markets being driven by hype,9404
78114,7313,1341664300,RT,This is disappointing. limited outdoor spaces for community sports,9405
343151,41425,1341664360,RE,This is disappointing. media focusing on gossip instead of work,9406
8517,249802,1341664420,MT,This is disappointing. educational innovation being slow,9407
54488,32274,1341664480,RT,This is disappointing. space discoveries not widely publicized,9408
53843,41041,1341664540,RE,This is disappointing. personal development workshops underutilized,9409
2353,16533,1341664600,MT,Not a fan of this at all. ethics being sacrificed for convenience,9410
43742,367,1341664660,RT,Not a fan of this at all. shortcuts taken in AI safety,9411
34798,2162,1341664720,RE,Not a fan of this at all. health systems failing in emergencies,9412
16538,24443,1341664780,MT,Not a fan of this at all. endangered species at greater risk,9413
7646,65000,1341664840,RT,Not a fan of this at all. financial markets being driven by hype,9414
147538,32108,1341664900,RE,Not a fan of this at all. limited outdoor spaces for community sports,9415
86184,20363,1341664960,MT,Not a fan of this at all. media focusing on gossip instead of work,9416
93323,49323,1341665020,RT,Not a fan of this at all. educational innovation being slow,9417
5192,98778,1341665080,RE,Not a fan of this at all. space discoveries not widely publicized,9418
201077,129456,1341665140,MT,Not a fan of this at all. personal development workshops underutilized,9419
283,26186,1341665200,RT,Love this! accountability being selectively enforced,9420
369,867,1341665260,RE,Love this! automation decisions made without empathy,9421
7791,24272,1341665320,MT,Love this! workplace wellness programs being tokenistic,9422
57024,20246,1341665380,RT,Love this! renewable energy incentives insufficient,9423
64987,14124,1341665440,RE,Love this! lack of accountability for financial misconduct,9424
68131,24099,1341665500,MT,Love this! inconsistent access to sports equipment,9425
3319,33034,1341665560,RT,Love this! projects failing to respect cultural sensitivity,9426
3138,32195,1341665620,RE,Love this! teachers lacking professional development,9427
10901,69648,1341665680,MT,Love this! research collaborations breaking down,9428
126298,57496,1341665740,RT,Love this! guidance for habit-building being inadequate,9429
374,768,1341665800,RE,So glad to see this! accountability being selectively enforced,9430
11876,33831,1341665860,MT,So glad to see this! automation decisions made without empathy,9431
473,1416,1341665920,RT,So glad to see this! workplace wellness programs being tokenistic,9432
191140,135369,1341665980,RE,So glad to see this! renewable energy incentives insufficient,9433
63741,42825,1341666040,MT,So glad to see this! lack of accountability for financial misconduct,9434
162863,111325,1341666100,RT,So glad to see this! inconsistent access to sports equipment,9435
75606,3924,1341666160,RE,So glad to see this! projects failing to respect cultural sensitivity,9436
26687,8517,1341666220,MT,So glad to see this! teachers lacking professional development,9437
227122,30635,1341666280,RT,So glad to see this! research collaborations breaking down,9438
37582,74270,1341666340,RE,So glad to see this! guidance for habit-building being inadequate,9439
13633,1267,1341666400,MT,Brilliant work! accountability being selectively enforced,9440
112050,7566,1341666460,RT,Brilliant work! automation decisions made without empathy,9441
47759,1999,1341666520,RE,Brilliant work! workplace wellness programs being tokenistic,9442
18506,41179,1341666580,MT,Brilliant work! renewable energy incentives insufficient,9443
39928,10091,1341666640,RT,Brilliant work! lack of accountability for financial misconduct,9444
12251,5136,1341666700,RE,Brilliant work! inconsistent access to sports equipment,9445
72657,10815,1341666760,MT,Brilliant work! projects failing to respect cultural sensitivity,9446
57092,134836,1341666820,RT,Brilliant work! teachers lacking professional development,9447
10639,32098,1341666880,RE,Brilliant work! research collaborations breaking down,9448
126298,46710,1341666940,MT,Brilliant work! guidance for habit-building being inadequate,9449
2662,20050,1341667000,RT,Hate this. accountability being selectively enforced,9450
167376,216655,1341667060,RE,Hate this. automation decisions made without empathy,9451
196658,122460,1341667120,MT,Hate this. workplace wellness programs being tokenistic,9452
36224,170665,1341667180,RT,Hate this. renewable energy incentives insufficient,9453
158400,2554,1341667240,RE,Hate this. lack of accountability for financial misconduct,9454
50299,220468,1341667300,MT,Hate this. inconsistent access to sports equipment,9455
141384,126428,1341667360,RT,Hate this. projects failing to respect cultural sensitivity,9456
27850,147884,1341667420,RE,Hate this. teachers lacking professional development,9457
101877,62045,1341667480,MT,Hate this. research collaborations breaking down,9458
304700,22926,1341667540,RT,Hate this. guidance for habit-building being inadequate,9459
35062,37545,1341667600,RE,This is disappointing. accountability being selectively enforced,9460
199877,158955,1341667660,MT,This is disappointing. automation decisions made without empathy,9461
78773,464,1341667720,RT,This is disappointing. workplace wellness programs being tokenistic,9462
24750,95896,1341667780,RE,This is disappointing. renewable energy incentives insufficient,9463
98138,31171,1341667840,MT,This is disappointing. lack of accountability for financial misconduct,9464
35421,87919,1341667900,RT,This is disappointing. inconsistent access to sports equipment,9465
35382,4639,1341667960,RE,This is disappointing. projects failing to respect cultural sensitivity,9466
240806,74566,1341668020,MT,This is disappointing. teachers lacking professional development,9467
40445,37430,1341668080,RT,This is disappointing. research collaborations breaking down,9468
246856,57496,1341668140,RE,This is disappointing. guidance for habit-building being inadequate,9469
14611,39420,1341668200,MT,Not a fan of this at all. accountability being selectively enforced,9470
8021,28458,1341668260,RT,Not a fan of this at all. automation decisions made without empathy,9471
126272,56733,1341668320,RE,Not a fan of this at all. workplace wellness programs being tokenistic,9472
2684,8126,1341668380,MT,Not a fan of this at all. renewable energy incentives insufficient,9473
2554,11830,1341668440,RT,Not a fan of this at all. lack of accountability for financial misconduct,9474
91546,33387,1341668500,RE,Not a fan of this at all. inconsistent access to sports equipment,9475
998,120553,1341668560,MT,Not a fan of this at all. projects failing to respect cultural sensitivity,9476
7081,19182,1341668620,RT,Not a fan of this at all. teachers lacking professional development,9477
63283,104508,1341668680,RE,Not a fan of this at all. research collaborations breaking down,9478
7819,34284,1341668740,MT,Not a fan of this at all. guidance for habit-building being inadequate,9479
16801,248,1341668800,RT,Love this! citizens excluded from decision-making,9480
240,14674,1341668860,RE,Love this! technology shaping behavior without consent,9481
18012,11095,1341668920,MT,Love this! preventive health measures ignored,9482
124398,25006,1341668980,RT,Love this! water scarcity affecting communities,9483
21134,141501,1341669040,RE,Love this! insider trading affecting fairness,9484
79783,20373,1341669100,MT,Love this! underfunded recreational programs,9485
50434,380767,1341669160,RT,Love this! performance quality not meeting expectations,9486
9017,50408,1341669220,RE,Love this! career support services underutilized,9487
40445,49176,1341669280,MT,Love this! funding being diverted from important science,9488
11365,50233,1341669340,RT,Love this! wellness trends causing confusion,9489
42,81,1341669400,RE,So glad to see this! citizens excluded from decision-making,9490
73478,22470,1341669460,MT,So glad to see this! technology shaping behavior without consent,9491
12767,170689,1341669520,RT,So glad to see this! preventive health measures ignored,9492
901,251638,1341669580,RE,So glad to see this! water scarcity affecting communities,9493
39464,154350,1341669640,MT,So glad to see this! insider trading affecting fairness,9494
74920,235278,1341669700,RT,So glad to see this! underfunded recreational programs,9495
147241,20128,1341669760,RE,So glad to see this! performance quality not meeting expectations,9496
154198,223839,1341669820,MT,So glad to see this! career support services underutilized,9497
48745,116191,1341669880,RT,So glad to see this! funding being diverted from important science,9498
20194,8895,1341669940,RE,So glad to see this! wellness trends causing confusion,9499
22990,2177,1341670000,MT,Brilliant work! citizens excluded from decision-making,9500
30231,38672,1341670060,RT,Brilliant work! technology shaping behavior without consent,9501
89926,17057,1341670120,RE,Brilliant work! preventive health measures ignored,9502
106574,135369,1341670180,MT,Brilliant work! water scarcity affecting communities,9503
79105,22977,1341670240,RT,Brilliant work! insider trading affecting fairness,9504
14661,1042,1341670300,RE,Brilliant work! underfunded recreational programs,9505
33784,18654,1341670360,MT,Brilliant work! performance quality not meeting expectations,9506
17103,37001,1341670420,RT,Brilliant work! career support services underutilized,9507
138242,307066,1341670480,RE,Brilliant work! funding being diverted from important science,9508
275111,149261,1341670540,MT,Brilliant work! wellness trends causing confusion,9509
4665,5005,1341670600,RT,Hate this. citizens excluded from decision-making,9510
17155,230370,1341670660,RE,Hate this. technology shaping behavior without consent,9511
452892,18319,1341670720,MT,Hate this. preventive health measures ignored,9512
33488,42168,1341670780,RT,Hate this. water scarcity affecting communities,9513
50199,135547,1341670840,RE,Hate this. insider trading affecting fairness,9514
87993,25248,1341670900,MT,Hate this. underfunded recreational programs,9515
191125,33784,1341670960,RT,Hate this. performance quality not meeting expectations,9516
93990,70340,1341671020,RE,Hate this. career support services underutilized,9517
15499,363,1341671080,MT,Hate this. funding being diverted from important science,9518
12272,93965,1341671140,RT,Hate this. wellness trends causing confusion,9519
191752,16460,1341671200,RE,This is disappointing. citizens excluded from decision-making,9520
50285,30513,1341671260,MT,This is disappointing. technology shaping behavior without consent,9521
106925,20056,1341671320,RT,This is disappointing. preventive health measures ignored,9522
12514,254556,1341671380,RE,This is disappointing. water scarcity affecting communities,9523
23200,42947,1341671440,MT,This is disappointing. insider trading affecting fairness,9524
35150,22989,1341671500,RT,This is disappointing. underfunded recreational programs,9525
49342,138369,1341671560,RE,This is disappointing. performance quality not meeting expectations,9526
161961,29493,1341671620,MT,This is disappointing. career support services underutilized,9527
18451,425025,1341671680,RT,This is disappointing. funding being diverted from important science,9528
14154,24384,1341671740,RE,This is disappointing. wellness trends causing confusion,9529
1881,8016,1341671800,MT,Not a fan of this at all. citizens excluded from decision-making,9530
38009,31304,1341671860,RT,Not a fan of this at all. technology shaping behavior without consent,9531
85424,39874,1341671920,RE,Not a fan of this at all. preventive health measures ignored,9532
126091,60365,1341671980,MT,Not a fan of this at all. water scarcity affecting communities,9533
39074,57738,1341672040,RT,Not a fan of this at all. insider trading affecting fairness,9534
49825,21718,1341672100,RE,Not a fan of this at all. underfunded recreational programs,9535
93337,126428,1341672160,MT,Not a fan of this at all. performance quality not meeting expectations,9536
88355,47168,1341672220,RT,Not a fan of this at all. career support services underutilized,9537
18570,110897,1341672280,RE,Not a fan of this at all. funding being diverted from important science,9538
10357,36312,1341672340,MT,Not a fan of this at all. wellness trends causing confusion,9539
13821,39511,1341672400,RT,Love this! a policy that prioritizes healthcare access for everyone,9540
369,12311,1341672460,RE,Love this! AI systems influencing opinions silently,9541
75083,5112,1341672520,MT,Love this! mental health initiatives lacking follow-up,9542
9932,24443,1341672580,RT,Love this! natural disaster preparedness lagging,9543
177431,12463,1341672640,RE,Love this! banking systems failing underserved communities,9544
52846,186674,1341672700,MT,Love this! lack of awareness about physical health,9545
50202,34800,1341672760,RT,Love this! public statements generating backlash,9546
50286,47168,1341672820,RE,Love this! students not receiving proper feedback,9547
17207,50270,1341672880,MT,Love this! scientific literacy in society remains low,9548
46819,41808,1341672940,RT,Love this! self-care being treated as optional,9549
21280,47490,1341673000,RE,So glad to see this! a policy that prioritizes healthcare access for everyone,9550
4986,291,1341673060,MT,So glad to see this! AI systems influencing opinions silently,9551
171,70958,1341673120,RT,So glad to see this! mental health initiatives lacking follow-up,9552
49007,17871,1341673180,RE,So glad to see this! natural disaster preparedness lagging,9553
141628,26289,1341673240,MT,So glad to see this! banking systems failing underserved communities,9554
5,29521,1341673300,RT,So glad to see this! lack of awareness about physical health,9555
20187,184519,1341673360,RE,So glad to see this! public statements generating backlash,9556
9162,114837,1341673420,MT,So glad to see this! students not receiving proper feedback,9557
7245,14889,1341673480,RT,So glad to see this! scientific literacy in society remains low,9558
128458,176894,1341673540,RE,So glad to see this! self-care being treated as optional,9559
2287,5795,1341673600,MT,Brilliant work! a policy that prioritizes healthcare access for everyone,9560
27147,1253,1341673660,RT,Brilliant work! AI systems influencing opinions silently,9561
56797,39782,1341673720,RE,Brilliant work! mental health initiatives lacking follow-up,9562
166173,191083,1341673780,MT,Brilliant work! natural disaster preparedness lagging,9563
126308,44019,1341673840,RT,Brilliant work! banking systems failing underserved communities,9564
2739,70993,1341673900,RE,Brilliant work! lack of awareness about physical health,9565
141604,30442,1341673960,MT,Brilliant work! public statements generating backlash,9566
249802,5213,1341674020,RT,Brilliant work! students not receiving proper feedback,9567
191812,50311,1341674080,RE,Brilliant work! scientific literacy in society remains low,9568
167472,17312,1341674140,MT,Brilliant work! self-care being treated as optional,9569
1373,59893,1341674200,RT,Hate this. a policy that prioritizes healthcare access for everyone,9570
640,376,1341674260,RE,Hate this. AI systems influencing opinions silently,9571
14945,12352,1341674320,MT,Hate this. mental health initiatives lacking follow-up,9572
20295,16618,1341674380,RT,Hate this. natural disaster preparedness lagging,9573
49540,33787,1341674440,RE,Hate this. banking systems failing underserved communities,9574
5628,46265,1341674500,MT,Hate this. lack of awareness about physical health,9575
145134,28950,1341674560,RT,Hate this. public statements generating backlash,9576
1251,377965,1341674620,RE,Hate this. students not receiving proper feedback,9577
24751,10639,1341674680,MT,Hate this. scientific literacy in society remains low,9578
12922,11901,1341674740,RT,Hate this. self-care being treated as optional,9579
8806,2059,1341674800,RE,This is disappointing. a policy that prioritizes healthcare access for everyone,9580
221491,4528,1341674860,MT,This is disappointing. AI systems influencing opinions silently,9581
51181,3603,1341674920,RT,This is disappointing. mental health initiatives lacking follow-up,9582
227552,286570,1341674980,RE,This is disappointing. natural disaster preparedness lagging,9583
119972,252993,1341675040,MT,This is disappointing. banking systems failing underserved communities,9584
145349,42916,1341675100,RT,This is disappointing. lack of awareness about physical health,9585
22451,20191,1341675160,RE,This is disappointing. public statements generating backlash,9586
19366,21537,1341675220,MT,This is disappointing. students not receiving proper feedback,9587
52926,6151,1341675280,RT,This is disappointing. scientific literacy in society remains low,9588
232004,95020,1341675340,RE,This is disappointing. self-care being treated as optional,9589
22990,2177,1341675400,MT,Not a fan of this at all. a policy that prioritizes healthcare access for everyone,9590
47631,658,1341675460,RT,Not a fan of this at all. AI systems influencing opinions silently,9591
77276,20919,1341675520,RE,Not a fan of this at all. mental health initiatives lacking follow-up,9592
38133,10726,1341675580,MT,Not a fan of this at all. natural disaster preparedness lagging,9593
26159,1478,1341675640,RT,Not a fan of this at all. banking systems failing underserved communities,9594
129441,5628,1341675700,RE,Not a fan of this at all. lack of awareness about physical health,9595
24084,13797,1341675760,MT,Not a fan of this at all. public statements generating backlash,9596
15788,383668,1341675820,RT,Not a fan of this at all. students not receiving proper feedback,9597
160629,53842,1341675880,RE,Not a fan of this at all. scientific literacy in society remains low,9598
159599,34806,1341675940,MT,Not a fan of this at all. self-care being treated as optional,9599
5245,19870,1341676000,RT,Love this! leaders finally listening to public concerns,9600
2244,640,1341676060,RE,Love this! critical tech flaws being downplayed,9601
875,44456,1341676120,MT,Love this! lack of integration between wellness programs,9602
12514,134095,1341676180,RT,Love this! pollution affecting public health,9603
349771,2351,1341676240,RE,Love this! crypto scams spreading faster than prevention,9604
58961,224711,1341676300,MT,Love this! poor engagement in community sports,9605
366295,2233,1341676360,RT,Love this! creative projects underfunded,9606
67997,59998,1341676420,RE,Love this! resources concentrated in urban areas,9607
11337,279373,1341676480,MT,Love this! technological advancements underutilized,9608
65099,138060,1341676540,RT,Love this! coaching programs lacking follow-up,9609
13821,288604,1341676600,RE,So glad to see this! leaders finally listening to public concerns,9610
30222,16695,1341676660,MT,So glad to see this! critical tech flaws being downplayed,9611
91500,36363,1341676720,RT,So glad to see this! lack of integration between wellness programs,9612
7284,78063,1341676780,RE,So glad to see this! pollution affecting public health,9613
75780,24335,1341676840,MT,So glad to see this! crypto scams spreading faster than prevention,9614
129441,126458,1341676900,RT,So glad to see this! poor engagement in community sports,9615
141604,65187,1341676960,RE,So glad to see this! creative projects underfunded,9616
50241,383668,1341677020,MT,So glad to see this! resources concentrated in urban areas,9617
147421,66791,1341677080,RT,So glad to see this! technological advancements underutilized,9618
55521,167472,1341677140,RE,So glad to see this! coaching programs lacking follow-up,9619
456,5438,1341677200,MT,Brilliant work! leaders finally listening to public concerns,9620
38009,68446,1341677260,RT,Brilliant work! critical tech flaws being downplayed,9621
27635,110522,1341677320,RE,Brilliant work! lack of integration between wellness programs,9622
220962,65682,1341677380,MT,Brilliant work! pollution affecting public health,9623
47998,41792,1341677440,RT,Brilliant work! crypto scams spreading faster than prevention,9624
43719,66669,1341677500,RE,Brilliant work! poor engagement in community sports,9625
8453,85746,1341677560,MT,Brilliant work! creative projects underfunded,9626
20263,21814,1341677620,RT,Brilliant work! resources concentrated in urban areas,9627
297268,28072,1341677680,RE,Brilliant work! technological advancements underutilized,9628
103163,231873,1341677740,MT,Brilliant work! coaching programs lacking follow-up,9629
14070,12022,1341677800,RT,Hate this. leaders finally listening to public concerns,9630
34181,120719,1341677860,RE,Hate this. critical tech flaws being downplayed,9631
176111,46947,1341677920,MT,Hate this. lack of integration between wellness programs,9632
15794,4929,1341677980,RT,Hate this. pollution affecting public health,9633
335263,17573,1341678040,RE,Hate this. crypto scams spreading faster than prevention,9634
5,17902,1341678100,MT,Hate this. poor engagement in community sports,9635
55382,1250,1341678160,RT,Hate this. creative projects underfunded,9636
66468,181286,1341678220,RE,Hate this. resources concentrated in urban areas,9637
149796,138856,1341678280,MT,Hate this. technological advancements underutilized,9638
46273,154584,1341678340,RT,Hate this. coaching programs lacking follow-up,9639
3998,37341,1341678400,RE,This is disappointing. leaders finally listening to public concerns,9640
90442,41854,1341678460,MT,This is disappointing. critical tech flaws being downplayed,9641
25258,41725,1341678520,RT,This is disappointing. lack of integration between wellness programs,9642
163,49701,1341678580,RE,This is disappointing. pollution affecting public health,9643
64313,269816,1341678640,MT,This is disappointing. crypto scams spreading faster than prevention,9644
52846,26927,1341678700,RT,This is disappointing. poor engagement in community sports,9645
124340,64320,1341678760,RE,This is disappointing. creative projects underfunded,9646
67517,34466,1341678820,MT,This is disappointing. resources concentrated in urban areas,9647
35527,9016,1341678880,RT,This is disappointing. technological advancements underutilized,9648
358538,88716,1341678940,RE,This is disappointing. coaching programs lacking follow-up,9649
16452,6241,1341679000,MT,Not a fan of this at all. leaders finally listening to public concerns,9650
2668,43742,1341679060,RT,Not a fan of this at all. critical tech flaws being downplayed,9651
12224,40407,1341679120,RE,Not a fan of this at all. lack of integration between wellness programs,9652
215055,101854,1341679180,MT,Not a fan of this at all. pollution affecting public health,9653
218218,13137,1341679240,RT,Not a fan of this at all. crypto scams spreading faster than prevention,9654
3362,11405,1341679300,RE,Not a fan of this at all. poor engagement in community sports,9655
269219,106089,1341679360,MT,Not a fan of this at all. creative projects underfunded,9656
2645,74315,1341679420,RT,Not a fan of this at all. resources concentrated in urban areas,9657
133572,6982,1341679480,RE,Not a fan of this at all. technological advancements underutilized,9658
28455,98905,1341679540,MT,Not a fan of this at all. coaching programs lacking follow-up,9659
15821,31534,1341679600,RT,Love this! real action being taken against corruption,9660
103612,65097,1341679660,RE,Love this! responsibility being shifted to users,9661
3164,278811,1341679720,MT,Love this! public health campaigns being ineffective,9662
3255,47828,1341679780,RT,Love this! climate goals not being met,9663
350982,50196,1341679840,RE,Love this! unsustainable investment practices,9664
118381,87919,1341679900,MT,Love this! nutrition education being overlooked,9665
356981,138369,1341679960,RT,Love this! audiences disappointed by live shows,9666
147252,70199,1341680020,RE,Love this! inequalities in access to technology,9667
13638,17939,1341680080,MT,Love this! climate science being ignored by policymakers,9668
185437,35726,1341680140,RT,Love this! time management techniques underused,9669
43,31534,1341680200,RE,So glad to see this! real action being taken against corruption,9670
232850,7383,1341680260,MT,So glad to see this! responsibility being shifted to users,9671
13640,24704,1341680320,RT,So glad to see this! public health campaigns being ineffective,9672
73343,174836,1341680380,RE,So glad to see this! climate goals not being met,9673
41792,43914,1341680440,MT,So glad to see this! unsustainable investment practices,9674
43518,12931,1341680500,RT,So glad to see this! nutrition education being overlooked,9675
48502,32979,1341680560,RE,So glad to see this! audiences disappointed by live shows,9676
67501,73461,1341680620,MT,So glad to see this! inequalities in access to technology,9677
49695,178192,1341680680,RT,So glad to see this! climate science being ignored by policymakers,9678
302869,361661,1341680740,RE,So glad to see this! time management techniques underused,9679
294416,1298,1341680800,MT,Brilliant work! real action being taken against corruption,9680
22779,16210,1341680860,RT,Brilliant work! responsibility being shifted to users,9681
33569,84647,1341680920,RE,Brilliant work! public health campaigns being ineffective,9682
9020,35334,1341680980,MT,Brilliant work! climate goals not being met,9683
71336,40253,1341681040,RT,Brilliant work! unsustainable investment practices,9684
74228,14355,1341681100,RE,Brilliant work! nutrition education being overlooked,9685
34247,98645,1341681160,MT,Brilliant work! audiences disappointed by live shows,9686
317497,281193,1341681220,RT,Brilliant work! inequalities in access to technology,9687
173141,50200,1341681280,RE,Brilliant work! climate science being ignored by policymakers,9688
2485,76667,1341681340,MT,Brilliant work! time management techniques underused,9689
14075,33355,1341681400,RT,Hate this. real action being taken against corruption,9690
81422,75830,1341681460,RE,Hate this. responsibility being shifted to users,9691
85424,73485,1341681520,MT,Hate this. public health campaigns being ineffective,9692
191140,181181,1341681580,RT,Hate this. climate goals not being met,9693
70897,167,1341681640,RE,Hate this. unsustainable investment practices,9694
27875,4602,1341681700,MT,Hate this. nutrition education being overlooked,9695
248412,15857,1341681760,RT,Hate this. audiences disappointed by live shows,9696
43539,81403,1341681820,RE,Hate this. inequalities in access to technology,9697
98203,24932,1341681880,MT,Hate this. climate science being ignored by policymakers,9698
59000,231873,1341681940,RT,Hate this. time management techniques underused,9699
4336,14588,1341682000,RE,This is disappointing. real action being taken against corruption,9700
16715,12966,1341682060,MT,This is disappointing. responsibility being shifted to users,9701
9155,230115,1341682120,RT,This is disappointing. public health campaigns being ineffective,9702
146381,22740,1341682180,RE,This is disappointing. climate goals not being met,9703
37964,18038,1341682240,MT,This is disappointing. unsustainable investment practices,9704
5136,19323,1341682300,RT,This is disappointing. nutrition education being overlooked,9705
20363,65210,1341682360,RE,This is disappointing. audiences disappointed by live shows,9706
2673,93323,1341682420,MT,This is disappointing. inequalities in access to technology,9707
196228,27066,1341682480,RT,This is disappointing. climate science being ignored by policymakers,9708
275111,10645,1341682540,RE,This is disappointing. time management techniques underused,9709
3808,35376,1341682600,MT,Not a fan of this at all. real action being taken against corruption,9710
59529,55951,1341682660,RT,Not a fan of this at all. responsibility being shifted to users,9711
2165,230115,1341682720,RE,Not a fan of this at all. public health campaigns being ineffective,9712
49089,5082,1341682780,MT,Not a fan of this at all. climate goals not being met,9713
7634,288158,1341682840,RT,Not a fan of this at all. unsustainable investment practices,9714
26681,72193,1341682900,RE,Not a fan of this at all. nutrition education being overlooked,9715
8989,8964,1341682960,MT,Not a fan of this at all. audiences disappointed by live shows,9716
31564,30652,1341683020,RT,Not a fan of this at all. inequalities in access to technology,9717
101877,230245,1341683080,RE,Not a fan of this at all. climate science being ignored by policymakers,9718
154365,20194,1341683140,MT,Not a fan of this at all. time management techniques underused,9719
4182,8942,1341683200,RT,Love this! transparent decision-making in government,9720
5508,8498,1341683260,RE,Love this! AI tools improving everyday productivity,9721
144615,75362,1341683320,MT,Love this! overreliance on supplements over lifestyle change,9722
20246,98762,1341683380,RT,Love this! deforestation policies weak,9723
8099,109401,1341683440,RE,Love this! regulatory gaps putting investors at risk,9724
13811,959,1341683500,MT,Love this! coaching inconsistencies affecting performance,9725
66443,141604,1341683560,RT,Love this! celebrities engaging in harmful promotions,9726
20263,34466,1341683620,RE,Love this! professional advancement blocked by outdated policies,9727
52669,388737,1341683680,MT,Love this! research not reaching marginalized communities,9728
149212,95020,1341683740,RT,Love this! mindset programs not inclusive,9729
485,216,1341683800,RE,So glad to see this! transparent decision-making in government,9730
67282,34801,1341683860,MT,So glad to see this! AI tools improving everyday productivity,9731
104613,51886,1341683920,RT,So glad to see this! overreliance on supplements over lifestyle change,9732
4123,16529,1341683980,RE,So glad to see this! deforestation policies weak,9733
40305,61101,1341684040,MT,So glad to see this! regulatory gaps putting investors at risk,9734
303205,9254,1341684100,RT,So glad to see this! coaching inconsistencies affecting performance,9735
191125,109178,1341684160,RE,So glad to see this! celebrities engaging in harmful promotions,9736
387245,408905,1341684220,MT,So glad to see this! professional advancement blocked by outdated policies,9737
289427,16681,1341684280,RT,So glad to see this! research not reaching marginalized communities,9738
3424,259237,1341684340,RE,So glad to see this! mindset programs not inclusive,9739
857,54200,1341684400,MT,Brilliant work! transparent decision-making in government,9740
16746,137321,1341684460,RT,Brilliant work! AI tools improving everyday productivity,9741
12648,43905,1341684520,RE,Brilliant work! overreliance on supplements over lifestyle change,9742
22740,1239,1341684580,MT,Brilliant work! deforestation policies weak,9743
29937,71027,1341684640,RT,Brilliant work! regulatory gaps putting investors at risk,9744
1002,147538,1341684700,RE,Brilliant work! coaching inconsistencies affecting performance,9745
44022,138369,1341684760,MT,Brilliant work! celebrities engaging in harmful promotions,9746
78220,83921,1341684820,RT,Brilliant work! professional advancement blocked by outdated policies,9747
10257,86906,1341684880,RE,Brilliant work! research not reaching marginalized communities,9748
87948,21046,1341684940,MT,Brilliant work! mindset programs not inclusive,9749
9025,94,1341685000,RT,Hate this. transparent decision-making in government,9750
47631,1548,1341685060,RE,Hate this. AI tools improving everyday productivity,9751
42922,5500,1341685120,MT,Hate this. overreliance on supplements over lifestyle change,9752
132394,6150,1341685180,RT,Hate this. deforestation policies weak,9753
39089,43952,1341685240,RE,Hate this. regulatory gaps putting investors at risk,9754
26927,50265,1341685300,MT,Hate this. coaching inconsistencies affecting performance,9755
150890,93269,1341685360,RT,Hate this. celebrities engaging in harmful promotions,9756
151491,42689,1341685420,RE,Hate this. professional advancement blocked by outdated policies,9757
210094,103906,1341685480,MT,Hate this. research not reaching marginalized communities,9758
141905,2278,1341685540,RT,Hate this. mindset programs not inclusive,9759
2166,2156,1341685600,RE,This is disappointing. transparent decision-making in government,9760
39524,34801,1341685660,MT,This is disappointing. AI tools improving everyday productivity,9761
22849,54291,1341685720,RT,This is disappointing. overreliance on supplements over lifestyle change,9762
61318,31337,1341685780,RE,This is disappointing. deforestation policies weak,9763
23220,21929,1341685840,MT,This is disappointing. regulatory gaps putting investors at risk,9764
8425,26072,1341685900,RT,This is disappointing. coaching inconsistencies affecting performance,9765
2555,98728,1341685960,RE,This is disappointing. celebrities engaging in harmful promotions,9766
63360,7451,1341686020,MT,This is disappointing. professional advancement blocked by outdated policies,9767
173993,21704,1341686080,RT,This is disappointing. research not reaching marginalized communities,9768
17655,196346,1341686140,RE,This is disappointing. mindset programs not inclusive,9769
68285,19913,1341686200,MT,Not a fan of this at all. transparent decision-making in government,9770
80429,57882,1341686260,RT,Not a fan of this at all. AI tools improving everyday productivity,9771
42178,77616,1341686320,RE,Not a fan of this at all. overreliance on supplements over lifestyle change,9772
22240,66350,1341686380,MT,Not a fan of this at all. deforestation policies weak,9773
235593,8095,1341686440,RT,Not a fan of this at all. regulatory gaps putting investors at risk,9774
323711,209539,1341686500,RE,Not a fan of this at all. coaching inconsistencies affecting performance,9775
106299,29100,1341686560,MT,Not a fan of this at all. celebrities engaging in harmful promotions,9776
3584,43607,1341686620,RT,Not a fan of this at all. professional advancement blocked by outdated policies,9777
73319,20624,1341686680,RE,Not a fan of this at all. research not reaching marginalized communities,9778
25955,4504,1341686740,MT,Not a fan of this at all. mindset programs not inclusive,9779
7627,81181,1341686800,RT,Love this! investment in public education systems,9780
14600,12698,1341686860,RE,Love this! technology making complex tasks easier,9781
27071,3361,1341686920,MT,Love this! healthcare systems being bureaucratic,9782
57916,202609,1341686980,RT,Love this! plastic use remaining high despite campaigns,9783
542,64987,1341687040,RE,Love this! misuse of personal financial data,9784
22991,49825,1341687100,MT,Love this! fitness campaigns failing to reach everyone,9785
329707,23125,1341687160,RT,Love this! streaming platforms prioritizing quantity over quality,9786
132857,74566,1341687220,RE,Love this! learning methods not adapting to student needs,9787
447409,150846,1341687280,MT,Love this! experiments facing ethical challenges,9788
12904,40275,1341687340,RT,Love this! resources for personal growth being uneven,9789
53508,49182,1341687400,RE,So glad to see this! investment in public education systems,9790
12318,11103,1341687460,MT,So glad to see this! technology making complex tasks easier,9791
13641,53258,1341687520,RT,So glad to see this! healthcare systems being bureaucratic,9792
16211,2568,1341687580,RE,So glad to see this! plastic use remaining high despite campaigns,9793
247514,136493,1341687640,MT,So glad to see this! misuse of personal financial data,9794
50935,26633,1341687700,RT,So glad to see this! fitness campaigns failing to reach everyone,9795
21007,3319,1341687760,RE,So glad to see this! streaming platforms prioritizing quantity over quality,9796
33758,26149,1341687820,MT,So glad to see this! learning methods not adapting to student needs,9797
178192,8956,1341687880,RT,So glad to see this! experiments facing ethical challenges,9798
14609,19879,1341687940,RE,So glad to see this! resources for personal growth being uneven,9799
57138,2138,1341688000,MT,Brilliant work! investment in public education systems,9800
12318,56426,1341688060,RT,Brilliant work! technology making complex tasks easier,9801
4427,126242,1341688120,RE,Brilliant work! healthcare systems being bureaucratic,9802
44,8282,1341688180,MT,Brilliant work! plastic use remaining high despite campaigns,9803
1597,53135,1341688240,RT,Brilliant work! misuse of personal financial data,9804
20096,189839,1341688300,RE,Brilliant work! fitness campaigns failing to reach everyone,9805
124340,16406,1341688360,MT,Brilliant work! streaming platforms prioritizing quantity over quality,9806
2645,21386,1341688420,RT,Brilliant work! learning methods not adapting to student needs,9807
17178,25855,1341688480,RE,Brilliant work! experiments facing ethical challenges,9808
54265,161672,1341688540,MT,Brilliant work! resources for personal growth being uneven,9809
8835,957,1341688600,RT,Hate this. investment in public education systems,9810
8498,357,1341688660,RE,Hate this. technology making complex tasks easier,9811
14945,1546,1341688720,MT,Hate this. healthcare systems being bureaucratic,9812
12464,16335,1341688780,RT,Hate this. plastic use remaining high despite campaigns,9813
243553,153606,1341688840,RE,Hate this. misuse of personal financial data,9814
130735,147538,1341688900,MT,Hate this. fitness campaigns failing to reach everyone,9815
329707,65644,1341688960,RT,Hate this. streaming platforms prioritizing quantity over quality,9816
76455,97599,1341689020,RE,Hate this. learning methods not adapting to student needs,9817
103249,39372,1341689080,MT,Hate this. experiments facing ethical challenges,9818
59636,174807,1341689140,RT,Hate this. resources for personal growth being uneven,9819
1971,36660,1341689200,RE,This is disappointing. investment in public education systems,9820
26755,42643,1341689260,MT,This is disappointing. technology making complex tasks easier,9821
28962,50266,1341689320,RT,This is disappointing. healthcare systems being bureaucratic,9822
249,32977,1341689380,RE,This is disappointing. plastic use remaining high despite campaigns,9823
1101,67504,1341689440,MT,This is disappointing. misuse of personal financial data,9824
50299,25312,1341689500,RT,This is disappointing. fitness campaigns failing to reach everyone,9825
93688,138369,1341689560,RE,This is disappointing. streaming platforms prioritizing quantity over quality,9826
43709,577,1341689620,MT,This is disappointing. learning methods not adapting to student needs,9827
10053,32274,1341689680,RT,This is disappointing. experiments facing ethical challenges,9828
247440,14609,1341689740,RE,This is disappointing. resources for personal growth being uneven,9829
349,26158,1341689800,MT,Not a fan of this at all. investment in public education systems,9830
973,91,1341689860,RT,Not a fan of this at all. technology making complex tasks easier,9831
53258,22774,1341689920,RE,Not a fan of this at all. healthcare systems being bureaucratic,9832
4537,10942,1341689980,MT,Not a fan of this at all. plastic use remaining high despite campaigns,9833
14124,9912,1341690040,RT,Not a fan of this at all. misuse of personal financial data,9834
116966,15799,1341690100,RE,Not a fan of this at all. fitness campaigns failing to reach everyone,9835
165916,80926,1341690160,MT,Not a fan of this at all. streaming platforms prioritizing quantity over quality,9836
70080,56518,1341690220,RT,Not a fan of this at all. learning methods not adapting to student needs,9837
50290,191812,1341690280,RE,Not a fan of this at all. experiments facing ethical challenges,9838
10357,41603,1341690340,MT,Not a fan of this at all. resources for personal growth being uneven,9839
8208,26139,1341690400,RT,Love this! policies that protect workers’ rights,9840
62125,376,1341690460,RE,Love this! responsible AI development being prioritized,9841
76901,11891,1341690520,MT,Love this! wellness trends causing confusion,9842
4916,136607,1341690580,RT,Love this! inequality in environmental protection,9843
12223,39464,1341690640,RE,Love this! market crashes affecting livelihoods,9844
59186,102394,1341690700,MT,Love this! injury rehabilitation support lacking,9845
24084,98645,1341690760,RT,Love this! artists underappreciated for innovative work,9846
20968,133418,1341690820,RE,Love this! job market challenges affecting graduates,9847
44264,4328,1341690880,MT,Love this! scientific publications being delayed,9848
88716,89949,1341690940,RT,Love this! work-life balance programs being ignored,9849
2934,14957,1341691000,RE,So glad to see this! policies that protect workers’ rights,9850
1897,13603,1341691060,MT,So glad to see this! responsible AI development being prioritized,9851
10704,54291,1341691120,RT,So glad to see this! wellness trends causing confusion,9852
89010,8136,1341691180,RE,So glad to see this! inequality in environmental protection,9853
154107,89814,1341691240,MT,So glad to see this! market crashes affecting livelihoods,9854
68599,44246,1341691300,RT,So glad to see this! injury rehabilitation support lacking,9855
11438,9919,1341691360,RE,So glad to see this! artists underappreciated for innovative work,9856
86973,51731,1341691420,MT,So glad to see this! job market challenges affecting graduates,9857
375668,173993,1341691480,RT,So glad to see this! scientific publications being delayed,9858
51755,16690,1341691540,RE,So glad to see this! work-life balance programs being ignored,9859
310,31549,1341691600,MT,Brilliant work! policies that protect workers’ rights,9860
109647,26674,1341691660,RT,Brilliant work! responsible AI development being prioritized,9861
53285,266400,1341691720,RE,Brilliant work! wellness trends causing confusion,9862
6657,34555,1341691780,MT,Brilliant work! inequality in environmental protection,9863
21134,24923,1341691840,RT,Brilliant work! market crashes affecting livelihoods,9864
137200,203863,1341691900,RE,Brilliant work! injury rehabilitation support lacking,9865
25388,42699,1341691960,MT,Brilliant work! artists underappreciated for innovative work,9866
72217,479,1341692020,RT,Brilliant work! job market challenges affecting graduates,9867
58032,13660,1341692080,RE,Brilliant work! scientific publications being delayed,9868
33105,51782,1341692140,MT,Brilliant work! work-life balance programs being ignored,9869
2347,103447,1341692200,RT,Hate this. policies that protect workers’ rights,9870
59542,28462,1341692260,RE,Hate this. responsible AI development being prioritized,9871
50242,120477,1341692320,MT,Hate this. wellness trends causing confusion,9872
90718,33488,1341692380,RT,Hate this. inequality in environmental protection,9873
26079,6648,1341692440,RE,Hate this. market crashes affecting livelihoods,9874
421847,27982,1341692500,MT,Hate this. injury rehabilitation support lacking,9875
382034,265301,1341692560,RT,Hate this. artists underappreciated for innovative work,9876
97338,12456,1341692620,RE,Hate this. job market challenges affecting graduates,9877
191812,3289,1341692680,MT,Hate this. scientific publications being delayed,9878
54704,81265,1341692740,RT,Hate this. work-life balance programs being ignored,9879
37528,245,1341692800,RE,This is disappointing. policies that protect workers’ rights,9880
377122,7383,1341692860,MT,This is disappointing. responsible AI development being prioritized,9881
13141,83432,1341692920,RT,This is disappointing. wellness trends causing confusion,9882
7124,132404,1341692980,RE,This is disappointing. inequality in environmental protection,9883
295879,13685,1341693040,MT,This is disappointing. market crashes affecting livelihoods,9884
35707,162863,1341693100,RT,This is disappointing. injury rehabilitation support lacking,9885
106226,90041,1341693160,RE,This is disappointing. artists underappreciated for innovative work,9886
35180,67501,1341693220,MT,This is disappointing. job market challenges affecting graduates,9887
28707,309611,1341693280,RT,This is disappointing. scientific publications being delayed,9888
51288,124257,1341693340,RE,This is disappointing. work-life balance programs being ignored,9889
13854,37528,1341693400,MT,Not a fan of this at all. policies that protect workers’ rights,9890
76071,221491,1341693460,RT,Not a fan of this at all. responsible AI development being prioritized,9891
61944,15691,1341693520,RE,Not a fan of this at all. wellness trends causing confusion,9892
287256,23940,1341693580,MT,Not a fan of this at all. inequality in environmental protection,9893
89,8902,1341693640,RT,Not a fan of this at all. market crashes affecting livelihoods,9894
23743,19609,1341693700,RE,Not a fan of this at all. injury rehabilitation support lacking,9895
327714,93269,1341693760,MT,Not a fan of this at all. artists underappreciated for innovative work,9896
134505,184039,1341693820,RT,Not a fan of this at all. job market challenges affecting graduates,9897
23761,484,1341693880,RE,Not a fan of this at all. scientific publications being delayed,9898
79687,43385,1341693940,MT,Not a fan of this at all. work-life balance programs being ignored,9899
75369,19995,1341694000,RT,Love this! lawmakers focusing on long-term impact over short-term gains,9900
103451,34796,1341694060,RE,Love this! automation helping people focus on creative work,9901
49610,80814,1341694120,MT,Love this! stress management programs underused,9902
29230,29021,1341694180,RT,Love this! ecosystem restoration being underprioritized,9903
40293,176243,1341694240,RE,Love this! crypto bubbles forming rapidly,9904
15799,5810,1341694300,MT,Love this! sports opportunities being unequal,9905
10969,103181,1341694360,RT,Love this! content creators facing unfair criticism,9906
75042,112746,1341694420,RE,Love this! career mentorship unavailable for many,9907
16435,74234,1341694480,MT,Love this! space technology being underfunded,9908
278585,27734,1341694540,RT,Love this! self-improvement content overloaded,9909
7960,16440,1341694600,RE,So glad to see this! lawmakers focusing on long-term impact over short-term gains,9910
2402,73478,1341694660,MT,So glad to see this! automation helping people focus on creative work,9911
36556,53285,1341694720,RT,So glad to see this! stress management programs underused,9912
12440,5102,1341694780,RE,So glad to see this! ecosystem restoration being underprioritized,9913
318488,2900,1341694840,MT,So glad to see this! crypto bubbles forming rapidly,9914
375095,37510,1341694900,RT,So glad to see this! sports opportunities being unequal,9915
252801,53885,1341694960,RE,So glad to see this! content creators facing unfair criticism,9916
140013,14415,1341695020,MT,So glad to see this! career mentorship unavailable for many,9917
64547,60995,1341695080,RT,So glad to see this! space technology being underfunded,9918
50770,250087,1341695140,RE,So glad to see this! self-improvement content overloaded,9919
37341,1274,1341695200,MT,Brilliant work! lawmakers focusing on long-term impact over short-term gains,9920
52087,68446,1341695260,RT,Brilliant work! automation helping people focus on creative work,9921
233483,259849,1341695320,RE,Brilliant work! stress management programs underused,9922
51472,12748,1341695380,MT,Brilliant work! ecosystem restoration being underprioritized,9923
41792,16502,1341695440,RT,Brilliant work! crypto bubbles forming rapidly,9924
586,141637,1341695500,RE,Brilliant work! sports opportunities being unequal,9925
90325,48982,1341695560,MT,Brilliant work! content creators facing unfair criticism,9926
134505,24220,1341695620,RT,Brilliant work! career mentorship unavailable for many,9927
6952,98778,1341695680,RE,Brilliant work! space technology being underfunded,9928
141905,108607,1341695740,MT,Brilliant work! self-improvement content overloaded,9929
27744,26352,1341695800,RT,Hate this. lawmakers focusing on long-term impact over short-term gains,9930
21872,31836,1341695860,RE,Hate this. automation helping people focus on creative work,9931
95510,110223,1341695920,MT,Hate this. stress management programs underused,9932
122438,31031,1341695980,RT,Hate this. ecosystem restoration being underprioritized,9933
9917,103986,1341696040,RE,Hate this. crypto bubbles forming rapidly,9934
27436,152658,1341696100,MT,Hate this. sports opportunities being unequal,9935
252833,90227,1341696160,RT,Hate this. content creators facing unfair criticism,9936
62439,50408,1341696220,RE,Hate this. career mentorship unavailable for many,9937
36114,279373,1341696280,MT,Hate this. space technology being underfunded,9938
61481,65159,1341696340,RT,Hate this. self-improvement content overloaded,9939
408,35216,1341696400,RE,This is disappointing. lawmakers focusing on long-term impact over short-term gains,9940
11844,3020,1341696460,MT,This is disappointing. automation helping people focus on creative work,9941
92608,10513,1341696520,RT,This is disappointing. stress management programs underused,9942
78063,215055,1341696580,RE,This is disappointing. ecosystem restoration being underprioritized,9943
17573,6761,1341696640,MT,This is disappointing. crypto bubbles forming rapidly,9944
2521,89495,1341696700,RT,This is disappointing. sports opportunities being unequal,9945
22451,141853,1341696760,RE,This is disappointing. content creators facing unfair criticism,9946
150297,264996,1341696820,MT,This is disappointing. career mentorship unavailable for many,9947
45587,57026,1341696880,RT,This is disappointing. space technology being underfunded,9948
101783,20194,1341696940,RE,This is disappointing. self-improvement content overloaded,9949
11714,194092,1341697000,MT,Not a fan of this at all. lawmakers focusing on long-term impact over short-term gains,9950
84112,7782,1341697060,RT,Not a fan of this at all. automation helping people focus on creative work,9951
110370,40303,1341697120,RE,Not a fan of this at all. stress management programs underused,9952
3807,73037,1341697180,MT,Not a fan of this at all. ecosystem restoration being underprioritized,9953
248220,12463,1341697240,RT,Not a fan of this at all. crypto bubbles forming rapidly,9954
11025,13233,1341697300,RE,Not a fan of this at all. sports opportunities being unequal,9955
2247,51889,1341697360,MT,Not a fan of this at all. content creators facing unfair criticism,9956
138860,19872,1341697420,RT,Not a fan of this at all. career mentorship unavailable for many,9957
71020,78133,1341697480,RE,Not a fan of this at all. space technology being underfunded,9958
149261,91016,1341697540,MT,Not a fan of this at all. self-improvement content overloaded,9959
53508,59195,1341697600,RT,Love this! steps toward reducing economic inequality,9960
6014,231,1341697660,RE,Love this! AI models becoming more transparent,9961
51729,26807,1341697720,MT,Love this! inadequate care for chronic illness patients,9962
529,48073,1341697780,RT,Love this! urban planning ignoring green spaces,9963
144551,15294,1341697840,RE,Love this! traditional finance ignoring innovation,9964
543,5980,1341697900,MT,Love this! overemphasis on winning over wellness,9965
50202,11967,1341697960,RT,Love this! entertainment sometimes ignoring real issues,9966
49940,49108,1341698020,RE,Love this! educational programs failing to inspire,9967
6692,35426,1341698080,MT,Love this! innovation pipelines interrupted,9968
50338,55521,1341698140,RT,Love this! healthy lifestyle advice inconsistent,9969
3726,6969,1341698200,RE,So glad to see this! steps toward reducing economic inequality,9970
26753,42354,1341698260,MT,So glad to see this! AI models becoming more transparent,9971
23866,66278,1341698320,RT,So glad to see this! inadequate care for chronic illness patients,9972
327935,93529,1341698380,RE,So glad to see this! urban planning ignoring green spaces,9973
62940,54863,1341698440,MT,So glad to see this! traditional finance ignoring innovation,9974
216038,24054,1341698500,RT,So glad to see this! overemphasis on winning over wellness,9975
34950,39888,1341698560,RE,So glad to see this! entertainment sometimes ignoring real issues,9976
249802,9822,1341698620,MT,So glad to see this! educational programs failing to inspire,9977
86845,86397,1341698680,RT,So glad to see this! innovation pipelines interrupted,9978
26078,46922,1341698740,RE,So glad to see this! healthy lifestyle advice inconsistent,9979
10111,5516,1341698800,MT,Brilliant work! steps toward reducing economic inequality,9980
46803,10916,1341698860,RT,Brilliant work! AI models becoming more transparent,9981
2866,27864,1341698920,RE,Brilliant work! inadequate care for chronic illness patients,9982
38695,188032,1341698980,MT,Brilliant work! urban planning ignoring green spaces,9983
37451,50196,1341699040,RT,Brilliant work! traditional finance ignoring innovation,9984
238524,26843,1341699100,RE,Brilliant work! overemphasis on winning over wellness,9985
25063,95603,1341699160,MT,Brilliant work! entertainment sometimes ignoring real issues,9986
71112,64993,1341699220,RT,Brilliant work! educational programs failing to inspire,9987
175283,24539,1341699280,RE,Brilliant work! innovation pipelines interrupted,9988
293620,322327,1341699340,MT,Brilliant work! healthy lifestyle advice inconsistent,9989
1274,356,1341699400,RT,Hate this. steps toward reducing economic inequality,9990
42643,229,1341699460,RE,Hate this. AI models becoming more transparent,9991
329,31290,1341699520,MT,Hate this. inadequate care for chronic illness patients,9992
140393,30179,1341699580,RT,Hate this. urban planning ignoring green spaces,9993
37964,39089,1341699640,RE,Hate this. traditional finance ignoring innovation,9994
16766,33313,1341699700,MT,Hate this. overemphasis on winning over wellness,9995
73034,7215,1341699760,RT,Hate this. entertainment sometimes ignoring real issues,9996
337192,7525,1341699820,RE,Hate this. educational programs failing to inspire,9997
9210,101118,1341699880,MT,Hate this. innovation pipelines interrupted,9998
124459,49086,1341699940,RT,Hate this. healthy lifestyle advice inconsistent,9999
