engager,target_user,timestamp,interaction,tweet,post_id
13139,13795,1341100000,RT,Nothing beats the smell of fresh bread in the morning,0
14565,2687,1341100060,RT,"Football is more than a game, it is a lifestyle",1
979,10357,1341100120,MT,Bitcoin is digital gold,2
106758,206628,1341100180,MT,Politics shapes nations and policies,3
31334,1553,1341100240,MT,Artificial intelligence transforms technology,4
50816,28273,1341100300,MT,Movies transport us to other worlds,5
36854,230115,1341100360,RT,Cars combine engineering and art,6
106658,138327,1341100420,RE,Travel opens new perspectives,7
17312,68869,1341100480,RT,iPhones revolutionize mobile tech,8
8920,130397,1341100540,RT,Milky Way spans the night sky,9
112746,50742,1341100600,MT,Chocolate cake is proof that happiness can be baked,10
59141,105407,1341100660,RE,Basketball courts are where legends are made,11
37561,50294,1341100720,RT,Ethereum powers decentralized apps,12
3141,128,1341100780,RE,Elections determine leadership,13
242244,20194,1341100840,RE,Machine learning powers AI systems,14
7785,337192,1341100900,RT,Cinema captures human emotion,15
1895,173809,1341100960,RT,Automobiles drive innovation,16
14549,201745,1341101020,MT,Exploring destinations inspires,17
253142,1500,1341101080,RT,iPhone design emphasizes simplicity,18
15214,13501,1341101140,RE,Our galaxy is vast,19
4259,197852,1341101200,MT,Freshly brewed coffee makes everything better,20
18669,33302,1341101260,RE,Soccer brings the world together,21
89949,137587,1341101320,RT,Blockchain is the future of trust,22
37803,20152,1341101380,RE,Voting is a civic duty,23
26367,22774,1341101440,RE,Deep learning mimics the human brain,24
49179,140242,1341101500,RE,Film tells powerful stories,25
110932,7783,1341101560,RT,Electric vehicles shape the future,26
50209,242935,1341101620,RE,Adventure awaits the curious,27
93965,45697,1341101680,RT,iPhone cameras capture moments,28
4994,13633,1341101740,RE,Stars light up the Milky Way,29
24742,94,1341101800,RE,A perfect pizza is a circle of joy,30
10264,43,1341101860,MT,Running clears the mind and strengthens the body,31
45605,31248,1341101920,MT,Altcoins offer diverse opportunities,32
154107,2813,1341101980,RE,Political debates inform the public,33
14721,222,1341102040,RE,Neural networks process complex data,34
7219,39523,1341102100,MT,Directors shape visions,35
101806,12931,1341102160,MT,Hybrid cars balance power and efficiency,36
14613,36415,1341102220,RE,Culture enriches the traveler,37
62903,184519,1341102280,RE,iPhone screens display vividly,38
209641,118729,1341102340,RE,Nebulae color the galaxy,39
75458,97338,1341102400,MT,"Avocado toast is more than a trend, it’s a lifestyle",40
19989,84647,1341102460,RT,Tennis is a battle of strategy and speed,41
304715,50233,1341102520,RT,DeFi is reshaping finance,42
165066,35365,1341102580,RE,Campaigns influence opinions,43
199570,236994,1341102640,MT,AI automates repetitive tasks,44
34460,11830,1341102700,RT,Actors bring characters to life,45
141049,14813,1341102760,RE,Luxury cars showcase design,46
5206,41812,1341102820,MT,Nature offers peace,47
1548,2564,1341102880,MT,iPhone performance is smooth,48
191347,49694,1341102940,RE,Black holes lurk unseen,49
425025,2001,1341103000,RE,Ice cream melts your problems away,50
420228,197205,1341103060,RT,Swimming is freedom in motion,51
116893,196346,1341103120,RE,NFTs create digital ownership,52
99104,42170,1341103180,RT,Legislation affects society,53
133894,22634,1341103240,RT,Natural language processing understands text,54
140190,59945,1341103300,RE,Screenplays craft narratives,55
182158,106951,1341103360,RE,Sports cars thrill drivers,56
2911,47608,1341103420,MT,Beaches invite relaxation,57
108134,87948,1341103480,MT,iOS updates enhance features,58
3924,16099,1341103540,RE,Galactic core is dense,59
57,12510,1341103600,MT,Homemade soup feels like a warm hug,60
73556,41828,1341103660,MT,Baseball is America’s pastime,61
10357,137329,1341103720,RE,Crypto wallets keep assets safe,62
8209,3604,1341103780,RT,Public policy guides communities,63
553,26158,1341103840,RE,Computer vision interprets images,64
139108,57257,1341103900,RE,Cinematography frames beauty,65
31171,198048,1341103960,RE,SUVs offer versatility,66
52030,27184,1341104020,RE,Mountains challenge hikers,67
52329,479,1341104080,MT,iPhone battery life improves,68
166106,349771,1341104140,MT,Spiral arms rotate,69
7801,125279,1341104200,RE,"Pancakes are flat, but joy is stacked",70
7423,6695,1341104260,RE,Cycling is the journey and the destination,71
51059,11852,1341104320,RT,Smart contracts automate agreements,72
149163,118818,1341104380,RT,Government decisions impact lives,73
27518,35527,1341104440,RE,Speech recognition enables communication,74
11025,3693,1341104500,MT,Editing controls pacing,75
237343,154451,1341104560,MT,Sedans provide comfort,76
372414,16452,1341104620,RE,Forests provide serenity,77
14893,5208,1341104680,MT,iPhone security protects data,78
86368,418,1341104740,RT,Solar System orbits the center,79
93051,2320,1341104800,RT,Spices turn a meal into an adventure,80
29477,436078,1341104860,RE,Golf requires patience and precision,81
17531,304715,1341104920,RT,Mining validates transactions,82
21296,73505,1341104980,RT,Political parties represent ideologies,83
200195,174859,1341105040,RE,AI chatbots interact with users,84
31975,231873,1341105100,RE,Soundtracks enhance mood,85
7643,1542,1341105160,RE,Hatchbacks maximize practicality,86
106282,2919,1341105220,RE,Cities bustle with life,87
85795,13584,1341105280,RT,iPhone Face ID recognizes users,88
40669,26149,1341105340,RE,Stellar nurseries form stars,89
168820,223125,1341105400,RE,Sushi is an art form you can eat,90
51715,44036,1341105460,RE,Boxing tests the limits of endurance and will,91
5207,45605,1341105520,RT,Staking earns rewards,92
181626,26691,1341105580,RE,Diplomacy resolves conflicts,93
81181,58739,1341105640,RE,Robotics integrates AI for automation,94
41395,8806,1341105700,RT,Visual effects create wonder,95
51289,192943,1341105760,MT,Coupes emphasize style,96
66483,39889,1341105820,MT,Villages offer charm,97
52908,149212,1341105880,RE,iPhone Touch ID secures access,98
38642,57738,1341105940,RE,Supernovae enrich space,99
15499,93502,1341106000,RE,Tacos are happiness folded in a tortilla,100
81405,252833,1341106060,RT,Volleyball is teamwork and timing,101
22451,3164,1341106120,RE,Crypto markets are volatile,102
143550,28516,1341106180,MT,International relations maintain peace,103
28072,50698,1341106240,RE,AI algorithms optimize decisions,104
121076,57324,1341106300,RE,Movie premieres excite fans,105
230115,12159,1341106360,RE,Convertibles embrace freedom,106
41740,5980,1341106420,RT,Road trips bring freedom,107
106089,16064,1341106480,MT,iPhone apps extend functionality,108
39420,13078,1341106540,RE,Exoplanets orbit stars,109
30298,93990,1341106600,RE,Pie is love baked into slices,110
329707,8442,1341106660,RE,Hockey is fast and unforgiving,111
70491,22781,1341106720,RE,Tokens represent value,112
154619,181626,1341106780,MT,Political campaigns mobilize voters,113
10159,59266,1341106840,RT,Predictive analytics forecasts trends,114
139108,29100,1341106900,MT,Film festivals showcase talent,115
17564,35738,1341106960,RE,Off-road vehicles conquer terrain,116
281202,31337,1341107020,RE,Rail journeys reveal landscapes,117
83127,4444,1341107080,RE,iPhone ecosystem integrates devices,118
54291,338829,1341107140,RE,Dark matter shapes the galaxy,119
49180,54265,1341107200,RT,Fresh herbs elevate any dish,120
3287,121293,1341107260,RT,Track and field push the human body to extremes,121
56698,153249,1341107320,MT,Crypto exchanges facilitate trading,122
3691,80426,1341107380,RE,Civil rights protect freedoms,123
23125,162863,1341107440,RE,Reinforcement learning improves performance,124
32445,14554,1341107500,RT,Indie films reveal innovation,125
14124,87761,1341107560,MT,Pickup trucks carry heavy loads,126
161907,55,1341107620,RT,Flights span continents,127
378310,10901,1341107680,RT,iPhone storage offers options,128
196143,191347,1341107740,RE,Galactic halo surrounds,129
37567,2700,1341107800,RE,Smoothies are a sip of health,130
46378,95921,1341107860,RE,Gymnastics combines grace with strength,131
62072,37545,1341107920,RE,Decentralization empowers users,132
71,154619,1341107980,RE,Voting rights ensure equality,133
74040,2996,1341108040,RE,AI enhances data analysis,134
197061,67282,1341108100,RE,Blockbusters draw crowds,135
108272,35993,1341108160,RE,Autonomous cars navigate roads,136
28973,50947,1341108220,RT,Cruises sail seas,137
21046,6951,1341108280,MT,iPhone connectivity is seamless,138
233226,349771,1341108340,RE,Globular clusters shine,139
191108,136629,1341108400,RT,Burgers are simple but never boring,140
2654,73461,1341108460,RE,Martial arts teach discipline and focus,141
26687,4974,1341108520,MT,Crypto adoption is growing,142
24797,891,1341108580,RT,Policy reforms drive change,143
28166,200195,1341108640,MT,AI personalizes user experiences,144
117319,130098,1341108700,MT,Animated films spark imagination,145
51638,40445,1341108760,RE,Classic cars preserve history,146
30185,11118,1341108820,RE,Backpacking fosters discovery,147
11329,103986,1341108880,RT,iPhone display is Retina,148
30487,142543,1341108940,MT,Interstellar gas drifts,149
34466,122469,1341109000,RT,Pasta nights are the best nights,150
269816,35180,1341109060,RT,Skiing is gliding over winter’s canvas,151
54214,25388,1341109120,RT,Ledger technology is transparent,152
35365,202936,1341109180,RE,Political movements inspire action,153
66811,149261,1341109240,RT,Autonomous vehicles use AI,154
70148,245594,1341109300,MT,Documentaries inform and inspire,155
51289,12324,1341109360,MT,Muscle cars show power,156
14431,40253,1341109420,RE,Luxury travel indulges comfort,157
86898,203555,1341109480,MT,iPhone audio quality impresses,158
13136,56,1341109540,MT,Cosmic dust scatters light,159
8404,42179,1341109600,RE,Cheese makes everything better,160
14889,53135,1341109660,MT,Snowboarding is freedom on a slope,161
87983,4515,1341109720,RE,Bitcoin halving impacts supply,162
330895,14661,1341109780,MT,Protests express public opinion,163
93308,131851,1341109840,MT,AI in healthcare diagnoses diseases,164
3693,82063,1341109900,MT,Biopics honor real lives,165
34333,14677,1341109960,MT,Supercars push performance,166
58736,182708,1341110020,RE,Budget travel stretches resources,167
8438,261259,1341110080,MT,iPhone video recording excels,168
60848,5245,1341110140,RT,Milky Way visible from Earth,169
3289,106558,1341110200,RE,Garlic bread is a universal language,170
34928,75493,1341110260,RT,Surfing is reading the waves,171
42287,4535,1341110320,MT,Crypto liquidity is crucial,172
53508,118818,1341110380,RT,Elected officials serve constituents,173
177652,39124,1341110440,MT,AI in finance detects fraud,174
18536,84163,1341110500,MT,Historical films teach lessons,175
735,9858,1341110560,RE,Electric motors replace combustion,176
55,79577,1341110620,MT,Solo travel builds confidence,177
4514,34796,1341110680,RT,iPhone photography features advance,178
23680,21109,1341110740,MT,Galactic center hosts Sagittarius A*,179
27682,17109,1341110800,RE,Fried chicken is comfort on a plate,180
23716,39666,1341110860,RT,Skateboarding is art in motion,181
254556,31248,1341110920,RT,Gas fees affect Ethereum transactions,182
330895,52941,1341110980,RE,Political accountability matters,183
14721,20273,1341111040,RE,AI in marketing predicts behavior,184
183404,95603,1341111100,RT,Romantic movies touch hearts,185
56011,97129,1341111160,RE,Gasoline engines power traditional cars,186
200585,56022,1341111220,RE,Group travel creates memories,187
10053,40279,1341111280,RT,iPhone AI assists tasks,188
39697,74247,1341111340,RE,Star density increases inward,189
77194,267639,1341111400,MT,Lemonade tastes like summer in a glass,190
91518,101502,1341111460,RT,Climbing challenges body and mind,191
99038,41796,1341111520,MT,Layer 2 solutions scale networks,192
24099,355057,1341111580,MT,Transparency builds trust,193
31329,3319,1341111640,RT,AI in education customizes learning,194
14134,69589,1341111700,MT,Action films thrill audiences,195
30513,22333,1341111760,RE,Diesel engines provide torque,196
45391,74375,1341111820,MT,Family trips bond loved ones,197
13235,10924,1341111880,MT,iPhone Siri responds,198
164875,302869,1341111940,MT,Outer rim is sparse,199
196228,12416,1341112000,MT,Breakfast is the most important love story of the day,200
91,28250,1341112060,RE,Rowing is rhythm and power,201
67501,3243,1341112120,MT,Crypto security is essential,202
9323,47010,1341112180,MT,Corruption undermines democracy,203
40323,106871,1341112240,MT,AI in cybersecurity identifies threats,204
3115,231873,1341112300,MT,Comedy films spark laughter,205
24932,465,1341112360,MT,Turbochargers boost performance,206
26352,34312,1341112420,MT,Travel photography captures moments,207
16344,45302,1341112480,RE,iPhone accessibility supports users,208
36417,54291,1341112540,RT,Galactic rotation curves mystery,209
281077,138412,1341112600,RE,Chocolate chip cookies are childhood memories,210
3361,61287,1341112660,MT,Wrestling is strength and technique,211
97187,59427,1341112720,MT,Public keys are identifiers,212
27066,104768,1341112780,RT,Checks and balances maintain order,213
5137,547,1341112840,MT,AI models learn from data,214
94373,70958,1341112900,MT,Horror movies evoke fear,215
13275,131668,1341112960,RT,Horsepower measures engine output,216
138800,25766,1341113020,MT,Travel journaling preserves memories,217
66279,10901,1341113080,RE,iPhone gestures navigate easily,218
46527,1373,1341113140,RE,Milky Way is billions of years old,219
8095,6069,1341113200,RE,Roasted vegetables have a magic flavor,220
31443,122175,1341113260,MT,Badminton is speed and agility,221
13700,35304,1341113320,RE,Private keys are secrets,222
25091,14160,1341113380,RT,Political ideologies guide choices,223
8099,32510,1341113440,RE,Supervised learning uses labeled data,224
32414,6,1341113500,RT,Sci-fi films explore possibilities,225
12324,73697,1341113560,RT,Torque determines pulling power,226
252516,24055,1341113620,RE,Local cuisine enriches experience,227
23395,30069,1341113680,RE,iPhone control center centralizes,228
279316,287085,1341113740,RE,Milky Way has billions of stars,229
16570,68132,1341113800,RT,A good stew is a slow-cooked hug,230
27875,49490,1341113860,RT,Table tennis is quick reflexes and strategy,231
5213,210094,1341113920,MT,Cold storage protects assets,232
181181,14664,1341113980,MT,Partisan politics create debate,233
18098,20194,1341114040,RT,Unsupervised learning finds patterns,234
21643,957,1341114100,RE,Fantasy movies build worlds,235
2907,73171,1341114160,MT,Acceleration thrills drivers,236
45884,132521,1341114220,RE,Street food delights taste buds,237
131729,103163,1341114280,MT,Widgets customize home screen,238
18487,752,1341114340,RE,Sun is a Milky Way star,239
145134,122469,1341114400,RE,Bagels are the circle of breakfast,240
8385,8606,1341114460,MT,Archery is patience and precision,241
11711,35713,1341114520,RE,Hot wallets are convenient,242
328882,314,1341114580,RT,Bipartisanship fosters compromise,243
66811,95913,1341114640,RE,Semi-supervised learning combines approaches,244
12493,22775,1341114700,RT,Mystery films create suspense,245
75083,54226,1341114760,RT,Top speed excites enthusiasts,246
186332,26079,1341114820,RE,Markets display culture,247
37437,23399,1341114880,MT,iPhone notifications manage alerts,248
33672,41725,1341114940,RE,Nearby stars include Alpha Centauri,249
67637,4372,1341115000,RE,Donuts are happiness with a hole in the middle,250
30323,228125,1341115060,RE,Fencing is duel and strategy,251
45605,31650,1341115120,MT,Crypto portfolios require strategy,252
13383,4199,1341115180,MT,Lobbying influences legislation,253
93258,51889,1341115240,RE,AI adapts to new information,254
142050,50816,1341115300,RE,Thrillers keep viewers on edge,255
170090,7540,1341115360,MT,Handling defines control,256
5136,7428,1341115420,RE,Museums educate visitors,257
36982,66279,1341115480,RE,iPhone wallpapers personalize,258
176994,6496,1341115540,RT,Orion Arm contains our system,259
10789,44126,1341115600,RE,Homemade pizza beats delivery any day,260
403,2898,1341115660,RT,Weightlifting is power and determination,261
34314,77279,1341115720,RT,Yield farming grows assets,262
243397,1993,1341115780,RE,Political campaigns fund initiatives,263
162863,31671,1341115840,RE,AI improves efficiency,264
55126,141656,1341115900,MT,Adventure movies ignite excitement,265
28652,141049,1341115960,RE,Suspension smooths ride,266
34950,31549,1341116020,RT,Historical sites tell stories,267
11891,47220,1341116080,RT,iPhone themes vary,268
497,15214,1341116140,MT,Perseus Arm stretches far,269
2001,106825,1341116200,RT,Burgers with extra cheese are a bold statement,270
206362,49695,1341116260,MT,Cheerleading is energy and spirit,271
31696,23752,1341116320,MT,Tokenomics drive ecosystems,272
318856,16546,1341116380,RT,Grassroots movements gain momentum,273
12686,69642,1341116440,MT,AI reduces human error,274
228,45004,1341116500,MT,War films depict courage,275
13256,26,1341116560,RT,Brakes ensure safety,276
37574,147149,1341116620,MT,Ancient ruins inspire awe,277
6151,43544,1341116680,RT,iPhone multitasking works,278
37532,114631,1341116740,RT,Scutum-Centaurus Arm massive,279
112746,286570,1341116800,RE,Smooth peanut butter always wins,280
69643,16959,1341116860,RE,Lacrosse is speed and skill,281
7462,22051,1341116920,RE,Crypto news moves markets,282
65210,58264,1341116980,MT,Political activism sparks change,283
9475,8942,1341117040,MT,AI powers smart assistants,284
19258,6014,1341117100,RE,Crime films unravel plots,285
116191,22333,1341117160,RE,Steering affects precision,286
447409,138800,1341117220,RE,Castles showcase history,287
16746,162152,1341117280,RT,iPhone split view aids productivity,288
131506,703,1341117340,RE,Galactic bar spans center,289
312038,8855,1341117400,MT,Fresh fruit is nature’s candy,290
67382,31240,1341117460,RE,Rugby is intensity and teamwork,291
16131,236655,1341117520,RE,Market caps reflect size,292
47477,14926,1341117580,RE,Civil discourse strengthens democracy,293
68079,7627,1341117640,MT,AI accelerates research,294
140117,90752,1341117700,RE,Musicals combine song and story,295
1912,43677,1341117760,RT,Transmission shifts gears,296
52470,36415,1341117820,MT,Temples offer spirituality,297
28253,107449,1341117880,RE,iPhone Safari browsing is fast,298
50290,33787,1341117940,RT,Milky Way merges with satellites,299
57269,7898,1341118000,RT,Salads are not boring when dressed right,300
49122,11324,1341118060,RE,Cricket is patience and skill,301
37443,7020,1341118120,MT,Trading pairs enable swaps,302
68131,42239,1341118180,RE,Media shapes political perception,303
22634,120630,1341118240,RE,AI in agriculture optimizes yield,304
46803,4537,1341118300,RE,Film scores enhance emotion,305
176111,133449,1341118360,MT,Manual gearboxes engage drivers,306
4504,62542,1341118420,RT,Churches reflect faith,307
108607,13640,1341118480,RT,iPhone Mail handles email,308
13799,26674,1341118540,MT,Magellanic Clouds orbit us,309
26334,20718,1341118600,MT,Soup weather is the best weather,310
214092,6643,1341118660,MT,Horse riding is trust and balance,311
88572,4014,1341118720,RE,Crypto charts track trends,312
8989,60525,1341118780,RE,Political scandals affect trust,313
3726,15310,1341118840,MT,AI in logistics streamlines delivery,314
3134,67215,1341118900,RE,Cinemas provide shared experiences,315
80868,11960,1341118960,MT,Automatic gearboxes offer convenience,316
85586,56733,1341119020,RE,Mosques welcome worshippers,317
86496,4704,1341119080,RT,iPhone Messages communicate,318
14564,35080,1341119140,RE,Andromeda will collide,319
33355,191108,1341119200,RT,Breakfast burritos start the day with power,320
3372,63741,1341119260,RT,Bowling is precision and patience,321
33461,12005,1341119320,RE,FOMO drives buying,322
46328,27066,1341119380,MT,Public opinion drives policy,323
151791,48502,1341119440,RE,AI in manufacturing increases productivity,324
137343,177572,1341119500,MT,Streaming platforms bring access,325
309547,48702,1341119560,MT,All-wheel drive enhances traction,326
105173,204654,1341119620,RE,Synagogues share heritage,327
1250,8438,1341119680,MT,iPhone FaceTime video calls,328
122634,39566,1341119740,MT,Milky Way motion measured,329
47828,11882,1341119800,MT,Croissants make mornings worth waking up for,330
1999,7634,1341119860,RT,Sailing is harnessing the wind,331
68266,11852,1341119920,RE,FUD drives selling,332
52926,192273,1341119980,RE,Referendums empower citizens,333
12891,240450,1341120040,RE,AI simulations test scenarios,334
30799,191790,1341120100,MT,Movie nights create memories,335
14677,9822,1341120160,RT,Front-wheel drive provides efficiency,336
70080,150297,1341120220,MT,National parks protect nature,337
172972,147538,1341120280,RE,iPhone iMessage is instant,338
3924,1284,1341120340,RT,Stellar populations differ,339
118088,13137,1341120400,RT,Chocolate pudding is silky perfection,340
38164,61891,1341120460,MT,Kayaking is rhythm and endurance,341
718,29600,1341120520,RE,HODL builds wealth,342
13811,35059,1341120580,RT,Constitutional law governs nations,343
104281,100924,1341120640,RE,AI in gaming enhances realism,344
5383,52936,1341120700,RE,Film critics analyze works,345
13620,136170,1341120760,RE,Rear-wheel drive delivers dynamics,346
56733,265301,1341120820,RE,Wildlife safaris excite,347
269899,16746,1341120880,MT,iPhone maps guide,348
189345,50964,1341120940,MT,Population I stars young,349
63773,9351,1341121000,MT,Grilled cheese is a childhood hero,350
5799,10340,1341121060,MT,Snowshoeing is winter exploration,351
97881,43549,1341121120,RE,Pump and dump are risky,352
69032,79423,1341121180,MT,Judicial decisions affect policies,353
54029,14945,1341121240,RT,AI in entertainment personalizes content,354
14454,15934,1341121300,RE,Box office measures success,355
14813,59915,1341121360,MT,Fuel efficiency saves money,356
122880,253,1341121420,RT,Camping under stars,357
83127,3979,1341121480,RE,iPhone GPS navigates,358
86822,126298,1341121540,RE,Population II stars old,359
202609,98439,1341121600,RT,Mac and cheese is comfort squared,360
7171,122438,1341121660,RT,Skating is elegance on ice,361
168893,61138,1341121720,RE,Crypto influencers shape opinion,362
64190,111780,1341121780,RE,Executive orders guide action,363
19908,43853,1341121840,MT,AI ethics guides responsible use,364
88695,7803,1341121900,RT,Film franchises continue stories,365
9858,44969,1341121960,RE,Battery range limits EVs,366
14672,21704,1341122020,MT,Hiking trails challenge,367
16435,3979,1341122080,RT,iPhone CarPlay integrates,368
51637,166106,1341122140,RE,Population III stars first,369
15217,170103,1341122200,RE,Spaghetti tastes better when twirled,370
132195,221491,1341122260,RE,Triathlon is ultimate endurance test,371
37545,116924,1341122320,RT,Regulations impact markets,372
67517,37964,1341122380,RE,Legislative processes create laws,373
39885,51889,1341122440,RT,AI biases require mitigation,374
128773,69237,1341122500,RT,Sequels expand worlds,375
10704,40398,1341122560,RT,Charging stations enable travel,376
118744,45391,1341122620,RT,Biking paths explore,377
14845,63790,1341122680,MT,iPhone AirDrop shares,378
61530,225087,1341122740,RT,White dwarfs abound,379
34268,50742,1341122800,MT,Ice cream sandwiches are double the joy,380
98762,124356,1341122860,RT,Handball is fast and furious,381
51749,126458,1341122920,RT,Crypto taxes must be tracked,382
111105,9682,1341122980,MT,Political endorsements influence elections,383
27065,24272,1341123040,MT,AI explainability builds trust,384
124957,91430,1341123100,RE,Prequels explore origins,385
43722,37503,1341123160,RE,Regenerative braking recovers energy,386
14588,29054,1341123220,MT,Ski slopes thrill,387
23399,387245,1341123280,MT,iPhone AirPlay streams,388
24197,69648,1341123340,MT,Neutron stars exist,389
93990,250519,1341123400,MT,Oatmeal is underrated but powerful,390
2373,440981,1341123460,RT,Diving is grace under pressure,391
86909,35713,1341123520,RE,Decentralized exchanges are permissionless,392
429298,299994,1341123580,RT,Political debates highlight issues,393
173141,48977,1341123640,RT,AI transparency ensures accountability,394
51745,57122,1341123700,RE,Spin-offs focus on side stories,395
85337,65709,1341123760,MT,Infotainment systems entertain passengers,396
1286,14571,1341123820,MT,Snowboarding excites,397
278797,21606,1341123880,RT,iPhone HomeKit connects,398
30487,75795,1341123940,MT,Pulsars emit beams,399
60739,129563,1341124000,RE,Waffles are a breakfast hug,400
206726,50275,1341124060,MT,Ultimate frisbee is strategy and fun,401
17531,246856,1341124120,RE,Centralized exchanges offer liquidity,402
104768,93184,1341124180,RT,Campaign promises set expectations,403
1274,33488,1341124240,RT,AI in climate science models change,404
57233,39523,1341124300,RT,Character arcs develop depth,405
378,92774,1341124360,RE,Touchscreens control functions,406
45350,154350,1341124420,MT,Surfing rides waves,407
238524,121179,1341124480,MT,iPhone Health tracks,408
7215,138060,1341124540,RT,Black hole jets,409
361415,18565,1341124600,MT,Fried eggs make mornings brighter,410
173124,67159,1341124660,RE,Track cycling is speed and tactics,411
407,135547,1341124720,RE,Crypto lending earns interest,412
50349,182825,1341124780,RE,Political platforms outline goals,413
208846,12687,1341124840,MT,AI for energy optimization saves resources,414
96067,54060,1341124900,MT,Plot twists surprise audiences,415
258985,24220,1341124960,MT,GPS navigation guides routes,416
201745,146359,1341125020,RT,Scuba diving reveals oceans,417
7942,16460,1341125080,RT,iPhone Fitness motivates,418
50265,22788,1341125140,MT,Interstellar magnetic fields,419
51444,250519,1341125200,RT,Cinnamon rolls are sticky little pieces of heaven,420
356205,135355,1341125260,RE,Rock climbing is challenge and thrill,421
17178,40780,1341125320,MT,Margin trading increases risk,422
7269,26486,1341125380,RE,Political strategy drives success,423
269219,72269,1341125440,MT,AI enhances creativity,424
75684,16313,1341125500,MT,Special effects wow viewers,425
378,3472,1341125560,RE,Smart cars connect to networks,426
4059,5478,1341125620,RT,Snorkeling discovers reefs,427
42410,23956,1341125680,MT,iPhone Apple Pay pays,428
58534,187844,1341125740,RT,Cosmic rays travel,429
92575,29417,1341125800,MT,Lasagna is layers of love,430
9155,12966,1341125860,RE,Paragliding is freedom above,431
59,182906,1341125920,RT,Crypto derivatives hedge exposure,432
18284,328882,1341125980,MT,Political polling measures support,433
71545,60512,1341126040,MT,AI supports decision-making,434
16524,54060,1341126100,MT,CGI expands possibilities,435
65099,137039,1341126160,RT,ADAS improves safety,436
810,147252,1341126220,MT,Kayaking glides rivers,437
213,103906,1341126280,RT,iPhone Wallet stores,438
120477,231650,1341126340,MT,Galactic winds blow,439
289427,63773,1341126400,RE,Pizza with pineapple is a debate worth having,440
14551,67159,1341126460,RE,Bobsledding is adrenaline and speed,441
7717,137329,1341126520,RE,Stablecoins reduce volatility,442
54796,659,1341126580,RE,Election campaigns engage voters,443
11267,70236,1341126640,RT,AI in law aids analysis,444
94373,60365,1341126700,RT,Practical effects add realism,445
31028,57024,1341126760,RT,Lane assist prevents drifting,446
2349,3984,1341126820,RE,Sailing harnesses wind,447
101738,185437,1341126880,MT,iPhone calendar organizes,448
187844,232659,1341126940,RT,Star clusters form,449
65,65008,1341127000,RT,Hot chocolate warms more than your hands,450
387522,128779,1341127060,RE,Curling is strategy and finesse,451
10815,4751,1341127120,RT,Wrapped tokens bridge networks,452
12469,54209,1341127180,MT,Political speeches inspire audiences,453
9036,73476,1341127240,RE,AI in HR streamlines recruitment,454
97179,96067,1341127300,RE,Costume design defines style,455
38865,260659,1341127360,MT,Adaptive cruise controls speed,456
191812,10232,1341127420,MT,Paragliding soars skies,457
22997,106299,1341127480,RT,iPhone reminders alert,458
225461,18901,1341127540,RE,Open clusters young,459
341871,11007,1341127600,RE,Tacos Tuesday is a tradition for a reason,460
52150,9974,1341127660,RE,Water polo is strength and endurance,461
7644,36093,1341127720,RE,Cross-chain swaps connect blockchains,462
59784,1231,1341127780,RE,Political fundraising supports initiatives,463
176894,12686,1341127840,MT,AI in customer service improves satisfaction,464
34248,8925,1341127900,MT,Set design creates immersion,465
75042,105460,1341127960,MT,Parking sensors aid maneuvering,466
29081,40478,1341128020,RT,Hot air balloons float,467
4304,157724,1341128080,MT,iPhone notes record,468
3024,5380,1341128140,MT,Globular clusters ancient,469
130629,15217,1341128200,RE,Chicken soup cures everything,470
58032,16457,1341128260,RE,Speed skating is precision and power,471
832,82974,1341128320,RT,Governance tokens enable voting,472
264996,15466,1341128380,MT,Political rallies energize supporters,473
33488,22240,1341128440,MT,AI frameworks simplify development,474
57233,12505,1341128500,RE,Makeup transforms actors,475
159599,78827,1341128560,RE,Blind spot detection warns drivers,476
2824,26352,1341128620,MT,Adventure sports test courage,477
35242,168394,1341128680,RE,iPhone voice memos capture,478
50927,28586,1341128740,RT,Galactic bulge round,479
8855,190181,1341128800,RT,Fresh bread makes a house feel like home,480
7442,40261,1341128860,RT,Kickboxing is discipline and intensity,481
10815,4375,1341128920,MT,DAO communities are decentralized,482
37685,18309,1341128980,RT,Voter registration enables participation,483
80254,77656,1341129040,MT,AI datasets require quality,484
154365,34800,1341129100,RT,Lighting sets mood,485
101854,139524,1341129160,RE,Collision avoidance prevents accidents,486
204654,26352,1341129220,MT,Eco-tourism supports conservation,487
8081,4364,1341129280,MT,iPhone contacts organize,488
139746,28557,1341129340,RT,Disk thin and wide,489
229438,48652,1341129400,RE,Smoothies are a party in a cup,490
2874,9155,1341129460,RT,"CrossFit is strength, speed, and stamina",491
204197,59343,1341129520,MT,Crypto airdrops reward users,492
62217,18309,1341129580,MT,Civic engagement strengthens democracy,493
58549,151791,1341129640,RE,AI in finance manages risk,494
17004,8767,1341129700,RE,Camera angles influence perception,495
1897,20919,1341129760,MT,Airbags protect occupants,496
114273,17676,1341129820,MT,Volunteer travel aids communities,497
71822,20373,1341129880,RT,iPhone clock alarms,498
6974,30790,1341129940,RT,Halo spherical,499
113163,33070,1341130000,RE,Yogurt with honey is simplicity at its best,500
51472,5,1341130060,RT,Obstacle courses test mind and body,501
38028,44307,1341130120,RE,Token burns reduce supply,502
13383,201077,1341130180,RE,Policy analysis informs decisions,503
22634,42112,1341130240,RT,AI in healthcare predicts outcomes,504
16607,39089,1341130300,RE,Editing shapes narrative flow,505
138860,17382,1341130360,RT,Seatbelts save lives,506
47506,58736,1341130420,MT,Roadside attractions entertain,507
218218,87948,1341130480,MT,iPhone timers manage,508
14570,92,1341130540,MT,Galactic plane visible,509
80748,14437,1341130600,RT,Roasted nuts are addictive and healthy,510
79105,2062,1341130660,MT,Mountain biking is adventure and skill,511
5213,335,1341130720,RT,Crypto forks create new chains,512
9868,18143,1341130780,MT,Political advisors guide leaders,513
73037,301250,1341130840,MT,AI speech synthesis generates voices,514
15328,24357,1341130900,MT,Sound design enriches experience,515
4363,17966,1341130960,MT,Car seats secure children,516
51746,2349,1341131020,RT,Hidden gems surprise,517
32098,16435,1341131080,RT,iPhone stopwatch tracks,518
16711,141619,1341131140,MT,Dark clouds obscure light,519
505,75448,1341131200,RT,Fish tacos are oceanic bliss,520
380767,14551,1341131260,MT,Trail running is connection with nature,521
35348,4485,1341131320,RE,Hard forks reset rules,522
89751,73077,1341131380,RT,Think tanks research policies,523
47470,42064,1341131440,RE,AI in IoT powers smart devices,524
2994,22355,1341131500,RT,Voice acting conveys emotion,525
62168,82150,1341131560,MT,Traction control prevents slipping,526
73638,379869,1341131620,RT,Local festivals celebrate,527
22997,11329,1341131680,RT,iPhone calculator computes,528
14064,51310,1341131740,MT,Emission nebulae glow,529
156400,76455,1341131800,RT,Stir-fry brings the wok to life,530
74014,28462,1341131860,RT,Snowboarding halfpipe is tricks and courage,531
5590,44246,1341131920,RT,Soft forks tweak consensus,532
132585,58744,1341131980,RE,Political commentary shapes opinions,533
42064,11946,1341132040,MT,AI enables predictive maintenance,534
88716,4285,1341132100,RE,Motion capture captures performance,535
8201,22804,1341132160,RE,Stability control prevents rollovers,536
29937,57319,1341132220,RT,Music festivals energize,537
113088,83127,1341132280,RT,iPhone weather forecasts,538
19426,32706,1341132340,RT,Reflection nebulae shine,539
306742,13222,1341132400,RT,Chocolate mousse is a dreamy dessert,540
22823,50275,1341132460,RE,Freestyle skiing is creativity and precision,541
36093,47885,1341132520,RE,Proof of Work secures networks,542
157348,73077,1341132580,RE,Opinion polls track sentiment,543
43597,419,1341132640,RT,AI in supply chain predicts demand,544
74369,99,1341132700,MT,Stunt choreography thrills viewers,545
87993,107766,1341132760,MT,Tire pressure monitors alert,546
2911,244928,1341132820,RT,Film festivals showcase,547
18168,213163,1341132880,RT,iPhone stocks monitor,548
334930,4479,1341132940,RE,Planetary nebulae fade,549
8391,60739,1341133000,MT,Curry is a flavorful adventure,550
41179,81405,1341133060,RT,Gym workouts build strength and focus,551
168172,235278,1341133120,MT,Proof of Stake saves energy,552
93184,121217,1341133180,RT,Political campaigns utilize media,553
202703,212004,1341133240,MT,AI in transportation optimizes routes,554
96067,183404,1341133300,RE,Movie posters attract attention,555
35738,132830,1341133360,MT,LED lights enhance visibility,556
57114,28973,1341133420,RE,Art festivals inspire,557
1795,88419,1341133480,RE,iPhone news informs,558
448817,191347,1341133540,RE,Supernova remnants expand,559
196228,102477,1341133600,RE,Ice cream floats are nostalgia in a glass,560
171734,30323,1341133660,RE,Yoga improves balance and flexibility,561
44371,11565,1341133720,MT,Delegated staking empowers voters,562
18143,198004,1341133780,MT,Political messaging influences voters,563
6693,22053,1341133840,RE,AI in retail personalizes shopping,564
245594,25180,1341133900,MT,Trailers build anticipation,565
44969,13074,1341133960,MT,Headlights illuminate roads,566
89020,265301,1341134020,MT,Cultural events teach,567
278811,43905,1341134080,RE,iPhone podcasts entertain,568
48437,8110,1341134140,RT,Molecular clouds collapse,569
47626,77,1341134200,RE,Quiche is brunch royalty,570
52122,120063,1341134260,RE,Pilates strengthens core and posture,571
62072,72108,1341134320,RE,Validator nodes maintain chains,572
1042,10639,1341134380,RE,Political advertising drives awareness,573
68317,141637,1341134440,MT,AI in robotics enables autonomy,574
26753,27748,1341134500,MT,Film marketing engages fans,575
89807,128799,1341134560,MT,Taillights signal presence,576
7451,132001,1341134620,RT,Parades display tradition,577
9106,220557,1341134680,RE,iPhone music plays,578
55495,136490,1341134740,RT,Protostars ignite,579
48344,73337,1341134800,RE,Pita bread opens a world of fillings,580
171734,101151,1341134860,RE,Parkour is movement art,581
376537,117155,1341134920,MT,Crypto memecoins are speculative,582
104265,640,1341134980,RE,Political endorsements signal support,583
29519,208846,1341135040,RE,AI in language translation bridges gaps,584
265816,12183,1341135100,RT,Merchandising extends experience,585
64313,71141,1341135160,MT,Fog lights improve vision,586
59636,14728,1341135220,MT,Religious ceremonies respect,587
55955,22740,1341135280,MT,iPhone Apple Music streams,588
191347,32502,1341135340,RE,Main sequence stars,589
47828,10789,1341135400,RT,Fried rice is comfort in a bowl,590
110223,3998,1341135460,RE,Street basketball is creativity and fun,591
40293,108383,1341135520,RT,Liquidity pools provide capital,592
16715,39071,1341135580,RE,Political leadership requires responsibility,593
23648,547,1341135640,MT,AI in media personalizes recommendations,594
179509,34226,1341135700,MT,Cultural impact shapes society,595
34806,6671,1341135760,RE,Alloy wheels add style,596
27135,74783,1341135820,RE,Architectural wonders impress,597
56304,20367,1341135880,MT,iPhone TV streams,598
195029,12595,1341135940,RT,Red giants expand,599
20276,68399,1341136000,RE,Bagel sandwiches are handheld joy,600
421847,4602,1341136060,MT,"Beach volleyball is sun, sand, and skill",601
718,87431,1341136120,RE,Impermanent loss is a risk,602
137166,220962,1341136180,MT,Diplomatic negotiations resolve conflicts,603
12686,39124,1341136240,RT,AI in social media detects trends,604
40749,5006,1341136300,MT,Movies reflect social issues,605
15188,30486,1341136360,RT,Tires grip surfaces,606
119333,106658,1341136420,MT,Bridges connect,607
95629,12466,1341136480,RE,iPhone movies view,608
55239,115447,1341136540,RE,White dwarfs cool,609
166169,8095,1341136600,RT,Smoothie bowls are colorful and delicious,610
106789,983,1341136660,RE,Marathons are endurance and determination,611
30383,7566,1341136720,RE,Crypto bridges link ecosystems,612
70786,2180,1341136780,MT,International treaties formalize agreements,613
141739,297144,1341136840,RT,AI models require training,614
67282,5082,1341136900,MT,Films inspire change,615
2907,5965,1341136960,MT,Suspension tuning adjusts comfort,616
439,408905,1341137020,RE,Skyscrapers define skyline,617
338389,462,1341137080,RE,iPhone books read,618
122634,33569,1341137140,RT,Neutron stars dense,619
129211,43723,1341137200,MT,Lemon tart is a sweet and tangy delight,620
14551,41828,1341137260,MT,Sprint races are explosive speed,621
82858,204197,1341137320,RT,Layer 1 chains are foundational,622
154619,182011,1341137380,MT,Trade agreements impact economies,623
464,1665,1341137440,MT,AI training needs computing power,624
16216,78425,1341137500,RE,Cinema preserves history,625
1959,31028,1341137560,RE,Shock absorbers absorb bumps,626
3290,71549,1341137620,RE,Lighthouses guide,627
18451,101738,1341137680,RE,iPhone App Store downloads,628
26674,7819,1341137740,RE,Black holes massive,629
44126,272131,1341137800,RT,Chicken wings are a party on a plate,630
173124,20359,1341137860,MT,Relay races are teamwork and trust,631
41796,50325,1341137920,RT,Layer 2 chains scale solutions,632
5335,65282,1341137980,RT,Political alliances form coalitions,633
11438,255849,1341138040,RE,AI evaluation measures performance,634
11326,78220,1341138100,RE,Film archives store heritage,635
388737,86048,1341138160,MT,Struts support suspension,636
204768,5282,1341138220,RT,Parks relax,637
25661,113088,1341138280,RT,iPhone iCloud syncs,638
4885,98905,1341138340,RE,Star formation active,639
250519,13139,1341138400,RE,Sourdough has character and charm,640
124861,216,1341138460,RE,Judo is technique and strength,641
2221,98645,1341138520,RT,Sidechains extend functionality,642
3141,106758,1341138580,RT,Coalition governments share power,643
47685,60512,1341138640,RT,AI testing ensures reliability,644
11326,116683,1341138700,RT,Classic films endure,645
13916,39096,1341138760,RT,Springs maintain ride height,646
29264,106658,1341138820,RT,Gardens bloom,647
141501,157722,1341138880,RE,iPhone backup protects,648
1415,40886,1341138940,MT,Star death spectacular,649
93990,91500,1341139000,MT,Ramen is a bowl of soul,650
15039,13131,1341139060,MT,Karate is discipline and focus,651
286739,27982,1341139120,RE,Blockchain explorers track data,652
960,137247,1341139180,MT,Political compromise achieves progress,653
36176,43597,1341139240,RT,AI in cybersecurity prevents attacks,654
19366,17122,1341139300,RT,Cult films gain devoted fans,655
323,55401,1341139360,MT,Chassis affects handling,656
23477,2911,1341139420,RE,Botanical gardens enchant,657
40796,154462,1341139480,MT,iPhone find my iPhone locates,658
2676,56333,1341139540,RE,Galactic evolution ongoing,659
112127,93688,1341139600,RE,Chocolate bark is simple indulgence,660
122438,113517,1341139660,MT,Taekwondo is speed and precision,661
24395,10815,1341139720,MT,Crypto oracles provide real-world info,662
9912,267269,1341139780,MT,Policy debates shape legislation,663
72339,33488,1341139840,MT,AI in surveillance enhances security,664
239782,65097,1341139900,RT,Indie films push boundaries,665
598,16523,1341139960,RE,Body panels define shape,666
30946,130816,1341140020,RE,Zoos entertain,667
11152,71020,1341140080,RE,iPhone settings customize,668
222578,13136,1341140140,RE,Milky Way rotates,669
19424,29417,1341140200,MT,Muffins are breakfast’s gentle touch,670
13798,2373,1341140260,RE,Kickball is fun and nostalgia,671
34797,12375,1341140320,RE,Decentralized apps solve problems,672
329706,93751,1341140380,MT,Legislative sessions pass laws,673
28872,8889,1341140440,RE,AI decision support aids professionals,674
677,95377,1341140500,RT,Experimental cinema challenges norms,675
4910,136170,1341140560,MT,Aerodynamics reduce drag,676
52669,73485,1341140620,RT,Aquariums fascinate,677
8598,32207,1341140680,MT,iPhone battery health informs,678
43793,73319,1341140740,MT,Differential rotation,679
4372,37009,1341140800,MT,Roasted garlic transforms any dish,680
15039,169287,1341140860,RT,Softball is teamwork and strategy,681
4368,18231,1341140920,MT,Web3 enables a new internet,682
93167,18284,1341140980,RE,Committee hearings examine issues,683
419,27043,1341141040,RE,AI in art generates creations,684
6928,542,1341141100,MT,Film genres diversify,685
658,133449,1341141160,RT,Spoilers enhance stability,686
132650,4893,1341141220,RT,Historical tours enlighten,687
9914,10300,1341141280,RE,iPhone low power mode saves,688
11945,233226,1341141340,MT,Spiral density waves,689
248220,308781,1341141400,MT,Bruschetta is a bite of Italy,690
12966,86184,1341141460,MT,Table football is quick reflexes,691
38028,24514,1341141520,MT,Crypto adoption is global,692
20751,118818,1341141580,RE,Political activism promotes change,693
209524,187458,1341141640,RE,AI in music composes tracks,694
80257,980,1341141700,RE,Cross-genre films innovate,695
13820,324281,1341141760,MT,Ground clearance matters,696
33642,161907,1341141820,RT,Guided tours inform,697
96291,33601,1341141880,MT,iPhone airplane mode disconnects,698
97478,24197,1341141940,MT,Galactic bar rotates,699
158955,20276,1341142000,RE,Porridge is slow morning comfort,700
75797,37271,1341142060,MT,Dodgeball is agility and fun,701
49685,7566,1341142120,RT,Bitcoin dominance fluctuates,702
20,50282,1341142180,RE,Civil society organizations advocate,703
100924,79648,1341142240,MT,AI in movies enhances effects,704
62216,62666,1341142300,RT,Remakes revisit classics,705
89784,327,1341142360,RE,Wheelbase affects ride,706
67580,251241,1341142420,RT,Self-guided tours explore,707
150890,74346,1341142480,MT,iPhone do not disturb silences,708
33386,51849,1341142540,MT,Interarm regions quiet,709
58095,91500,1341142600,RT,Meatballs in tomato sauce are ultimate comfort,710
91359,122175,1341142660,MT,Ping pong is fast reflexes,711
176522,13076,1341142720,RT,Altcoin season excites traders,712
23318,267269,1341142780,RT,Non-governmental organizations influence policy,713
53965,187458,1341142840,MT,AI in education tutors students,714
177746,168548,1341142900,RE,Reboots refresh stories,715
61515,17564,1341142960,RT,Curb weight influences performance,716
765,30185,1341143020,MT,Walking tours reveal details,717
6680,92315,1341143080,RE,iPhone screen time monitors,718
8110,5160,1341143140,RT,Dust lanes dark,719
14154,16440,1341143200,RE,Spinach salad with nuts is surprisingly delightful,720
166451,122123,1341143260,RE,Rowing regattas are coordination and power,721
5207,28476,1341143320,RE,Crypto trends change fast,722
9176,49159,1341143380,RT,Political lobbying targets decision-makers,723
142290,23769,1341143440,RE,AI in games creates smarter NPCs,724
203863,56892,1341143500,MT,Adaptations translate literature,725
69815,51289,1341143560,RE,Interior design adds comfort,726
147396,140013,1341143620,MT,City tours navigate streets,727
65003,58569,1341143680,MT,iPhone parental controls manage,728
215057,41725,1341143740,RE,Milky Way photographed,729
20276,435809,1341143800,MT,Cheesecake is creamy happiness,730
53135,160725,1341143860,RT,Speed climbing is thrill and precision,731
60995,12389,1341143920,RE,Token swaps are common,732
86066,195232,1341143980,RE,Campaign strategy maximizes influence,733
31534,137271,1341144040,RE,AI in finance predicts stock trends,734
23761,154365,1341144100,MT,Comics inspire movies,735
34181,21585,1341144160,MT,Leather seats feel luxurious,736
253,288604,1341144220,RT,Heritage tours preserve culture,737
76290,9278,1341144280,RE,iPhone accessibility options support,738
116966,10128,1341144340,RE,Astrophotography popular,739
60739,7279,1341144400,RE,Falafel is crunchy vegetarian joy,740
165916,252833,1341144460,RE,Powerlifting is raw strength,741
39074,37545,1341144520,RT,Crypto charts reveal patterns,742
9191,32424,1341144580,MT,Voter turnout impacts results,743
151791,48780,1341144640,RT,AI in healthcare suggests treatments,744
7219,21643,1341144700,RE,Video games become films,745
1542,56725,1341144760,RE,Climate control regulates temperature,746
74783,191812,1341144820,MT,Food tours taste local,747
48190,8073,1341144880,RT,iPhone magnifier enlarges,748
23866,50241,1341144940,RE,Galactic center studied,749
35353,11449,1341145000,MT,Nachos are a party starter,750
42034,4794,1341145060,MT,Trail biking is adventure,751
69238,38711,1341145120,RT,Candle charts show sentiment,752
17468,453313,1341145180,RE,Electoral systems determine representation,753
3726,46112,1341145240,RE,AI in law predicts case outcomes,754
18700,73478,1341145300,MT,Fan films celebrate passion,755
9822,14578,1341145360,MT,Heated seats add warmth,756
3424,95020,1341145420,RE,Wine tours savor flavors,757
39752,108134,1341145480,RT,iPhone voice control operates,758
37528,164483,1341145540,RT,Infrared reveals,759
21537,16440,1341145600,MT,Croquette is a crispy little treasure,760
30525,77432,1341145660,MT,Obstacle racing is mind and body challenge,761
122030,105315,1341145720,RT,Volume indicates interest,762
24031,71871,1341145780,MT,Political reform addresses inequities,763
126181,28166,1341145840,RT,AI in research accelerates discovery,764
85042,179483,1341145900,MT,Short films condense storytelling,765
60496,115382,1341145960,RT,Infotainment speakers provide sound,766
154350,106658,1341146020,MT,Beer tours enjoy brews,767
1250,90235,1341146080,MT,iPhone hearing aids connect,768
93162,84589,1341146140,RE,Radio waves penetrate,769
39636,88215,1341146200,MT,Fruit tarts are art on a plate,770
4602,134560,1341146260,RE,Skydiving is freedom and courage,771
59027,13881,1341146320,MT,Market depth shows liquidity,772
137247,308,1341146380,RE,Constitutional amendments change governance,773
154581,367,1341146440,RT,AI in marketing targets campaigns,774
85437,6704,1341146500,RT,Feature films immerse fully,775
81596,128768,1341146560,RT,Sunroofs bring light,776
43210,16783,1341146620,RT,Coffee tours energize,777
108607,11956,1341146680,RT,iPhone braille displays compatible,778
449128,50964,1341146740,RT,X-rays detect high energy,779
281077,120742,1341146800,MT,Shepherd’s pie warms both body and soul,780
5011,423163,1341146860,RT,BMX racing is speed and control,781
91115,85083,1341146920,RT,Crypto signals guide trades,782
47477,50769,1341146980,MT,Judicial reviews interpret laws,783
75606,40275,1341147040,RE,AI in social media moderates content,784
47175,80477,1341147100,RE,Mini-series explore depth,785
13813,11555,1341147160,RE,Panoramic roofs expand views,786
165970,18701,1341147220,RE,Cooking classes teach,787
16242,11329,1341147280,RE,iPhone shortcuts automate,788
60848,2684,1341147340,RE,Gamma rays trace events,789
15217,110370,1341147400,MT,Smoothie popsicles are summer in your mouth,790
959,88951,1341147460,MT,Triathlons test endurance,791
117882,225908,1341147520,RE,Stop losses protect capital,792
7790,9254,1341147580,RE,Supreme courts set precedents,793
41477,236994,1341147640,MT,AI in agriculture monitors crops,794
67204,11095,1341147700,MT,Streaming series reach audiences,795
19253,32532,1341147760,RE,Convertible tops fold,796
20683,248648,1341147820,RE,Language classes enhance travel,797
278811,40303,1341147880,RT,iPhone automation simplifies,798
6534,33476,1341147940,MT,Microlensing finds planets,799
20287,195528,1341148000,RT,Breakfast sandwiches make mornings manageable,800
116495,135355,1341148060,RE,Ironman competitions challenge limits,801
49610,205,1341148120,RT,Take profits secure gains,802
280909,88838,1341148180,MT,Political accountability enforces responsibility,803
6686,20385,1341148240,RE,AI in space exploration navigates probes,804
8512,280798,1341148300,MT,Box office hits dominate,805
61318,129824,1341148360,MT,Windows tint for privacy,806
56733,42,1341148420,RT,Travel apps assist,807
42916,13938,1341148480,MT,iPhone widgets show,808
32706,225461,1341148540,RT,Exoplanets discovered,809
26611,57269,1341148600,RE,Pulled pork sliders are messy perfection,810
132832,66750,1341148660,MT,Soccer penalty kicks are pressure moments,811
72108,82858,1341148720,MT,Trading bots execute strategies,812
64190,49434,1341148780,RE,Transparency initiatives prevent corruption,813
27065,12265,1341148840,MT,AI in weather prediction forecasts storms,814
127479,6435,1341148900,RT,Independent films shine,815
21288,44969,1341148960,RT,Mirrors reflect surroundings,816
62619,288158,1341149020,RE,Maps guide,817
4639,462,1341149080,MT,iPhone live text recognizes,818
7215,89805,1341149140,RT,Stellar motions tracked,819
128458,50408,1341149200,RE,Chocolate fondue brings everyone together,820
5011,30478,1341149260,RT,Basketball free throws are focus and calm,821
49610,806,1341149320,RE,Crypto indexes track performance,822
13811,70102,1341149380,MT,Freedom of speech protects expression,823
103439,229447,1341149440,MT,AI in energy predicts consumption,824
92781,91430,1341149500,MT,Foreign films broaden perspective,825
36312,12465,1341149560,MT,Wipers maintain visibility,826
101118,52087,1341149620,MT,GPS navigates,827
43516,275111,1341149680,RE,iPhone visual lookup identifies,828
166763,83695,1341149740,RT,Proper motion measured,829
6657,3252,1341149800,RE,Baked brie is cheesy heaven,830
64547,16822,1341149860,MT,Football touchdowns are glory,831
40293,140517,1341149920,RT,Liquidity mining earns rewards,832
170665,120179,1341149980,RE,Press freedom monitors politics,833
2485,202703,1341150040,MT,AI in environment models ecosystems,834
4537,3134,1341150100,MT,Subtitles enable understanding,835
48745,132751,1341150160,RT,Windshield defrosts ice,836
14621,10232,1341150220,MT,Public transport connects,837
10033,8913,1341150280,MT,iPhone focus mode blocks,838
16174,52512,1341150340,MT,Radial velocity known,839
12483,240790,1341150400,RT,Pecan pie is nutty comfort,840
67159,33758,1341150460,RE,Baseball home runs are celebration,841
40293,106,1341150520,RT,Token staking compounds gains,842
13233,92066,1341150580,MT,Media coverage informs citizens,843
29519,1665,1341150640,RE,AI in defense enhances strategy,844
43440,17939,1341150700,RE,Dubbing localizes content,845
27484,366295,1341150760,MT,Doors provide access,846
55,32564,1341150820,RE,Trains run efficiently,847
4514,8381,1341150880,RT,iPhone notifications filter,848
1415,24007,1341150940,RE,Cepheid variables distance,849
144204,8855,1341151000,RT,Chicken curry smells like home,850
135369,24082,1341151060,RT,Hockey slap shots are power,851
62607,54030,1341151120,RE,NFTs represent digital art,852
67950,80087,1341151180,RT,Political analysis provides insight,853
34049,96202,1341151240,RE,AI in transportation improves safety,854
232237,86845,1341151300,RE,Film festivals celebrate artistry,855
49323,74228,1341151360,RT,Hood covers engine,856
57319,103451,1341151420,MT,Buses reach everywhere,857
126428,13640,1341151480,RE,iPhone privacy features protect,858
22788,9797,1341151540,RE,RR Lyrae variables distance,859
9850,164933,1341151600,RE,Veggie burgers prove flavor isn’t all meat,860
27145,22450,1341151660,RE,Tennis aces are precision,861
177442,31650,1341151720,RT,Utility tokens offer access,862
68729,12469,1341151780,RE,Policy research guides action,863
8460,18575,1341151840,MT,AI in construction optimizes planning,864
133418,6551,1341151900,RT,Awards recognize excellence,865
86048,105601,1341151960,RT,Trunk stores cargo,866
50305,94553,1341152020,RE,Subways speed commute,867
98204,2347,1341152080,RE,iPhone location services control,868
7937,8757,1341152140,RT,Parallax measures nearby stars,869
147241,11007,1341152200,MT,Garlic shrimp is seafood magic,870
10446,135369,1341152260,RE,Golf holes-in-one are rare triumphs,871
1961,309611,1341152320,RE,Security tokens are regulated,872
68282,18284,1341152380,RT,Political education fosters informed voters,873
154581,124534,1341152440,MT,AI in manufacturing predicts failures,874
1431,40266,1341152500,RE,Oscars honor achievement,875
9162,132830,1341152560,RT,Fuel tank holds energy,876
59636,52087,1341152620,MT,Trams glide streets,877
223014,103906,1341152680,MT,iPhone app tracking transparency,878
123162,92,1341152740,RT,Galactic archeology studies history,879
9021,196228,1341152800,RE,Bagels with cream cheese are a classic love story,880
1999,983,1341152860,MT,Boxing knockouts are decisive,881
37545,50325,1341152920,MT,Crypto collectibles are unique,882
54023,17538,1341152980,MT,Public debates encourage discussion,883
46922,10159,1341153040,MT,AI in logistics improves efficiency,884
25440,957,1341153100,RT,Golden Globes highlight talent,885
98493,16304,1341153160,MT,Exhaust system releases gases,886
98931,13641,1341153220,MT,Taxis provide service,887
10924,56518,1341153280,MT,iPhone camera modes vary,888
10128,12473,1341153340,RT,Chemical composition analyzed,889
14415,867,1341153400,RE,Roasted carrots are sweet and simple,890
15769,30324,1341153460,RE,Swimming relays are teamwork,891
152658,3164,1341153520,RT,Metaverse integrates blockchain,892
37803,190358,1341153580,RE,Town halls engage communities,893
11521,55185,1341153640,RT,AI in retail recommends products,894
13660,28854,1341153700,MT,Cannes celebrates international cinema,895
2287,4433,1341153760,RE,Catalytic converter reduces emissions,896
20246,379869,1341153820,RT,Rideshares offer convenience,897
165058,108134,1341153880,RT,iPhone portrait mode blurs,898
42909,10650,1341153940,RE,Metallicity varies,899
38040,21537,1341154000,RT,Cobb salad is a full meal in a bowl,900
19989,54892,1341154060,RT,Gymnastics flips are grace and courage,901
368167,77279,1341154120,RT,Crypto gaming rewards play,902
248,57452,1341154180,MT,Political forums facilitate dialogue,903
229447,55185,1341154240,RE,AI in entertainment customizes experiences,904
4537,54488,1341154300,MT,Sundance supports indie filmmakers,905
136170,50286,1341154360,RE,Muffler lowers noise,906
111728,59977,1341154420,RT,Car rentals allow freedom,907
20399,325,1341154480,RT,iPhone night mode illuminates,908
12462,61753,1341154540,MT,Stellar age estimated,909
63773,425025,1341154600,MT,Shepherd’s pie is a hug in a dish,910
9906,88515,1341154660,RT,Diving somersaults are perfection,911
77279,806,1341154720,MT,Virtual real estate is scarce,912
22630,14166,1341154780,RT,Political speeches rally support,913
10765,137200,1341154840,RE,AI in music recommends songs,914
307771,65411,1341154900,RE,Critics influence perception,915
40398,4910,1341154960,MT,Oil keeps engine lubricated,916
261489,12352,1341155020,RT,Bikes offer flexibility,917
8081,134095,1341155080,MT,iPhone cinematic mode films,918
131538,165741,1341155140,RT,Milky Way compared,919
16188,6136,1341155200,RE,Cornbread is golden joy,920
34283,27029,1341155260,RE,Skateboarding tricks are creativity,921
41383,50266,1341155320,RE,Blockchain social media empowers users,922
77616,34625,1341155380,RT,Campaign literature informs voters,923
335212,285443,1341155440,RE,AI in video games personalizes play,924
129456,3772,1341155500,RE,Reviews guide viewers,925
280,4984,1341155560,RE,Coolant prevents overheating,926
8468,93032,1341155620,RE,Scooters zip,927
144403,232,1341155680,RE,iPhone slo-mo records,928
3606,16527,1341155740,RT,Local Group includes,929
8970,39351,1341155800,RE,Apple crisp is cozy dessert,930
10987,69611,1341155860,RE,Surfing big waves is thrill,931
49089,114159,1341155920,RE,Crypto analytics reveal insights,932
14664,49342,1341155980,RE,Political advertisements persuade,933
180857,8956,1341156040,RT,AI in communication translates languages,934
85735,426646,1341156100,RT,Audience reactions matter,935
42354,406640,1341156160,RT,Battery starts vehicle,936
5282,23278,1341156220,RE,Ferries cross waters,937
59195,58569,1341156280,RT,iPhone time-lapse captures,938
192549,74270,1341156340,RT,Andromeda nearby,939
68758,120742,1341156400,RT,Fruit salad is nature’s candy,940
16457,6912,1341156460,RT,Mountain climbing summits are achievement,941
6948,68313,1341156520,RE,On-chain data tracks behavior,942
140402,106758,1341156580,RE,Grassroots organizing mobilizes citizens,943
120373,7825,1341156640,RT,AI in healthcare monitors patients,944
489,106375,1341156700,RT,Social media spreads buzz,945
74036,7783,1341156760,RT,Alternator charges electronics,946
45082,2138,1341156820,MT,Flights connect cities,947
383,20373,1341156880,MT,iPhone panoramic photos expand,948
20968,28455,1341156940,MT,Triangulum galaxy,949
305,55291,1341157000,RT,Mushroom risotto is creamy perfection,950
58032,1828,1341157060,MT,Cycling time trials are endurance,951
9951,31650,1341157120,RT,Wallet activity shows adoption,952
198004,53966,1341157180,MT,Political demonstrations express views,953
28166,64280,1341157240,MT,AI in finance detects anomalies,954
45004,21643,1341157300,MT,Film blogs share insight,955
26289,174836,1341157360,MT,Starter motor initiates engine,956
69127,1390,1341157420,RE,Airports busy hubs,957
269899,184519,1341157480,MT,iPhone macro shots close,958
20187,81,1341157540,MT,Satellite galaxies orbit,959
9107,117539,1341157600,RT,Pulled chicken tacos are easy weeknight bliss,960
14551,79105,1341157660,RE,Marathon finishes are victory,961
24033,171,1341157720,MT,Gas optimization saves fees,962
28493,211,1341157780,RT,Peaceful protests advocate change,963
81181,202703,1341157840,RE,AI in marketing analyzes trends,964
63,121553,1341157900,RT,Podcasts discuss cinema,965
6793,22333,1341157960,RE,Drive shaft transmits power,966
1416,41655,1341158020,MT,Travel agencies plan,967
101738,23159,1341158080,RE,iPhone ultra wide lens captures,968
89010,342688,1341158140,RE,Dark matter halo surrounds,969
16570,35372,1341158200,MT,Grilled vegetables taste smoky and rich,970
57279,59893,1341158260,RE,Ski jumps are courage,971
17647,8603,1341158320,MT,Token approvals grant access,972
2160,31957,1341158380,RT,Civil disobedience challenges policies,973
82566,29296,1341158440,RT,AI in education evaluates performance,974
35535,239782,1341158500,RT,Interviews reveal process,975
8517,5741,1341158560,MT,Differential splits torque,976
90107,77595,1341158620,MT,Itineraries organize,977
20399,90083,1341158680,RT,iPhone telephoto lens zooms,978
56449,6496,1341158740,RE,Galaxy mergers happen,979
136594,3999,1341158800,RE,French toast is breakfast luxury,980
24923,221491,1341158860,MT,Snowboard tricks are style,981
49610,300860,1341158920,RT,Crypto scams require caution,982
2350,997,1341158980,RT,Political petitions gather support,983
14625,56756,1341159040,RT,AI in robotics automates factories,984
191834,77167,1341159100,MT,Behind-the-scenes show craft,985
90495,40744,1341159160,MT,CV joints allow movement,986
18097,413601,1341159220,RE,Travel blogs inspire,987
50401,165058,1341159280,RT,iPhone optical zoom magnifies,988
212194,14564,1341159340,RE,Tidal streams visible,989
9707,65008,1341159400,MT,Baked potatoes are simple and satisfying,990
91518,57942,1341159460,MT,Rowing sprints are power,991
287256,2568,1341159520,RT,Rug pulls are dangerous,992
11991,60525,1341159580,MT,Community outreach educates public,993
15295,992,1341159640,RT,AI in surveillance detects anomalies,994
7501,108925,1341159700,RE,Documentaries on filmmaking educate,995
50286,34333,1341159760,MT,Brakes include discs and drums,996
41655,153105,1341159820,RE,Travel vlogs capture experience,997
19880,22814,1341159880,MT,iPhone digital zoom enlarges,998
16711,12478,1341159940,RE,Intergalactic medium,999
197852,81190,1341160000,RE,Chocolate brownies are intense happiness,1000
128932,269816,1341160060,RT,Wrestling pins are dominance,1001
16538,47885,1341160120,RE,Phishing attacks steal assets,1002
330895,70786,1341160180,MT,Political fundraising supports initiatives,1003
29482,5375,1341160240,MT,AI in customer service responds quickly,1004
2634,677,1341160300,RE,Movie trivia entertains fans,1005
195848,143548,1341160360,RT,Brake pads wear over time,1006
150297,62619,1341160420,MT,Social media shares trips,1007
2670,43719,1341160480,RT,iPhone HDR enhances,1008
192549,74295,1341160540,MT,Cosmic filaments connect,1009
1160,272131,1341160600,RE,Tomato soup and grilled cheese is a classic combo,1010
58032,170806,1341160660,RE,Archery bullseyes are skill,1011
24033,77516,1341160720,RT,Crypto insurance mitigates risk,1012
7790,144026,1341160780,RE,Donor contributions finance campaigns,1013
35950,44946,1341160840,RT,AI in social media curates content,1014
394034,84902,1341160900,RE,Easter eggs delight viewers,1015
39093,14575,1341160960,RT,Brake fluid transfers pressure,1016
3138,58074,1341161020,MT,Travel forums advise,1017
10053,10033,1341161080,MT,iPhone panorama stitching,1018
122634,14070,1341161140,MT,Milky Way in Virgo Supercluster,1019
48532,102477,1341161200,RT,Stuffed peppers are a colorful meal,1020
35772,16140,1341161260,RE,Fencing lunges are precision,1021
376537,1907,1341161320,RT,Layer 2 rollups reduce congestion,1022
140402,18309,1341161380,RE,Political endorsements boost credibility,1023
36363,79494,1341161440,MT,AI in agriculture optimizes irrigation,1024
1945,35535,1341161500,RE,Cameos surprise audiences,1025
735,375095,1341161560,RE,Steering wheel directs wheels,1026
223,48271,1341161620,RT,Travel reviews guide,1027
4309,4182,1341161680,RT,iPhone photo editing edits,1028
131506,14600,1341161740,MT,Galaxy cluster members,1029
12344,77194,1341161800,RT,Guacamole is green gold,1030
983,122438,1341161860,MT,Weightlifting clean and jerk is power,1031
192260,31585,1341161920,RE,Sharding scales networks,1032
252361,18309,1341161980,MT,Political coalitions build strength,1033
126181,8943,1341162040,MT,AI in energy manages grids,1034
12183,105143,1341162100,RT,Directorial style defines film,1035
237343,6350,1341162160,RE,Power steering eases turning,1036
14431,39928,1341162220,RT,Packing efficiently saves stress,1037
4309,30069,1341162280,MT,iPhone filters apply,1038
3924,67721,1341162340,RE,Hubble maps universe,1039
136594,93688,1341162400,RT,Lemonade with mint is refreshing magic,1040
7599,95921,1341162460,RT,Cheer stunts are teamwork,1041
235278,227066,1341162520,RE,Lightning network speeds Bitcoin,1042
13383,69891,1341162580,RE,Partisan alignment influences votes,1043
316,48073,1341162640,RE,AI in transport predicts traffic,1044
773,10925,1341162700,RT,Auteur theory emphasizes vision,1045
37162,1959,1341162760,RT,Shock absorbers damp vibrations,1046
2308,64864,1341162820,RE,Luggage carries essentials,1047
36224,8913,1341162880,RE,iPhone live photos move,1048
176994,12463,1341162940,RE,Galactic simulations,1049
8404,86906,1341163000,MT,Homemade ice cream beats store-bought every time,1050
1104,2687,1341163060,MT,Lacrosse goals are celebration,1051
9100,117882,1341163120,RE,Sidechains expand functionality,1052
69253,7269,1341163180,MT,Bipartisan efforts foster cooperation,1053
553,62673,1341163240,RT,AI in defense identifies threats,1054
244219,34800,1341163300,RE,Collaborative filmmaking succeeds,1055
4910,75966,1341163360,RT,Suspension bushings isolate noise,1056
30857,17655,1341163420,RT,Backpacks are versatile,1057
118480,12641,1341163480,MT,iPhone memories create,1058
92809,50964,1341163540,RE,Milky Way future predicted,1059
44126,94,1341163600,MT,Eggplant parmesan is veggie comfort,1060
4602,148702,1341163660,RT,Rugby tries are effort rewarded,1061
20522,44246,1341163720,MT,Crypto DAOs govern collectively,1062
2059,106758,1341163780,RE,Cross-party collaboration solves issues,1063
60512,66278,1341163840,MT,AI in environment models climate,1064
170163,49440,1341163900,RE,Production teams work together,1065
9003,175211,1341163960,MT,Control arms position wheels,1066
122680,6742,1341164020,RE,Suitcases roll,1067
91840,23694,1341164080,MT,iPhone albums organize,1068
171180,37532,1341164140,RE,Collision with Andromeda,1069
51168,125816,1341164200,RE,Pesto pasta is a fragrant delight,1070
58742,8442,1341164260,RT,Cricket wickets are strategic,1071
6308,116924,1341164320,RT,Crypto voting is decentralized,1072
10685,2055,1341164380,MT,Legislative compromise passes laws,1073
137451,38250,1341164440,RT,AI in science analyzes data,1074
6945,13239,1341164500,MT,Producers manage logistics,1075
80009,26,1341164560,RE,Ball joints allow movement,1076
14571,170862,1341164620,RT,Duffel bags flexible,1077
1298,36982,1341164680,MT,iPhone shared albums collaborate,1078
171466,449128,1341164740,MT,Elliptical galaxy forms,1079
8786,51444,1341164800,MT,Carrot cake is moist and sweet,1080
9851,41179,1341164860,RT,Horse jumps are trust,1081
10741,117155,1341164920,RE,Token issuance funds projects,1082
40214,41385,1341164980,MT,Executive leadership enforces policies,1083
33719,120908,1341165040,MT,AI in research accelerates insights,1084
45463,8512,1341165100,MT,Screenwriters craft dialogue,1085
1852,6231,1341165160,MT,Wheel bearings support rotation,1086
101118,26681,1341165220,RT,Travel accessories helpful,1087
147538,10365,1341165280,RE,iPhone photo library stores,1088
44125,51310,1341165340,RT,Star formation bursts,1089
147804,12344,1341165400,MT,Bruschetta with tomatoes is simple perfection,1090
73461,101502,1341165460,RE,Bowling strikes are satisfaction,1091
38711,101872,1341165520,MT,Crypto fundraising is innovative,1092
93062,31957,1341165580,RT,Cabinet appointments guide departments,1093
65377,27436,1341165640,MT,AI in law assists review,1094
106226,128382,1341165700,RT,Actors interpret scripts,1095
7570,22333,1341165760,RT,Tires vary by season,1096
265613,138856,1341165820,RT,Travel insurance protects,1097
90227,7340,1341165880,RE,iPhone iCloud Photos syncs,1098
17175,22472,1341165940,RE,Milky Way continues,1099
16570,19869,1341166000,RE,Shrimp scampi is a buttery dream,1100
69417,66750,1341166060,RE,Sailing regattas are strategy,1101
191752,85739,1341166120,RT,Initial Coin Offerings launch tokens,1102
43864,53508,1341166180,RE,Administrative decisions implement laws,1103
22955,44019,1341166240,MT,AI in HR analyzes resumes,1104
2739,34305,1341166300,MT,Directors guide performances,1105
16523,6671,1341166360,RE,Winter tires handle snow,1106
251638,102564,1341166420,RT,Health precautions matter,1107
12466,16335,1341166480,RT,iPhone storage optimization frees,1108
30228,26078,1341166540,RT,Galactic environment,1109
383668,128781,1341166600,MT,Deviled eggs are tiny bites of joy,1110
8285,37271,1341166660,RE,Kayak rapids are adrenaline,1111
23812,34314,1341166720,MT,Security audits protect protocols,1112
28527,31957,1341166780,RT,Bureaucratic processes manage governance,1113
54200,8943,1341166840,MT,AI in recruitment identifies talent,1114
4830,88695,1341166900,MT,Cinematographers capture visuals,1115
1002,43643,1341166960,MT,Summer tires grip dry roads,1116
162209,51746,1341167020,RT,Vaccinations prevent illness,1117
89814,147884,1341167080,MT,iPhone photo backup protects,1118
1971,8757,1341167140,MT,Cosmic web observed,1119
13222,74836,1341167200,RE,Chocolate truffles are rich happiness,1120
36729,166451,1341167260,RE,Skating spins are elegance,1121
225908,126458,1341167320,RE,Crypto whitepapers outline vision,1122
11542,140613,1341167380,MT,Regulatory agencies enforce rules,1123
200195,13278,1341167440,MT,AI in manufacturing improves quality,1124
15934,22512,1341167500,RT,Editors assemble sequences,1125
13256,30218,1341167560,MT,All-season tires balance performance,1126
20117,40612,1341167620,RE,Visas enable entry,1127
250087,14845,1341167680,RE,iPhone video editing edits,1128
20624,3398,1341167740,RE,Milky Way rotation speed,1129
6969,190181,1341167800,RE,Clam chowder is creamy and hearty,1130
9851,16457,1341167860,RE,Handball goals are fast action,1131
19944,9919,1341167920,MT,Community engagement drives growth,1132
30992,277615,1341167980,MT,Policy evaluation measures impact,1133
180857,98992,1341168040,RE,AI in logistics tracks shipments,1134
69628,352,1341168100,RT,Sound engineers design audio,1135
81596,22004,1341168160,RT,Run-flat tires prevent immobilization,1136
15821,204654,1341168220,RE,Passports identify,1137
157724,16242,1341168280,RT,iPhone clips create,1138
5792,50299,1341168340,RE,Solar orbit around center,1139
126231,248220,1341168400,MT,Veggie stir-fry is colorful and healthy,1140
8498,11844,1341168460,MT,Water polo saves are heroic,1141
50266,37559,1341168520,RT,Token distribution impacts fairness,1142
1357,91843,1341168580,MT,Public administration ensures services,1143
66791,38225,1341168640,RT,AI in healthcare diagnoses conditions,1144
12493,8409,1341168700,RE,Composers write scores,1145
96775,62514,1341168760,MT,Tire tread affects traction,1146
20683,14306,1341168820,RE,Customs check regulations,1147
110897,95923,1341168880,RE,iPhone iMovie edits,1148
24197,145624,1341168940,MT,Galactic year duration,1149
452453,28707,1341169000,RT,Chicken parmesan is cheesy goodness,1150
238634,161961,1341169060,RT,Speed skating turns are sharp,1151
302529,17178,1341169120,MT,Crypto partnerships expand reach,1152
168699,14146,1341169180,RE,Government transparency promotes trust,1153
208846,6909,1341169240,MT,AI in finance predicts markets,1154
34305,51613,1341169300,RE,Visual effects teams enhance scenes,1155
243650,128853,1341169360,RE,Alignment ensures stability,1156
221,66483,1341169420,RE,Security ensures safety,1157
8745,19009,1341169480,RE,iPhone Live Photos animate,1158
17729,19426,1341169540,RE,Milky Way mass estimated,1159
8399,166169,1341169600,RT,Fruit smoothies are morning energy,1160
18036,87319,1341169660,MT,Kickboxing combos are fluid,1161
337963,61332,1341169720,RE,Exchange listings boost liquidity,1162
75369,8453,1341169780,RT,Ethical governance prevents misconduct,1163
132649,74040,1341169840,MT,AI in retail forecasts demand,1164
202812,88716,1341169900,MT,Costume departments design attire,1165
62168,623,1341169960,RE,Balancing reduces vibration,1166
72217,50209,1341170020,MT,Language skills communicate,1167
428447,13235,1341170080,RE,iPhone HEIF compresses,1168
51288,40886,1341170140,RT,Stellar mass dominates,1169
199020,24704,1341170200,MT,Garlic knots are addictively good,1170
51729,107231,1341170260,MT,CrossFit WODs test limits,1171
62072,269152,1341170320,MT,Market sentiment guides strategy,1172
346917,67950,1341170380,RT,Accountability mechanisms enforce standards,1173
14648,24669,1341170440,MT,AI in media personalizes viewing,1174
14611,99403,1341170500,RE,Set decorators create environments,1175
16358,14578,1341170560,MT,Fuel injection controls delivery,1176
405665,30946,1341170620,MT,Currency exchange allows spending,1177
96291,4929,1341170680,MT,iPhone HEVC encodes,1178
24873,533,1341170740,RE,Dark matter mass,1179
143824,136111,1341170800,RT,Beef stew is a slow-cooked treasure,1180
69417,2188,1341170860,MT,Obstacle course finishes are triumph,1181
24967,50233,1341170920,RE,Blockchain interoperability connects networks,1182
68282,96783,1341170980,RT,Conflict resolution maintains stability,1183
10728,7825,1341171040,MT,AI in entertainment tailors experiences,1184
6551,84219,1341171100,MT,Makeup artists transform,1185
129824,54226,1341171160,MT,Carburetors mix air and fuel,1186
3290,26352,1341171220,MT,Budgeting manages expenses,1187
232,9106,1341171280,MT,iPhone frame rates vary,1188
89010,40886,1341171340,RE,Gas mass fraction,1189
13222,21537,1341171400,RT,Banana bread smells like home,1190
59332,11324,1341171460,RE,Mountain biking trails are adventure,1191
241536,67712,1341171520,RE,Decentralized identity empowers users,1192
16096,182011,1341171580,RT,Negotiation skills facilitate agreements,1193
219373,40323,1341171640,MT,AI in music generates compositions,1194
95603,81756,1341171700,RE,Stunt coordinators ensure safety,1195
879,2218,1341171760,RT,Ignition systems start combustion,1196
10111,68284,1341171820,RE,Travel deals save,1197
18641,26175,1341171880,RT,iPhone 4K records,1198
79054,116966,1341171940,RE,Star density varies,1199
43607,21537,1341172000,RE,Salmon fillets are simple elegance,1200
5011,38815,1341172060,MT,Trail running paths are exploration,1201
191752,91115,1341172120,RT,Privacy coins protect transactions,1202
35295,67624,1341172180,RT,Diplomatic channels enable dialogue,1203
12686,63344,1341172240,RE,AI in video games creates dynamic worlds,1204
1945,57257,1341172300,RT,Casting directors select talent,1205
6331,8756,1341172360,RT,Spark plugs ignite fuel,1206
181190,98212,1341172420,RT,Discounts attract,1207
64652,27738,1341172480,RT,iPhone 1080p records,1208
48350,36417,1341172540,MT,Globular clusters orbit,1209
170103,128458,1341172600,MT,Fried calamari is crunchy delight,1210
50967,109001,1341172660,MT,Freestyle skiing tricks are creativity,1211
13881,59,1341172720,RT,Confidential transactions hide data,1212
50311,93167,1341172780,RT,International cooperation addresses global issues,1213
36363,64993,1341172840,MT,AI in communication interprets speech,1214
179483,3693,1341172900,RT,Location scouts find settings,1215
16523,59337,1341172960,RE,Timing belts synchronize engine,1216
14725,138327,1341173020,RT,Rewards programs benefit,1217
14845,4412,1341173080,RT,iPhone 720p records,1218
2849,6534,1341173140,RE,Open clusters dissolve,1219
7437,2290,1341173200,RE,Mango salsa is tropical freshness,1220
36875,44036,1341173260,RT,Yoga poses are balance,1221
18827,236655,1341173320,RE,Zero-knowledge proofs ensure privacy,1222
13765,10179,1341173380,RT,Treaties formalize international commitments,1223
118304,104281,1341173440,MT,AI in language translation bridges barriers,1224
292109,4708,1341173500,RE,Lighting technicians shape mood,1225
118226,121551,1341173560,RE,Timing chains ensure durability,1226
447409,781,1341173620,MT,Frequent flyer miles accumulate,1227
19880,34963,1341173680,RT,iPhone slo-mo 120fps,1228
54486,19844,1341173740,MT,Milky Way metallicity gradient,1229
65,39351,1341173800,MT,Stuffed mushrooms are savory bites,1230
36304,2908,1341173860,MT,Pilates moves are control,1231
7414,55951,1341173920,MT,Crypto bridges enable cross-chain movement,1232
275685,198004,1341173980,RE,Peacekeeping maintains security,1233
9020,6686,1341174040,RT,AI in IoT connects devices,1234
86845,30799,1341174100,RE,Grip and gaffing support crew,1235
20295,108272,1341174160,MT,Camshafts control valves,1236
36415,39928,1341174220,RT,Hotel stays comfort,1237
143104,34746,1341174280,MT,iPhone slo-mo 240fps,1238
21109,216655,1341174340,RE,Alpha elements distribution,1239
18565,50742,1341174400,RE,Potato gratin is creamy perfection,1240
33758,1999,1341174460,MT,Parkour vaults are agility,1241
156739,34314,1341174520,RE,Multi-sig wallets increase security,1242
30992,47477,1341174580,RE,Sanctions influence behavior,1243
11103,68702,1341174640,MT,AI in autonomous vehicles navigates roads,1244
39523,715,1341174700,MT,Film production involves coordination,1245
69815,10745,1341174760,MT,Crankshaft converts motion,1246
60493,132001,1341174820,MT,Hostels budget-friendly,1247
69644,20373,1341174880,MT,iPhone cinematic recording films,1248
343151,102682,1341174940,RT,Iron abundance mapped,1249
40312,7437,1341175000,MT,Vegetable soup is wholesome comfort,1250
37510,227122,1341175060,MT,Beach volleyball spikes are power,1251
235207,39511,1341175120,MT,Hardware wallets protect keys,1252
16546,69891,1341175180,RT,Foreign aid supports development,1253
36176,7124,1341175240,RE,AI in drones manages flights,1254
21643,95377,1341175300,RE,Pre-production plans shoots,1255
74012,13685,1341175360,RE,Pistons transfer force,1256
302195,58051,1341175420,RE,Airbnb provides options,1257
141501,62358,1341175480,RE,iPhone audio zoom focuses,1258
138635,189345,1341175540,MT,Milky Way structure complex,1259
56423,349,1341175600,RE,Beef tacos are fiesta flavors,1260
27875,8498,1341175660,RE,Marathon training is discipline,1261
40220,53920,1341175720,RT,Software wallets offer convenience,1262
12223,33833,1341175780,RT,Global summits set agendas,1263
8099,2885,1341175840,RT,AI in robotics improves dexterity,1264
12750,22236,1341175900,RT,Production captures footage,1265
141049,70380,1341175960,MT,Connecting rods link components,1266
3752,50052,1341176020,MT,Resorts pamper,1267
11053,78,1341176080,RT,iPhone noise reduction clears,1268
225087,410219,1341176140,MT,"Disk, bulge, halo",1269
24704,231574,1341176200,RE,Lentil stew is hearty and healthy,1270
134560,9091,1341176260,RT,Sprint practice is speed,1271
5590,235207,1341176320,MT,Cold wallets are offline,1272
328882,8209,1341176380,RE,Multilateral organizations coordinate policy,1273
118304,68885,1341176440,MT,AI in vision systems recognizes objects,1274
5464,59945,1341176500,MT,Post-production finalizes work,1275
13374,96775,1341176560,MT,Engine block houses parts,1276
238570,35141,1341176620,MT,Boutique hotels unique,1277
166095,113367,1341176680,MT,iPhone spatial audio immerses,1278
122634,54217,1341176740,RT,Spiral arms traced,1279
293620,4564,1341176800,RE,Grilled chicken is golden goodness,1280
6912,431,1341176860,RE,Relay handoffs are precision,1281
24514,59178,1341176920,RE,Hot wallets are online,1282
154619,144026,1341176980,MT,Non-governmental actors influence outcomes,1283
103008,44863,1341177040,MT,AI in NLP understands context,1284
81150,179509,1341177100,MT,Distribution delivers films,1285
29225,50770,1341177160,RE,Cylinder heads seal combustion,1286
50250,53285,1341177220,RT,Camping connects nature,1287
157359,78,1341177280,RE,iPhone Dolby Vision supports,1288
62428,10154,1341177340,RT,Bar elongated,1289
3571,106399,1341177400,RE,Roasted beets are earthy sweetness,1290
6695,410367,1341177460,RT,Judo throws are technique,1291
407,22451,1341177520,MT,Crypto airdrops reward participation,1292
30615,25091,1341177580,RE,Policy advocacy shapes legislation,1293
68079,12686,1341177640,RE,AI in speech recognition transcribes audio,1294
154365,6669,1341177700,RE,Marketing promotes releases,1295
11960,356,1341177760,MT,Oil pump circulates lubricant,1296
28913,22759,1341177820,MT,Glamping combines comfort,1297
45302,233404,1341177880,RT,iPhone ProRAW captures,1298
37528,444973,1341177940,RE,Warped disk,1299
9707,2320,1341178000,RE,Pumpkin pie is autumn in a bite,1300
206726,36304,1341178060,RE,Karate katas are focus,1301
51878,149796,1341178120,RE,Token swaps enable liquidity,1302
37964,57452,1341178180,MT,Political campaigns mobilize communities,1303
5813,85479,1341178240,RE,AI in predictive analytics forecasts outcomes,1304
11095,186,1341178300,RE,Box office revenue measures success,1305
243,3549,1341178360,RE,Water pump moves coolant,1306
66483,131327,1341178420,MT,Homestays enrich,1307
28951,14604,1341178480,MT,iPhone Smart HDR optimizes,1308
16003,196143,1341178540,MT,Flaring outer disk,1309
196130,165636,1341178600,RT,Chocolate lava cake is molten happiness,1310
110223,51334,1341178660,MT,Taekwondo kicks are speed,1311
22051,43549,1341178720,RT,Smart contract audits prevent exploits,1312
220962,5113,1341178780,MT,Voter engagement strengthens democracy,1313
54758,4336,1341178840,MT,AI in reinforcement learning trains agents,1314
37451,26753,1341178900,RT,Streaming platforms expand access,1315
132751,59520,1341178960,MT,Radiator dissipates heat,1316
253,34950,1341179020,MT,Travel communities support,1317
16435,20920,1341179080,RT,iPhone AI photography enhances,1318
145624,13078,1341179140,RT,Disk thickness measured,1319
34801,22924,1341179200,MT,Turkey sandwich is classic simplicity,1320
50329,61446,1341179260,MT,Kickball home runs are fun,1321
16502,6661,1341179320,RE,DeFi aggregators maximize yield,1322
15466,70340,1341179380,MT,Election monitoring ensures fairness,1323
11621,54070,1341179440,RT,AI in supervised learning learns labels,1324
12606,357,1341179500,RT,Home video offers convenience,1325
13275,13916,1341179560,RT,Fan cools engine,1326
33713,27179,1341179620,RE,Local guides assist,1327
6658,529,1341179680,RE,iPhone deep fusion processes,1328
86,21017,1341179740,RT,Milky Way halo extended,1329
76,17109,1341179800,RT,Veggie pizza is colorful joy,1330
16529,50967,1341179860,MT,Softball doubles are teamwork,1331
17178,27147,1341179920,RE,Yield strategies compound rewards,1332
28976,140893,1341179980,RE,Electoral commissions oversee processes,1333
68171,367,1341180040,MT,AI in unsupervised learning finds structure,1334
31450,7785,1341180100,RE,DVDs and Blu-rays preserve content,1335
580,37503,1341180160,RE,Thermostat regulates temperature,1336
35597,73638,1341180220,MT,Cultural exchange educates,1337
38382,7942,1341180280,RE,iPhone image signal processor enhances,1338
322,51310,1341180340,RE,Stellar streams observed,1339
196130,54135,1341180400,MT,Cinnamon oatmeal is cozy mornings,1340
38164,14565,1341180460,RT,Ping pong smashes are reflex,1341
39074,54222,1341180520,RT,Liquidity provision earns fees,1342
24797,54209,1341180580,MT,Political parties organize candidates,1343
110170,33488,1341180640,RE,AI in semi-supervised learning combines methods,1344
18076,5192,1341180700,RE,Digital releases provide instant access,1345
2765,85592,1341180760,MT,Air filters clean intake,1346
10574,37574,1341180820,MT,Language immersion improves,1347
66778,63931,1341180880,RT,iPhone display brightness high,1348
43793,79911,1341180940,RT,Satellite accretion history,1349
120742,240,1341181000,RE,Cranberry scones are tart and sweet,1350
104785,36304,1341181060,RT,Dodgeball catches are strategy,1351
2866,28285,1341181120,RT,Synthetic assets mimic real value,1352
38445,49434,1341181180,MT,Party conventions nominate leaders,1353
12464,6166,1341181240,RE,AI in generative models creates content,1354
280798,6014,1341181300,RE,Theater experience captivates,1355
88804,30714,1341181360,MT,Cabin filters clean air,1356
2349,32333,1341181420,RT,Music and dance inspire,1357
153995,4444,1341181480,RE,iPhone True Tone adjusts,1358
56449,36634,1341181540,MT,Milky Way archaeology,1359
101877,72193,1341181600,MT,Chicken pot pie is comfort in a crust,1360
265784,27145,1341181660,RE,Table football goals are fast,1361
19944,29327,1341181720,RT,Stablecoin pegs maintain stability,1362
93269,327714,1341181780,RE,Primary elections select nominees,1363
15295,65380,1341181840,RE,AI in GANs generates realistic images,1364
54060,11326,1341181900,RE,IMAX and 3D enhance immersion,1365
48745,260659,1341181960,MT,Exhaust manifold collects gases,1366
95020,44456,1341182020,RE,Art galleries display,1367
107449,462,1341182080,RT,iPhone ProMotion 120Hz,1368
37526,40669,1341182140,RT,Milky Way observation challenges,1369
76414,87373,1341182200,MT,Shrimp tacos are oceanic delight,1370
24054,227353,1341182260,RE,Rowing techniques are smooth,1371
302529,24084,1341182320,RT,Algorithmic stablecoins adjust supply,1372
134837,35723,1341182380,RE,General elections determine officeholders,1373
417,60627,1341182440,RE,AI in transformers powers NLP,1374
12514,22236,1341182500,MT,Sound systems deepen engagement,1375
46752,92688,1341182560,RT,Turbocharger compresses air,1376
299898,4561,1341182620,RE,Theaters entertain,1377
1298,4639,1341182680,MT,iPhone color accuracy precise,1378
343151,5038,1341182740,RE,Interstellar extinction,1379
68399,22977,1341182800,RT,Avocado salad is creamy freshness,1380
11597,30324,1341182860,MT,Speed climbing holds are precise,1381
47935,31585,1341182920,RE,Crypto derivatives hedge exposure,1382
36065,104474,1341182980,RT,Referenda allow direct voting,1383
141637,36392,1341183040,RT,AI in LLMs understands language,1384
78220,18364,1341183100,RE,Popcorn and snacks complete cinema,1385
2166,51247,1341183160,MT,Supercharger boosts intake,1386
95871,18097,1341183220,RE,Libraries enlighten,1387
20056,108134,1341183280,RE,iPhone OLED displays vibrant,1388
47241,73319,1341183340,RE,Light absorption,1389
7898,67637,1341183400,RE,Cheese fondue is communal indulgence,1390
13416,24054,1341183460,MT,Powerlifting deadlifts are strength,1391
7020,6963,1341183520,RT,Futures contracts lock prices,1392
195048,49159,1341183580,MT,Citizen participation drives legitimacy,1393
262697,54070,1341183640,RE,AI in robotics simulates movement,1394
22236,3693,1341183700,RT,Audience reactions enhance experience,1395
31171,60496,1341183760,RT,Intercooler cools compressed air,1396
2164,106658,1341183820,RT,Historical archives preserve,1397
109178,8745,1341183880,RT,iPhone Super Retina XDR,1398
222578,136490,1341183940,RT,Scattering by dust,1399
63773,12416,1341184000,RE,Spinach quiche is light and tasty,1400
14109,43914,1341184060,RT,Trail biking hills are challenging,1401
6645,53885,1341184120,RT,Options contracts offer choices,1402
57161,18284,1341184180,RE,Civic education informs public,1403
44183,39124,1341184240,RE,AI in autonomous systems drives cars,1404
184615,186758,1341184300,RT,Film criticism guides interpretation,1405
375095,4363,1341184360,MT,Gears transmit power,1406
29054,18313,1341184420,RE,Monuments commemorate,1407
13584,66350,1341184480,RT,iPhone screen refreshes,1408
60848,21351,1341184540,RE,Infrared observations,1409
252801,76071,1341184600,RE,Clam linguine is a seafood feast,1410
1104,55382,1341184660,RE,Obstacle racing challenges are intense,1411
13816,53383,1341184720,RT,Perpetual swaps are continuous,1412
52926,123517,1341184780,RE,Political literacy encourages involvement,1413
42894,102394,1341184840,RT,AI in ethics ensures responsible use,1414
14611,3134,1341184900,RE,Movie reviews influence choices,1415
12931,63304,1341184960,RT,Clutch engages and disengages,1416
37341,60493,1341185020,MT,Plaques educate,1417
94713,15873,1341185080,RE,iPhone touch response fast,1418
17460,118729,1341185140,MT,Radio astronomy,1419
16440,181887,1341185200,MT,Pasta primavera is spring on a plate,1420
98762,22313,1341185260,RE,Skydiving jumps are freedom,1421
6241,182906,1341185320,RE,Leverage amplifies risk,1422
104265,586,1341185380,RT,Grassroots activism promotes change,1423
44183,44726,1341185440,RT,AI bias requires careful analysis,1424
62107,27850,1341185500,RT,Metacritic and Rotten Tomatoes aggregate scores,1425
60496,46825,1341185560,MT,Flywheel stores energy,1426
32796,148687,1341185620,RT,Signage informs,1427
50338,38382,1341185680,RT,iPhone haptic feedback tactile,1428
35604,5245,1341185740,MT,Gamma-ray astronomy,1429
4564,44126,1341185800,RT,Greek salad is crisp and bright,1430
64547,3361,1341185860,MT,BMX stunts are daring,1431
2288,26361,1341185920,RE,Margin calls protect exchanges,1432
140893,196855,1341185980,MT,Civil society strengthens democracy,1433
98637,12265,1341186040,MT,AI transparency improves trust,1434
120719,19182,1341186100,RT,Awards season celebrates excellence,1435
105460,35993,1341186160,RE,Driveshaft rotates wheels,1436
147396,14725,1341186220,RT,Tourist offices help,1437
16333,33601,1341186280,RE,iPhone gesture navigation smooth,1438
87681,139746,1341186340,RE,X-ray astronomy,1439
14577,243553,1341186400,MT,Tomato basil soup is simple perfection,1440
64911,10446,1341186460,MT,Triathlon swimming is endurance,1441
49089,33301,1341186520,RT,Short selling bets against markets,1442
453313,42170,1341186580,RT,Advocacy groups influence policy,1443
68885,31137,1341186640,RT,AI explainability clarifies decisions,1444
84163,16970,1341186700,RT,Film festivals recognize achievement,1445
76083,10475,1341186760,MT,Axles support weight,1446
27872,94553,1341186820,MT,Souvenir shops offer memories,1447
33450,304714,1341186880,RE,iPhone home indicator intuitive,1448
111325,8757,1341186940,RT,Optical telescopes,1449
98778,112127,1341187000,RT,Garlic butter shrimp is savory magic,1450
6659,56797,1341187060,RE,Ironman cycling is stamina,1451
266,20139,1341187120,RE,Long positions profit from growth,1452
5113,123084,1341187180,RT,Lobbying efforts shape legislation,1453
89495,33835,1341187240,RT,AI datasets must be diverse,1454
62209,14554,1341187300,RT,Indie showcases spotlight talent,1455
59520,6671,1341187360,MT,Wheel hubs allow rotation,1456
144615,32977,1341187420,MT,Markets sell crafts,1457
7845,48190,1341187480,RT,iPhone side button presses,1458
84589,6940,1341187540,RE,Space telescopes,1459
28261,199877,1341187600,RE,Zucchini noodles are guilt-free fun,1460
1999,28067,1341187660,RE,Soccer corner kicks are tactical,1461
45144,95910,1341187720,RT,Crypto lending platforms offer interest,1462
176243,16096,1341187780,RT,Think tanks conduct research,1463
19604,33835,1341187840,RE,AI data preprocessing cleans information,1464
8409,272834,1341187900,RE,Documentaries raise awareness,1465
59177,89784,1341187960,RE,Brake rotors slow motion,1466
62542,73979,1341188020,RT,Street vendors provide snacks,1467
4378,250087,1341188080,RE,iPhone volume buttons adjust,1468
32274,39362,1341188140,MT,Hubble observations,1469
901,39351,1341188200,RE,Margherita pizza is Italian perfection,1470
227122,18036,1341188260,RT,Basketball dunks are exciting,1471
1961,88801,1341188320,MT,Borrowing requires collateral,1472
129505,121074,1341188380,MT,Policy analysis informs debate,1473
13808,120908,1341188440,MT,AI feature engineering improves performance,1474
157238,24357,1341188500,MT,Historical films educate viewers,1475
1722,12709,1341188560,MT,Brake calipers squeeze pads,1476
93032,47506,1341188620,MT,Festivals energize,1477
75798,73973,1341188680,RE,iPhone silent switch toggles,1478
31444,54486,1341188740,MT,Gaia mission,1479
167376,5005,1341188800,RT,Beef bourguignon is rich and hearty,1480
51729,59141,1341188860,RT,Football field goals are precision,1481
307066,2568,1341188920,RT,Flash loans execute instant trades,1482
195232,134319,1341188980,RE,Expert testimony guides lawmakers,1483
5508,80864,1341189040,RE,AI hyperparameter tuning optimizes models,1484
208328,96820,1341189100,RE,Biopics inspire reflection,1485
12931,13506,1341189160,RT,Parking brake secures vehicle,1486
1062,181190,1341189220,MT,Events entertain,1487
7411,31966,1341189280,RE,iPhone power button activates,1488
4528,47168,1341189340,MT,Stellar parallaxes,1489
129563,9024,1341189400,MT,Pumpkin soup is velvety warmth,1490
8593,133011,1341189460,RT,Baseball pitches are skill,1491
32979,2288,1341189520,RE,Decentralized exchanges are permissionless,1492
10214,57452,1341189580,MT,Political strategy maximizes influence,1493
11521,24443,1341189640,RE,AI model evaluation measures success,1494
32445,13660,1341189700,MT,Fantasy movies spark imagination,1495
7675,5123,1341189760,RT,Differential manages power,1496
83957,4328,1341189820,RE,Workshops teach,1497
10339,12513,1341189880,MT,iPhone lightning connector charges,1498
334930,9762,1341189940,RT,Proper motions,1499
242934,12416,1341190000,RT,Lobster rolls are luxury in a bun,1500
73556,52514,1341190060,RE,Hockey breakaways are tense,1501
168172,49825,1341190120,MT,AMMs set prices algorithmically,1502
70199,429298,1341190180,MT,Messaging campaigns persuade voters,1503
71027,998,1341190240,RE,AI cross-validation prevents overfitting,1504
49086,247514,1341190300,MT,Sci-fi films explore ideas,1505
44969,88671,1341190360,RE,Limited slip improves traction,1506
65673,174807,1341190420,RE,Classes skill,1507
250087,14201,1341190480,MT,iPhone MagSafe aligns,1508
21109,37134,1341190540,RE,3D mapping,1509
16440,435809,1341190600,RT,Caramel flan is silky sweetness,1510
30525,14877,1341190660,RT,Tennis volleys are fast,1511
90442,246856,1341190720,RE,Liquidity incentives attract capital,1512
74604,582,1341190780,MT,Media relations manage coverage,1513
223200,41477,1341190840,RE,AI in cloud computing scales solutions,1514
26753,4537,1341190900,RE,Horror films thrill,1515
151460,92688,1341190960,MT,Electronic control units manage systems,1516
810,7646,1341191020,MT,Local encounters inspire,1517
43905,28715,1341191080,MT,iPhone MagSafe accessories attach,1518
33672,449128,1341191140,MT,Stellar velocities,1519
95890,60821,1341191200,RT,Roasted Brussels sprouts are crisp and flavorful,1520
16938,13516,1341191260,RE,Golf putts are focus,1521
67774,52905,1341191320,RT,Impermanent loss is risk of liquidity,1522
11364,120179,1341191380,RE,Public relations shape perception,1523
70236,174859,1341191440,MT,AI edge computing reduces latency,1524
7,57886,1341191500,RE,Action films excite,1525
216056,30639,1341191560,RT,Sensors monitor conditions,1526
23464,4629,1341191620,RT,People share stories,1527
150890,34963,1341191680,MT,iPhone wireless charging supports,1528
75795,334930,1341191740,RT,Galactic dynamics,1529
97191,45322,1341191800,RE,BBQ ribs are messy perfection,1530
158400,1483,1341191860,RE,Boxing jabs are quick,1531
29906,113373,1341191920,RT,NFT marketplaces trade digital assets,1532
26691,152137,1341191980,MT,Debate performance impacts opinion,1533
66811,464,1341192040,RT,AI federated learning preserves privacy,1534
124957,6982,1341192100,MT,Comedy films entertain,1535
43643,88558,1341192160,RE,Actuators control functions,1536
130816,57026,1341192220,RE,Friendships form,1537
7411,25661,1341192280,RT,iPhone Qi compatible,1538
4098,32502,1341192340,MT,Mass distribution,1539
44126,175283,1341192400,RT,Peach cobbler is fruit heaven,1540
27029,82643,1341192460,RE,Swimming strokes are technique,1541
176522,59,1341192520,RE,Gaming NFTs grant play benefits,1542
50910,265704,1341192580,MT,Campaign advertising attracts attention,1543
9020,99018,1341192640,RT,AI in quantum computing explores new methods,1544
15439,45463,1341192700,MT,Romantic movies move hearts,1545
35738,30714,1341192760,MT,Software defines behavior,1546
20683,130816,1341192820,RT,Memories last,1547
7411,10225,1341192880,RE,iPhone fast charging enables,1548
29521,55471,1341192940,MT,Dark matter detection,1549
50199,61211,1341193000,MT,Chili con carne is spicy comfort,1550
9906,53876,1341193060,MT,Gymnastics routines are disciplined,1551
49974,4974,1341193120,MT,Metaverse NFTs represent land,1552
15285,10639,1341193180,RE,Endorsements signal support,1553
80864,6039,1341193240,RT,AI in augmented reality enhances experience,1554
12276,7803,1341193300,MT,Drama films depict struggle,1555
3533,152768,1341193360,MT,Firmware updates improve performance,1556
298,141853,1341193420,MT,Experiences shape,1557
143104,83127,1341193480,RT,iPhone battery swaps rare,1558
144338,197478,1341193540,RE,Gravitational effects,1559
8895,93688,1341193600,RT,Quinoa salad is healthy satisfaction,1560
50329,1999,1341193660,RE,Diving entries are perfect,1561
4368,78701,1341193720,RT,Collectible NFTs hold value,1562
15466,23727,1341193780,RT,Political branding builds recognition,1563
14648,137271,1341193840,MT,AI in virtual reality simulates worlds,1564
203863,7694,1341193900,RE,Mystery films intrigue,1565
13092,138860,1341193960,RT,Connectivity links devices,1566
323578,34959,1341194020,RE,Photography captures,1567
10140,55521,1341194080,MT,iPhone water resistance certified,1568
43518,7819,1341194140,RE,Rotation curve anomaly,1569
92584,156400,1341194200,RT,Chicken fajitas are sizzling goodness,1570
54229,169754,1341194260,MT,Skateboarding grinds are cool,1571
10710,126272,1341194320,RT,Crypto communities drive adoption,1572
88392,5335,1341194380,RE,Candidate image affects popularity,1573
56756,59186,1341194440,MT,AI in human-computer interaction improves usability,1574
390301,80491,1341194500,RE,Thrillers create tension,1575
238311,51640,1341194560,RT,Telematics tracks location,1576
28973,95020,1341194620,RT,Videography preserves,1577
3362,218218,1341194680,RE,iPhone dust resistance sealed,1578
14642,229741,1341194740,RE,MOND theories,1579
14577,24704,1341194800,MT,Egg salad sandwiches are simple delights,1580
130814,31240,1341194860,RE,Surfing maneuvers are stylish,1581
20522,370,1341194920,RE,Crypto influencers shape trends,1582
147421,185374,1341194980,MT,Policy positions define platforms,1583
34262,48073,1341195040,RT,AI in robotics perception senses environment,1584
85042,27185,1341195100,RT,Adventure films engage,1585
51640,43643,1341195160,RE,Car apps provide control,1586
170862,188858,1341195220,RT,Writing journals documents,1587
10914,47756,1341195280,RT,iPhone durability improved,1588
145851,148429,1341195340,RT,Galaxy modeling,1589
59159,180890,1341195400,RT,Maple glazed ham is holiday magic,1590
58032,147362,1341195460,MT,Mountain climbing ropes are essential,1591
71277,225908,1341195520,RT,Media coverage affects perception,1592
308,13766,1341195580,RE,Legislative priorities guide action,1593
3343,54029,1341195640,MT,AI in AI planning optimizes actions,1594
188384,228,1341195700,MT,War films depict heroism,1595
50219,26,1341195760,RE,Remote start offers convenience,1596
26136,209321,1341195820,MT,Sketching depicts,1597
134095,11329,1341195880,RT,iPhone ceramic shield protects,1598
58961,70993,1341195940,RE,Simulation results,1599
27682,11620,1341196000,RE,Baked ziti is cheesy joy,1600
8606,116495,1341196060,RE,Cycling climbs are tough,1601
7689,35713,1341196120,RE,Crypto podcasts educate listeners,1602
9912,238310,1341196180,RE,Executive agendas set focus,1603
210749,1478,1341196240,RT,AI in multi-agent systems coordinates agents,1604
9941,7219,1341196300,MT,Crime films unravel plots,1605
249845,32532,1341196360,RT,Keyless entry unlocks doors,1606
2353,138800,1341196420,MT,Painting inspires,1607
20373,4693,1341196480,RE,iPhone glass back supports,1608
43998,47821,1341196540,RE,Milky Way formation,1609
550,50945,1341196600,RT,Seafood paella is festive flavor,1610
57279,14551,1341196660,RT,Marathon hydration is crucial,1611
77279,8005,1341196720,RT,Blockchain conferences connect participants,1612
31084,85727,1341196780,RT,Government initiatives address needs,1613
47685,23517,1341196840,RT,AI in reinforcement learning trains policies,1614
79100,105143,1341196900,RE,Musicals combine music and narrative,1615
10475,19922,1341196960,RE,Push-button start ignites engine,1616
27135,6093,1341197020,MT,Blogging shares,1617
28667,8438,1341197080,RE,iPhone aluminum frame strong,1618
29542,29226,1341197140,MT,Hierarchical merging,1619
243553,199877,1341197200,RE,Grilled salmon is smoky perfection,1620
80861,7171,1341197260,MT,Ski slaloms are tricky,1621
35375,19887,1341197320,MT,Crypto education spreads knowledge,1622
12965,9912,1341197380,MT,Policy implementation ensures delivery,1623
40275,33488,1341197440,RT,AI in imitation learning mimics behavior,1624
18076,7514,1341197500,RE,Animated films bring creativity,1625
406640,8395,1341197560,RE,Security systems deter theft,1626
118744,33713,1341197620,RE,Vlogging entertains,1627
6651,10033,1341197680,MT,iPhone stainless steel premium,1628
12473,49694,1341197740,RE,Initial mass function,1629
67505,47626,1341197800,RT,Fettuccine Alfredo is creamy indulgence,1630
80507,167245,1341197860,MT,Snowboard rails are stylish,1631
67032,266,1341197920,RE,Research drives innovation,1632
9912,67517,1341197980,MT,Administrative oversight monitors compliance,1633
103008,60627,1341198040,RT,AI in transfer learning adapts knowledge,1634
120719,15328,1341198100,RE,Stop-motion offers unique style,1635
48656,38941,1341198160,RT,Alarms warn intrusion,1636
131327,23278,1341198220,RT,Podcasting informs,1637
62906,106089,1341198280,RE,iPhone aerospace grade materials,1638
58534,29378,1341198340,RT,Star formation history,1639
22380,13027,1341198400,RT,Stuffed bell peppers are colorful bites,1640
1343,50275,1341198460,MT,Rowing cadence is teamwork,1641
28993,19887,1341198520,RE,Protocol upgrades improve functionality,1642
16715,70199,1341198580,RE,Bureaucratic efficiency improves services,1643
14721,77245,1341198640,RE,AI in self-supervised learning reduces labels,1644
183404,16695,1341198700,RE,CGI creates fantastical worlds,1645
132830,314518,1341198760,RE,GPS tracking recovers stolen cars,1646
32438,24802,1341198820,RT,Travel podcasts educate,1647
267290,8081,1341198880,RE,iPhone antenna bands blend,1648
33386,17175,1341198940,RT,Chemical evolution,1649
305,101877,1341199000,RE,Beef stroganoff is classic comfort,1650
102591,50275,1341199060,RE,Wrestling grips are strong,1651
20730,27982,1341199120,MT,Governance proposals guide changes,1652
54223,10179,1341199180,RE,Regulatory frameworks enforce standards,1653
100924,61320,1341199240,MT,AI in anomaly detection finds outliers,1654
27036,9941,1341199300,RE,Practical effects provide realism,1655
1285,8747,1341199360,RT,Insurance protects owners,1656
32438,3752,1341199420,RT,Online communities advise,1657
55521,40796,1341199480,RT,iPhone dual SIM supports,1658
21695,319196,1341199540,RT,Stellar populations,1659
33383,9021,1341199600,RE,Caesar salad is crisp delight,1660
276767,2042,1341199660,MT,Archery aim is steady,1661
78701,45605,1341199720,MT,Voting ensures community control,1662
121217,31957,1341199780,MT,Judicial review interprets legality,1663
47159,44863,1341199840,MT,AI in time series predicts sequences,1664
23576,68,1341199900,MT,Motion capture captures performance,1665
139524,385,1341199960,RT,Maintenance preserves value,1666
93032,118744,1341200020,RT,Social media posts inspire,1667
90083,136607,1341200080,MT,iPhone eSIM modern,1668
3209,130397,1341200140,RE,Population synthesis,1669
98138,33355,1341200200,RT,Vegetable curry is aromatic magic,1670
6660,53135,1341200260,RT,Fencing parries are tactical,1671
54009,55519,1341200320,RE,Staking locks tokens for rewards,1672
137247,16533,1341200380,RT,Court rulings shape policy,1673
14755,9352,1341200440,RE,AI in recommendation systems personalizes content,1674
29021,62216,1341200500,RT,Voice acting conveys emotion,1675
13813,5193,1341200560,MT,Oil changes prevent damage,1676
2258,30185,1341200620,RE,Digital nomads explore,1677
14845,11956,1341200680,RT,iPhone nano SIM traditional,1678
61530,273,1341200740,RE,Milky Way age,1679
77194,250519,1341200800,MT,Shrimp fried rice is quick satisfaction,1680
15493,30478,1341200860,RT,Weightlifting squats are foundational,1681
287256,109134,1341200920,MT,Delegated staking entrusts validators,1682
58264,42170,1341200980,RE,Legal challenges test authority,1683
13878,137451,1341201040,RE,AI in knowledge graphs structures data,1684
118381,151491,1341201100,RE,Stunt work adds excitement,1685
443349,139524,1341201160,MT,Tire rotations extend life,1686
12767,73979,1341201220,RT,Remote work enables travel,1687
34179,85795,1341201280,RT,iPhone storage options vary,1688
9226,50290,1341201340,RT,Cosmological context,1689
39564,61890,1341201400,RE,Sweet potato fries are golden treats,1690
43914,31271,1341201460,RE,Cheer formations are precise,1691
291294,191752,1341201520,MT,Validator rewards incentivize participation,1692
74048,88392,1341201580,MT,Constitutional interpretation guides governance,1693
9903,141637,1341201640,RE,AI in sentiment analysis gauges opinions,1694
387,31975,1341201700,RT,Editing shapes pacing,1695
30513,249845,1341201760,RE,Brake inspections ensure safety,1696
7646,104802,1341201820,RT,Workation combines work and leisure,1697
63931,26072,1341201880,RE,iPhone 64GB entry,1698
32195,37502,1341201940,MT,Local group dynamics,1699
2175,36841,1341202000,RT,Minestrone soup is hearty and healthy,1700
7639,6585,1341202060,RE,Lacrosse passes are quick,1701
23812,919,1341202120,MT,Network security depends on nodes,1702
67517,260304,1341202180,RT,Civil liberties protect rights,1703
92785,26153,1341202240,RE,AI in computer vision identifies objects,1704
11326,25440,1341202300,RT,Color grading enhances visuals,1705
323,80868,1341202360,RT,Fluid checks maintain systems,1706
23464,11337,1341202420,MT,Slow travel immerses,1707
94713,47518,1341202480,RT,iPhone 128GB standard,1708
89010,7215,1341202540,RT,Andromeda approach,1709
135110,242934,1341202600,RE,Pulled pork sandwiches are messy and delicious,1710
15039,34928,1341202660,RE,Rugby tackles are intense,1711
2161,303205,1341202720,RT,Transaction finality ensures reliability,1712
42239,32424,1341202780,MT,Human rights safeguard freedoms,1713
18665,48502,1341202840,MT,AI in NLP summarizes texts,1714
25068,5796,1341202900,MT,Lighting sets tone,1715
258580,23,1341202960,MT,Battery checks prevent failure,1716
14613,252516,1341203020,RE,Fast travel covers more,1717
4304,11152,1341203080,RT,iPhone 256GB spacious,1718
184606,122488,1341203140,RE,Triangulum influence,1719
156400,196130,1341203200,RE,Spinach and feta omelette is morning goodness,1720
43742,2697,1341203260,MT,Cricket batting is strategic,1721
14662,4751,1341203320,RT,Consensus algorithms validate activity,1722
10894,248412,1341203380,RT,Social justice promotes equality,1723
102394,109191,1341203440,RT,AI in question answering responds,1724
38377,14134,1341203500,RE,Camera angles influence perspective,1725
99839,598,1341203560,RE,Coolant flush prevents overheating,1726
18313,7646,1341203620,RT,Weekend trips refresh,1727
86496,25661,1341203680,RT,iPhone 512GB ample,1728
42909,225461,1341203740,RT,Satellite orbits,1729
9991,6136,1341203800,RE,Chocolate soufflé is airy indulgence,1730
351520,18036,1341203860,RE,Horse gallops are freedom,1731
37443,7717,1341203920,RE,Proof-of-Work secures Bitcoin,1732
104474,16296,1341203980,MT,Economic policy influences growth,1733
44135,79185,1341204040,RE,AI in speech synthesis generates voices,1734
128382,40298,1341204100,RE,Framing creates focus,1735
7540,385,1341204160,RE,Spark plug replacement maintains engine,1736
363,114273,1341204220,RE,Day trips explore nearby,1737
12013,10225,1341204280,RE,iPhone 1TB massive,1738
89805,160541,1341204340,MT,Magellanic Clouds,1739
35353,14415,1341204400,RE,Tuna salad is simple elegance,1740
13123,227353,1341204460,RT,Bowling spares are satisfying,1741
98645,72514,1341204520,MT,Proof-of-Stake saves energy,1742
170665,132394,1341204580,RE,Fiscal decisions affect budgets,1743
255849,38225,1341204640,RT,AI in text-to-speech converts words,1744
190966,6435,1341204700,RE,Lens choice affects aesthetics,1745
92688,50286,1341204760,MT,Air filter replacement improves efficiency,1746
407912,42922,1341204820,MT,Excursions entertain,1747
89814,387245,1341204880,MT,iPhone pricing varies,1748
10121,16099,1341204940,RE,Sagittarius stream,1749
10638,73939,1341205000,RT,Chicken tikka masala is rich and spicy,1750
49122,33758,1341205060,RT,Sailing tacks are sharp,1751
81183,309611,1341205120,RE,Delegated Proof-of-Stake empowers voters,1752
50244,30615,1341205180,RT,Monetary policy manages currency,1753
2165,10855,1341205240,MT,AI in image recognition classifies pictures,1754
143185,22642,1341205300,RT,Aspect ratio defines space,1755
30714,22805,1341205360,MT,Timing belt replacement avoids failure,1756
33651,5041,1341205420,RT,Guided hikes inform,1757
22997,28715,1341205480,RT,iPhone value retained,1758
15214,85314,1341205540,MT,Milky Way future,1759
8095,180890,1341205600,MT,Beef kebabs are grilled perfection,1760
7505,420228,1341205660,RT,Kayak strokes are rhythmic,1761
67132,88440,1341205720,RE,Crypto adoption grows daily,1762
91040,52471,1341205780,RT,Trade policy regulates commerce,1763
285443,222,1341205840,RT,AI in object detection locates items,1764
8767,15934,1341205900,MT,Tracking shots immerse viewers,1765
97197,3976,1341205960,RT,Transmission service ensures smooth shifts,1766
3752,150297,1341206020,MT,Adventure tours thrill,1767
83127,147884,1341206080,MT,iPhone resale market strong,1768
13136,73933,1341206140,RT,Galaxy collision,1769
344696,240790,1341206200,RT,Mushroom soup is creamy warmth,1770
3998,103761,1341206260,MT,Skating jumps are beautiful,1771
396,10710,1341206320,RT,Institutional investors enter markets,1772
47477,118818,1341206380,RT,Foreign policy guides relations,1773
42894,23769,1341206440,RT,AI in image segmentation separates regions,1774
4957,28980,1341206500,RT,Dolly shots guide attention,1775
9104,99369,1341206560,RT,Suspension inspections maintain handling,1776
132521,11337,1341206620,MT,Wildlife tours excite,1777
267290,96291,1341206680,MT,iPhone trade-in available,1778
40886,23866,1341206740,MT,Starburst events,1779
126091,52204,1341206800,MT,Apple pie is classic sweetness,1780
171734,189839,1341206860,MT,Handball throws are fast,1781
832,2247,1341206920,MT,Retail traders participate globally,1782
59000,180496,1341206980,RE,Defense policy ensures security,1783
93337,992,1341207040,RT,AI in pose estimation tracks movement,1784
9881,27036,1341207100,MT,Crane shots expand scope,1785
32526,129960,1341207160,RE,Brake service prevents accidents,1786
18313,79577,1341207220,RE,Birdwatching observes,1787
85795,2564,1341207280,RT,iPhone carrier locked optional,1788
184606,38672,1341207340,RE,Gas inflow,1789
206753,61481,1341207400,RT,Chocolate chip pancakes are morning joy,1790
27800,380767,1341207460,RT,Water polo passes are precise,1791
175065,173407,1341207520,MT,Crypto exchanges enable liquidity,1792
47998,70102,1341207580,MT,Environmental policy protects resources,1793
33847,39885,1341207640,RT,AI in facial recognition identifies individuals,1794
65411,51613,1341207700,RE,Aerial shots provide perspective,1795
30226,6793,1341207760,MT,Detailing preserves appearance,1796
32333,4504,1341207820,MT,Safari guides explain,1797
40558,4344,1341207880,RE,iPhone unlocked versions,1798
61753,93162,1341207940,RT,Gas outflow,1799
47828,9991,1341208000,RT,Roasted chicken is golden perfection,1800
37271,24082,1341208060,RT,Speed skating sprints are intense,1801
28476,113315,1341208120,RT,Fiat onramps simplify access,1802
140613,27066,1341208180,MT,Health policy safeguards public,1803
10946,18717,1341208240,MT,AI in autonomous driving navigates roads,1804
1834,394034,1341208300,RT,Close-ups reveal emotion,1805
8747,3976,1341208360,RE,Car washes remove dirt,1806
299898,3226,1341208420,RT,Camping connects,1807
55521,7590,1341208480,RE,iPhone network 5G,1808
102682,191347,1341208540,MT,Feedback mechanisms,1809
68474,9107,1341208600,RE,Avocado toast with eggs is breakfast power,1810
95921,59141,1341208660,MT,Kickboxing defenses are smart,1811
55519,78701,1341208720,RT,Decentralized finance offers options,1812
346917,314,1341208780,RE,Education policy shapes future,1813
11103,89928,1341208840,RT,AI in drones optimizes flight paths,1814
39523,59945,1341208900,RT,Medium shots show interaction,1815
2080,16323,1341208960,MT,Waxing protects paint,1816
26352,27872,1341209020,RE,Backpacking challenges,1817
259849,34629,1341209080,RE,iPhone LTE supported,1818
77555,37528,1341209140,RE,Supernova feedback,1819
25248,97191,1341209200,RE,Pasta carbonara is creamy delight,1820
132195,181286,1341209260,RE,CrossFit lifts are challenging,1821
49610,43725,1341209320,RE,Lending platforms pay interest,1822
138766,54796,1341209380,MT,Infrastructure policy builds foundations,1823
9903,23123,1341209440,RT,AI in robotics automates tasks,1824
128773,2634,1341209500,RE,Long shots capture environment,1825
118365,188249,1341209560,RT,Polishing restores shine,1826
32652,221,1341209620,RE,Luxury cruises relax,1827
1837,8913,1341209680,RE,iPhone Wi-Fi 6,1828
17460,14727,1341209740,RT,AGN feedback,1829
286570,34264,1341209800,RE,Fried shrimp is crispy happiness,1830
46378,356205,1341209860,RT,Obstacle climbing is demanding,1831
2288,77276,1341209920,RE,Borrowers access capital,1832
12224,43864,1341209980,RT,Technology policy fosters innovation,1833
4567,35062,1341210040,RE,AI in supply chain predicts logistics,1834
136565,206229,1341210100,RE,Film composition balances elements,1835
51,13374,1341210160,RT,Interior cleaning enhances comfort,1836
329,244581,1341210220,RT,River cruises explore,1837
35729,22814,1341210280,MT,iPhone Bluetooth connects,1838
360368,19844,1341210340,RT,Galactic ecology,1839
39464,64906,1341210400,MT,Tomato mozzarella salad is fresh and simple,1840
265784,16529,1341210460,RT,Mountain biking jumps are thrilling,1841
152531,2221,1341210520,MT,Yield farming maximizes returns,1842
15113,1231,1341210580,RT,Energy policy secures supply,1843
18665,54758,1341210640,RE,AI in finance automates trading,1844
24357,17989,1341210700,RE,Rule of thirds guides framing,1845
69815,21585,1341210760,RT,Leather conditioning prevents cracking,1846
12767,106658,1341210820,RT,Ocean cruises sail,1847
20367,53258,1341210880,RE,iPhone NFC enables,1848
6940,120347,1341210940,MT,Milky Way context,1849
63920,68132,1341211000,MT,Grilled cheese with tomato soup is classic comfort,1850
39959,8425,1341211060,RT,Trail running endurance is tested,1851
236269,17172,1341211120,MT,Liquidity pools provide trading,1852
35707,275685,1341211180,MT,Transportation policy enables mobility,1853
38677,22240,1341211240,RT,AI in marketing personalizes campaigns,1854
280798,18536,1341211300,RT,Leading lines draw eyes,1855
170090,70380,1341211360,RT,Upholstery cleaning maintains fabric,1856
64864,167,1341211420,RT,Island hopping discovers,1857
134095,69868,1341211480,RT,iPhone U1 chip precise,1858
58961,48350,1341211540,MT,Universe structure,1859
327935,22339,1341211600,RE,Banana pancakes are sweet mornings,1860
171734,973,1341211660,RE,Freestyle skiing jumps are daring,1861
54214,29600,1341211720,RT,Synthetic tokens replicate value,1862
11362,13233,1341211780,RE,Housing policy addresses needs,1863
8956,99018,1341211840,RT,AI in healthcare assists doctors,1864
81723,68099,1341211900,RE,Depth of field isolates subjects,1865
204358,7117,1341211960,RT,Glass cleaning improves visibility,1866
6175,25766,1341212020,RT,Desert tours adventure,1867
4570,184519,1341212080,RT,iPhone sensors advance,1868
3606,48350,1341212140,MT,Cosmic web,1869
167007,19843,1341212200,RT,Baked salmon with herbs is healthy and tasty,1870
177272,188,1341212260,RT,Yoga stretches are mindful,1871
13920,89949,1341212320,RT,Derivatives manage risk,1872
17155,21929,1341212380,MT,Welfare policy supports communities,1873
20971,11714,1341212440,RT,AI in education adapts learning,1874
127479,16516,1341212500,RE,Focus pulls emphasize detail,1875
42689,12904,1341212560,RT,Rust prevention protects metal,1876
112673,86851,1341212620,RT,Jungle treks explore,1877
15458,73941,1341212680,RE,iPhone accelerometer measures,1878
292088,50299,1341212740,RT,Filaments,1879
229438,206753,1341212800,RE,Beef tacos with salsa are fiesta flavors,1880
77432,96730,1341212860,RE,Pilates routines are controlled,1881
104248,3227,1341212920,MT,Options and futures hedge positions,1882
206628,328882,1341212980,RT,Labor policy protects workers,1883
98203,220181,1341213040,RT,AI in games enhances experiences,1884
6669,157147,1341213100,RE,Camera movement adds energy,1885
10269,22805,1341213160,MT,Undercarriage washes remove debris,1886
2521,48920,1341213220,RE,Cave tours fascinate,1887
63143,5004,1341213280,RT,iPhone gyroscope tracks,1888
22788,11854,1341213340,RT,Voids,1889
144204,72658,1341213400,RT,Vegetable lasagna is cheesy goodness,1890
983,170806,1341213460,RE,Parkour flips are daring,1891
12456,7216,1341213520,MT,Stablecoins anchor volatility,1892
62217,6596,1341213580,MT,Immigration policy regulates movement,1893
6418,13821,1341213640,RT,AI in cybersecurity detects threats,1894
254611,19182,1341213700,RE,Steadicam smooths motion,1895
5795,53071,1341213760,RT,Car covers protect from elements,1896
40150,14588,1341213820,RT,Glacier tours amaze,1897
156686,28115,1341213880,RE,iPhone barometer detects,1898
153606,57159,1341213940,RT,Clusters,1899
21705,93051,1341214000,MT,Chocolate milkshake is sweet indulgence,1900
7505,29477,1341214060,MT,Beach volleyball serves are strong,1901
10907,235278,1341214120,RT,Algorithmic adjustments maintain balance,1902
88392,7790,1341214180,RT,Tax policy funds government,1903
29519,20385,1341214240,MT,AI in privacy preserves data,1904
25007,3374,1341214300,RE,Handheld creates realism,1905
162402,327,1341214360,RE,Storage maintains vehicle,1906
11710,147149,1341214420,RE,Volcano tours thrill,1907
6951,33450,1341214480,MT,iPhone proximity sensor responds,1908
131506,6974,1341214540,MT,Milky Way uniqueness,1909
252801,19843,1341214600,MT,Lemon meringue pie is tangy delight,1910
4888,105407,1341214660,RE,Marathon pacing is important,1911
11852,31288,1341214720,MT,NFTs create digital property,1912
140393,4446,1341214780,RT,Political negotiations resolve disputes,1913
124257,10645,1341214840,RT,AI in cloud computing scales resources,1914
74234,22642,1341214900,RE,Drone shots provide aerial views,1915
14575,32532,1341214960,MT,Driving techniques improve efficiency,1916
781,42836,1341215020,RE,Mountain climbing challenges,1917
9106,35729,1341215080,MT,iPhone ambient light sensor adjusts,1918
410219,10650,1341215140,RT,Galaxy comparisons,1919
119425,45322,1341215200,RE,Pumpkin bread is fall comfort,1920
18792,527,1341215260,RT,Sprint acceleration is explosive,1921
377965,30742,1341215320,MT,"Art, collectibles, and gaming thrive",1922
86066,1357,1341215380,RE,Compromise enables progress,1923
77058,42064,1341215440,RT,AI in edge computing processes locally,1924
2689,67998,1341215500,MT,Time-lapse shows change,1925
1995,40282,1341215560,RT,Defensive driving prevents accidents,1926
30946,4629,1341215620,MT,Trekking tests endurance,1927
31917,32207,1341215680,RE,iPhone LiDAR scans,1928
48530,35334,1341215740,RT,Spiral morphology,1929
9351,29315,1341215800,MT,Strawberry shortcake is fruity heaven,1930
15493,11339,1341215860,MT,Relay teamwork is crucial,1931
76165,11872,1341215920,MT,Metaverse integrates assets,1932
69567,65141,1341215980,RE,Consensus builds agreement,1933
14887,122786,1341216040,RE,AI in IoT connects smart devices,1934
6968,276525,1341216100,RT,Slow motion emphasizes action,1935
54226,137242,1341216160,RT,Eco-driving saves fuel,1936
62904,11365,1341216220,MT,Snow adventures excite,1937
12662,28951,1341216280,RE,iPhone depth sensing measures,1938
14070,27004,1341216340,RT,Barred spirals,1939
11449,130629,1341216400,RE,Shrimp scampi pasta is buttery delight,1940
105416,46378,1341216460,RT,Judo holds are firm,1941
7274,241536,1341216520,RE,Blockchain gaming rewards players,1942
857,33274,1341216580,MT,Coalition building strengthens governance,1943
62391,6952,1341216640,MT,AI in social media moderates content,1944
22555,2681,1341216700,MT,Fast cuts increase tension,1945
85746,37503,1341216760,MT,Highway driving ensures speed,1946
159807,78063,1341216820,RE,Skiing thrills,1947
60169,259849,1341216880,RT,iPhone AR experiences immersive,1948
335263,58912,1341216940,MT,Galaxy types,1949
49182,60739,1341217000,RT,Roasted pork tenderloin is savory perfection,1950
130814,8385,1341217060,RT,Karate sparring is intense,1951
24084,2247,1341217120,RT,Crypto analytics reveal trends,1952
157551,50282,1341217180,RT,Diplomatic engagement fosters understanding,1953
16204,7782,1341217240,RT,AI in customer service responds quickly,1954
29021,18536,1341217300,RT,Montages compress time,1955
111391,96022,1341217360,MT,City driving manages traffic,1956
363,11337,1341217420,RE,Snowboarding entertains,1957
43516,2266,1341217480,RT,iPhone ARKit develops,1958
14570,144933,1341217540,RE,Hubble sequence,1959
11007,523,1341217600,MT,Vegetable stir fry with tofu is healthy and filling,1960
238634,128932,1341217660,RE,Taekwondo sparring is quick,1961
5207,77279,1341217720,RE,On-chain activity shows movement,1962
42239,24797,1341217780,RT,International relations maintain peace,1963
57118,207711,1341217840,MT,AI in virtual assistants aids users,1964
1834,34800,1341217900,RT,Cross-cutting builds suspense,1965
3235,86465,1341217960,RT,Parking skills prevent damage,1966
95871,2746,1341218020,MT,Ice climbing challenges,1967
11152,46554,1341218080,RE,iPhone apps expand,1968
30228,132690,1341218140,MT,Morphology studies,1969
39351,136111,1341218200,MT,Chicken Caesar wrap is lunch simplicity,1970
6607,965,1341218260,RT,Kickball throws are fast,1971
104248,22397,1341218320,MT,Wallet metrics track users,1972
14160,24804,1341218380,MT,Global cooperation addresses challenges,1973
78773,57916,1341218440,RE,AI in chatbots interacts naturally,1974
72657,298974,1341218500,RT,Flashbacks reveal backstory,1975
4177,16225,1341218560,RE,Overtaking requires caution,1976
2911,64835,1341218620,RE,Dog sledding excites,1977
20399,8745,1341218680,RT,iPhone productivity tools,1978
322484,95702,1341218740,MT,Galactic environment,1979
40312,75448,1341218800,RE,Beef enchiladas are cheesy fiesta,1980
160725,52122,1341218860,RE,Softball pitching is skillful,1981
31248,7216,1341218920,RT,Market sentiment shifts quickly,1982
52941,13811,1341218980,RT,Multilateral agreements coordinate action,1983
1478,5226,1341219040,MT,AI in translation bridges languages,1984
28273,677,1341219100,MT,Foreshadowing hints at events,1985
7540,258580,1341219160,MT,Lane changing ensures safety,1986
46526,10232,1341219220,RE,Hot springs relax,1987
69644,37221,1341219280,RT,Safari browsing fast,1988
33569,43998,1341219340,RT,Satellite galaxies,1989
306742,312038,1341219400,RE,Chocolate donuts are morning joy,1990
37753,166765,1341219460,MT,Ping pong rallies are fast,1991
81265,7216,1341219520,RT,Trading strategies adapt constantly,1992
40,93062,1341219580,MT,Policy frameworks guide implementation,1993
75606,69883,1341219640,RE,AI in recommendation engines suggests products,1994
80491,72657,1341219700,MT,MacGuffins drive plot,1995
84112,9858,1341219760,RT,Turning signals communicate intentions,1996
41812,45884,1341219820,RT,Spa retreats rejuvenate,1997
20920,86496,1341219880,MT,Mail handling efficient,1998
24873,57688,1341219940,MT,Interaction history,1999
81403,13027,1341220000,RE,Apple muffins are sweet treats,2000
9155,54292,1341220060,RT,Dodgeball throws are strategic,2001
40780,2236,1341220120,RT,Stop losses and take profits manage risk,2002
57452,39147,1341220180,RE,Strategic planning directs initiatives,2003
33488,98637,1341220240,MT,AI in predictive maintenance prevents failures,2004
20263,34555,1341220300,RT,Chekhov's gun ensures payoff,2005
34,366295,1341220360,RE,Headlights signal presence,2006
69127,131116,1341220420,RT,Yoga retreats refresh,2007
103921,34179,1341220480,RE,Notes organize thoughts,2008
21017,225087,1341220540,RE,Tidal forces,2009
267639,126231,1341220600,MT,Spinach and cheese stuffed chicken is savory delight,2010
228125,67382,1341220660,RT,Table football matches are quick,2011
33105,50249,1341220720,RE,Bots execute trades,2012
54023,24797,1341220780,MT,Risk assessment informs decisions,2013
235473,66791,1341220840,MT,AI in forecasting anticipates demand,2014
38277,73478,1341220900,RT,Character development deepens story,2015
22804,38941,1341220960,RT,Horn warns others,2016
139286,138327,1341221020,RE,Meditation centers relax,2017
63790,28115,1341221080,RE,Reminders alert timely,2018
120477,36634,1341221140,RT,Star formation triggers,2019
38040,206753,1341221200,MT,Grilled veggie sandwich is healthy satisfaction,2020
28076,91518,1341221260,RT,Rowing synchronization is key,2021
287256,123135,1341221320,RE,Indices track performance,2022
615,50769,1341221380,RT,Impact evaluation measures outcomes,2023
33331,9020,1341221440,RT,AI in simulation tests scenarios,2024
79100,39029,1341221500,RT,Arcs show growth,2025
38632,132751,1341221560,MT,Road signs guide behavior,2026
11337,304454,1341221620,RE,Wellness resorts pamper,2027
92315,22997,1341221680,MT,Calendar schedules events,2028
265554,37563,1341221740,MT,Galactic chemistry,2029
21397,26159,1341221800,MT,Clam chowder bread bowl is creamy goodness,2030
43742,30525,1341221860,RE,Speed climbing timing is critical,2031
98645,506,1341221920,RE,Regulation shapes markets,2032
11991,11542,1341221980,RE,Performance metrics track success,2033
24443,262697,1341222040,RT,AI in robotics optimizes control,2034
3146,21643,1341222100,MT,Motivations drive action,2035
981,99084,1341222160,RE,Traffic lights regulate flow,2036
78917,41733,1341222220,MT,Hiking trails discover,2037
31617,109872,1341222280,RE,Contacts manage relationships,2038
17332,5792,1341222340,RE,Elemental abundances,2039
20011,29493,1341222400,RT,Roasted garlic mashed potatoes are comfort classic,2040
27452,27875,1341222460,MT,Powerlifting totals are impressive,2041
24514,97187,1341222520,RE,Compliance affects projects,2042
50244,374,1341222580,MT,Stakeholder engagement ensures inclusivity,2043
109191,20385,1341222640,RE,AI in healthcare monitors vitals,2044
75684,23975,1341222700,MT,Conflict creates drama,2045
111391,51289,1341222760,RE,Speed limits ensure safety,2046
46947,11710,1341222820,RE,Cycling paths explore,2047
107449,121179,1341222880,RT,Clock alarms timely,2048
137246,79783,1341222940,RE,Metallicity gradients,2049
74836,12253,1341223000,MT,Chicken and rice casserole is hearty delight,2050
66750,16822,1341223060,RT,Trail biking technicals are tricky,2051
217264,11611,1341223120,RT,Security audits protect protocols,2052
174346,31084,1341223180,RT,Public consultation gathers input,2053
23743,71339,1341223240,MT,AI in finance detects fraud,2054
78328,86845,1341223300,RT,Resolution provides closure,2055
41603,19872,1341223360,RT,Roundabouts manage intersections,2056
10111,50305,1341223420,RT,Motorcycling adventures thrill,2057
45137,111189,1341223480,RT,Timers manage tasks,2058
74247,6940,1341223540,RT,Stellar kinematics,2059
11620,199020,1341223600,RE,Zucchini bread is sweet and soft,2060
88570,30223,1341223660,RE,Obstacle racing endurance is tested,2061
309611,77780,1341223720,RT,Crypto wallets store keys,2062
857,4895,1341223780,RT,Community forums facilitate dialogue,2063
23123,44863,1341223840,RE,AI in marketing targets ads,2064
25094,14682,1341223900,RE,Themes explore ideas,2065
21979,21288,1341223960,MT,Stop signs prevent collisions,2066
67580,372150,1341224020,RT,Road trips excite,2067
11329,59542,1341224080,RT,Stopwatch tracks activity,2068
19426,18487,1341224140,RE,Orbit calculations,2069
195807,2162,1341224200,MT,Pasta with pesto sauce is fresh and flavorful,2070
35371,75797,1341224260,RT,Skydiving formations are beautiful,2071
20730,204197,1341224320,RE,Cold wallets stay offline,2072
147421,582,1341224380,RT,Transparency initiatives build trust,2073
11621,38250,1341224440,RT,AI in autonomous vehicles drives safely,2074
63,22236,1341224500,RT,Symbolism adds meaning,2075
74036,57024,1341224560,RE,Yield signs give priority,2076
36415,17358,1341224620,RE,Car rentals freedom,2077
6658,49673,1341224680,RT,Calculator computes numbers,2078
50265,77583,1341224740,MT,Galactic rotation,2079
156400,2157,1341224800,MT,Baked cod with lemon is simple perfection,2080
52469,38728,1341224860,MT,BMX tricks are daring,2081
59026,50325,1341224920,MT,Hardware wallets enhance safety,2082
266248,86973,1341224980,RE,Open government promotes accountability,2083
8602,31329,1341225040,RT,AI in drones manages deliveries,2084
6968,5102,1341225100,RE,Irony creates depth,2085
173809,198048,1341225160,MT,Pedestrian crossings protect walkers,2086
30241,73496,1341225220,MT,RV trips explore,2087
159268,14893,1341225280,RT,Weather forecasts updates,2088
17117,57739,1341225340,MT,Velocity dispersion,2089
10638,201659,1341225400,RT,Turkey meatballs are savory joy,2090
7505,20982,1341225460,MT,Triathlon transitions are smooth,2091
140003,2221,1341225520,RT,Software wallets offer ease,2092
23318,49159,1341225580,RE,Ethics commissions enforce standards,2093
20273,45843,1341225640,RE,AI in computer vision interprets scenes,2094
97179,68099,1341225700,MT,Subtext communicates hidden meaning,2095
42984,19,1341225760,RE,School zones increase caution,2096
13892,361661,1341225820,MT,Campervans travel,2097
10053,93965,1341225880,RE,Stocks monitor markets,2098
70690,38673,1341225940,MT,Milky Way halo,2099
56423,88355,1341226000,MT,Quiche Lorraine is brunch classic,2100
9863,120063,1341226060,RE,Ironman finish lines are triumphant,2101
114982,31231,1341226120,RE,Multi-sig wallets require consensus,2102
124459,116323,1341226180,RE,Anti-corruption measures protect integrity,2103
17045,269824,1341226240,RT,AI in NLP understands text,2104
44869,43168,1341226300,RT,Dialogue conveys character,2105
19253,88804,1341226360,RE,Construction zones reduce speed,2106
103759,57319,1341226420,RE,Scenic drives relax,2107
47220,15496,1341226480,MT,News informs users,2108
55495,34809,1341226540,RE,Dark matter profile,2109
144099,98728,1341226600,RT,Eggplant lasagna is veggie indulgence,2110
228125,56968,1341226660,RT,Soccer dribbles are slick,2111
198081,14609,1341226720,RT,Phishing scams steal assets,2112
51762,190358,1341226780,RE,Political reforms improve governance,2113
14945,20922,1341226840,RT,AI in speech recognition transcribes audio,2114
161672,12169,1341226900,RE,Monologues reveal thought,2115
70380,46752,1341226960,MT,Weather affects driving,2116
20246,42173,1341227020,RE,Panoramic views impress,2117
78,7585,1341227080,RT,Podcasts entertain listeners,2118
7960,15788,1341227140,RE,Stellar halo,2119
10638,52502,1341227200,RT,Shrimp cocktail is simple elegance,2120
128779,19989,1341227260,MT,Basketball assists are clever,2121
33387,93314,1341227320,RE,Rug pulls wipe investments,2122
287121,2813,1341227380,RT,Electoral reform enhances representation,2123
120058,10855,1341227440,RT,AI in GANs generates realistic images,2124
5464,6669,1341227500,RE,Voice-over provides insight,2125
238311,378,1341227560,RT,Rain reduces traction,2126
204768,147968,1341227620,MT,Sunsets inspire,2127
92315,55955,1341227680,RE,Music plays tunes,2128
153606,57654,1341227740,RE,Globular cluster system,2129
39888,3479,1341227800,RE,Chocolate tart is rich and sweet,2130
82268,8606,1341227860,MT,Football tackles are precise,2131
17647,4515,1341227920,MT,Due diligence is essential,2132
74048,50349,1341227980,RT,Judicial reform strengthens justice,2133
147178,4365,1341228040,RE,AI in LLMs understands language,2134
957,16406,1341228100,RE,Exposition explains context,2135
623,11149,1341228160,MT,Snow requires control,2136
68278,174807,1341228220,RT,Sunrises awaken,2137
26175,19880,1341228280,RE,Apple Music streams,2138
89003,225087,1341228340,MT,Galaxy evolution,2139
5005,196276,1341228400,RT,Roasted asparagus is crisp and tasty,2140
61287,173124,1341228460,RE,Baseball catches are skilled,2141
74779,12005,1341228520,MT,Community trust builds adoption,2142
65210,5500,1341228580,RT,Administrative reform increases efficiency,2143
31510,72339,1341228640,MT,AI in transformers processes sequences,2144
88716,12750,1341228700,RE,Subplots enrich narrative,2145
99369,53164,1341228760,RE,Ice causes slipping,2146
251241,248648,1341228820,MT,Star gazing amazes,2147
114428,66279,1341228880,RT,TV shows view,2148
12463,37430,1341228940,MT,Star formation rate,2149
28707,170103,1341229000,MT,Chicken parmesan sandwich is cheesy goodness,2150
260698,81105,1341229060,MT,Hockey saves are crucial,2151
62607,32979,1341229120,MT,Tokenomics determine value,2152
79232,314,1341229180,MT,Civil service reform modernizes bureaucracy,2153
33331,34049,1341229240,MT,AI in reinforcement learning trains agents,2154
5102,11095,1341229300,RE,Pacing maintains engagement,2155
99084,12931,1341229360,RT,Fog limits visibility,2156
42,379869,1341229420,RE,Northern lights captivate,2157
10225,91840,1341229480,RT,Movies watch,2158
14070,33787,1341229540,RT,Historical mergers,2159
9351,8399,1341229600,MT,Beef and broccoli stir fry is quick satisfaction,2160
57882,49695,1341229660,RT,Tennis rallies are intense,2161
93314,137329,1341229720,MT,"Supply, demand, and utility matter",2162
577,129505,1341229780,MT,Policy innovation drives progress,2163
12891,50200,1341229840,MT,AI in supervised learning uses labels,2164
161672,52490,1341229900,RT,Climax delivers impact,2165
323,24751,1341229960,RE,Night driving challenges eyes,2166
62619,201745,1341230020,RE,Waterfalls mesmerize,2167
109872,1500,1341230080,RE,Books read,2168
34247,12949,1341230140,RE,Galactic archaeology,2169
2351,93990,1341230200,MT,Pumpkin cheesecake is autumnal delight,2170
22816,423163,1341230260,MT,Golf swings are precise,2171
13920,196346,1341230320,RE,Token burns reduce inflation,2172
101718,47010,1341230380,MT,Technology adoption improves governance,2173
6693,249872,1341230440,MT,AI in unsupervised learning finds patterns,2174
20263,272834,1341230500,RT,Denouement resolves plot,2175
345629,86523,1341230560,RT,Tunnels reduce light,2176
53575,223,1341230620,MT,Lakes reflect,2177
15873,116388,1341230680,RT,App Store downloads,2178
195029,77555,1341230740,RT,Milky Way age,2179
61527,122460,1341230800,RT,Vegetable frittata is light and tasty,2180
519,252833,1341230860,MT,Boxing rings are battlefields,2181
141384,33461,1341230920,MT,Airdrops reward engagement,2182
891,70199,1341230980,RT,Digital transformation enhances services,2183
223200,14539,1341231040,MT,AI in semi-supervised learning combines approaches,2184
65411,423897,1341231100,RE,Ending satisfies or surprises,2185
74036,8471,1341231160,RT,Bridges require care,2186
302964,261489,1341231220,RE,Rivers flow,2187
233404,54301,1341231280,RT,iCloud syncs,2188
279373,20988,1341231340,RT,Cosmic timeline,2189
53449,136629,1341231400,MT,Baked sweet potatoes are caramelized perfection,2190
23813,30039,1341231460,MT,Swimming lanes are freedom,2191
2866,116924,1341231520,RE,Liquidity mining incentivizes participation,2192
13765,82741,1341231580,RT,Data-driven decision-making informs policy,2193
38224,99018,1341231640,MT,AI in generative models creates content,2194
11355,17989,1341231700,RT,Sequels continue narrative,2195
16523,33313,1341231760,MT,Curves demand attention,2196
8992,18701,1341231820,MT,Oceans awe,2197
232,26072,1341231880,MT,Backup protects,2198
62045,70993,1341231940,MT,Future predictions,2199
531,206753,1341232000,MT,Lobster bisque is creamy luxury,2200
276767,20982,1341232060,MT,Gymnastics mats are artistry,2201
3243,4535,1341232120,RE,Staking compounds rewards,2202
86903,16096,1341232180,MT,Evidence-based research supports legislation,2203
89495,103612,1341232240,RT,AI in robotics simulates movement,2204
23975,297,1341232300,RT,Prequels explore origins,2205
88804,28170,1341232360,MT,Hills affect acceleration,2206
53331,17863,1341232420,RT,Beaches relax,2207
6549,29805,1341232480,RE,Find My locates,2208
183894,252174,1341232540,RT,Andromeda collision,2209
15294,39016,1341232600,RT,Blueberry pancakes are morning joy,2210
30525,230569,1341232660,RE,Diving boards are stage,2211
30742,47935,1341232720,MT,Crypto governance enables voting,2212
128,30992,1341232780,RE,Political education empowers citizens,2213
9108,69642,1341232840,MT,AI in autonomous systems drives cars,2214
49440,34305,1341232900,MT,Spin-offs expand universe,2215
45272,20111,1341232960,RT,Parking lots require maneuvering,2216
379869,35141,1341233020,RE,Sand dunes inspire,2217
7845,73973,1341233080,MT,Settings customize,2218
89003,43518,1341233140,RE,Elliptical remnant,2219
3571,32373,1341233200,RT,Stuffed zucchini boats are healthy and fun,2220
44264,30750,1341233260,MT,Skate parks are creative,2221
63283,152658,1341233320,RE,DAOs guide projects,2222
10809,181626,1341233380,RE,Civic participation strengthens democracy,2223
90325,93337,1341233440,MT,AI in ethics ensures responsible AI,2224
80879,7245,1341233500,MT,Remakes reinterpret classics,2225
9149,99084,1341233560,MT,Garages protect vehicles,2226
178192,54207,1341233620,RE,Forests tranquil,2227
54064,702,1341233680,RT,Battery health informs,2228
229741,46265,1341233740,RT,Star formation bursts,2229
60821,6657,1341233800,RE,Garlic roasted shrimp is flavorful magic,2230
59332,61287,1341233860,RT,Surfing beaches are playgrounds,2231
54030,16131,1341233920,MT,Proposal voting shapes protocols,2232
759,146381,1341233980,MT,Voter registration encourages engagement,2233
3443,3319,1341234040,RT,AI bias requires mitigation,2234
121553,25007,1341234100,RE,Reboots refresh franchises,2235
16323,29027,1341234160,MT,Fuel stations provide energy,2236
80006,40150,1341234220,RT,Jungles alive,2237
261259,43516,1341234280,RT,Low Power Mode saves,2238
26398,17881,1341234340,RT,Gas dynamics,2239
51168,20103,1341234400,MT,Spinach and mushroom quiche is savory delight,2240
19178,39959,1341234460,MT,Mountain summits are rewarding,2241
20522,46669,1341234520,MT,Cross-chain interoperability expands utility,2242
11991,1993,1341234580,RE,Election monitoring ensures fairness,2243
99018,58739,1341234640,MT,AI transparency builds trust,2244
8806,17936,1341234700,MT,Adaptations translate mediums,2245
45272,19153,1341234760,MT,Service stations offer maintenance,2246
7266,1286,1341234820,RE,Grasslands wide,2247
130562,4704,1341234880,RT,Airplane Mode disconnects,2248
47759,26398,1341234940,RT,Galactic disk,2249
10726,20011,1341235000,RE,Cheeseburger with fries is classic indulgence,2250
52514,61446,1341235060,MT,Cycling roads are endless,2251
53885,77276,1341235120,RT,Bridges connect networks,2252
199340,67624,1341235180,RE,Media literacy informs public,2253
69022,137271,1341235240,RE,AI explainability clarifies decisions,2254
6928,123628,1341235300,RE,Comics inspire movies,2255
981,19922,1341235360,RE,Car dealerships sell vehicles,2256
216018,68446,1341235420,MT,Deserts vast,2257
60169,66417,1341235480,MT,Do Not Disturb silences,2258
13799,8396,1341235540,RT,Stellar streams,2259
6136,165636,1341235600,MT,Chicken pad thai is sweet and savory,2260
7599,210229,1341235660,RE,Marathon routes are grueling,2261
54066,307066,1341235720,RT,Sidechains scale capacity,2262
3239,61873,1341235780,RT,Public debates foster discussion,2263
480,63344,1341235840,RT,AI datasets must be diverse,2264
79647,230370,1341235900,RE,Books become films,2265
60496,2060,1341235960,RT,Used cars offer value,2266
310776,10257,1341236020,RE,Canyons impress,2267
227552,109175,1341236080,MT,Screen Time monitors,2268
55239,9905,1341236140,RE,Tidal debris,2269
170103,51168,1341236200,MT,Roasted salmon with dill is aromatic perfection,2270
9974,14674,1341236260,MT,Ski slopes are thrilling,2271
71277,43397,1341236320,RT,Layer 2 solutions reduce congestion,2272
31084,64485,1341236380,RE,Town halls facilitate interaction,2273
50200,65380,1341236440,MT,AI data preprocessing cleans information,2274
1945,17004,1341236500,RT,Video games are adapted,2275
82150,18325,1341236560,RT,New cars showcase innovation,2276
12352,16990,1341236620,RT,Valleys peaceful,2277
310048,88419,1341236680,RT,Parental Controls manage,2278
34809,195029,1341236740,RT,Milky Way satellites,2279
63920,40185,1341236800,RT,Beef chili is hearty comfort,2280
30324,1483,1341236860,RT,Snowboard parks are fun,2281
13778,33514,1341236920,RE,Sharding improves efficiency,2282
120684,28976,1341236980,RT,Community outreach promotes awareness,2283
5147,11946,1341237040,MT,AI feature engineering improves models,2284
69628,51745,1341237100,RE,Fan films celebrate passion,2285
105460,46752,1341237160,RE,Car shows display models,2286
27071,24224,1341237220,RT,Cliffs dramatic,2287
50401,196786,1341237280,RT,Accessibility options support,2288
109379,102320,1341237340,RE,Magellanic Clouds,2289
229438,505,1341237400,MT,Vegetable pot pie is cozy satisfaction,2290
387522,6659,1341237460,MT,Rowing waters are calm,2291
117615,87983,1341237520,RE,Zero-knowledge proofs enhance privacy,2292
71871,39106,1341237580,RE,Grassroots organizing mobilizes support,2293
46754,85479,1341237640,RE,AI hyperparameter tuning optimizes performance,2294
80257,34226,1341237700,MT,Short films condense stories,2295
67521,175211,1341237760,RE,Auto expos unveil trends,2296
141905,31549,1341237820,RT,Hills rolling,2297
184519,31564,1341237880,RE,Magnifier enlarges,2298
273,16174,1341237940,MT,Sagittarius dwarf,2299
435809,43723,1341238000,RE,Chocolate brownies with nuts are indulgent treats,2300
12966,18036,1341238060,RE,Wrestling mats are challenging,2301
97187,50270,1341238120,RT,Confidential transactions protect data,2302
61271,77241,1341238180,MT,Advocacy campaigns influence policy,2303
22990,236994,1341238240,RE,AI model evaluation measures success,2304
15210,35064,1341238300,RE,Feature films immerse,2305
95986,108272,1341238360,RT,Concept cars preview future,2306
193543,43210,1341238420,RE,Plains endless,2307
196786,47756,1341238480,RT,Voice Control operates,2308
4098,164875,1341238540,MT,Galactic neighborhood,2309
121422,138,1341238600,RE,Lemon garlic chicken is zesty delight,2310
7171,101837,1341238660,RE,Archery ranges are focused,2311
77276,53920,1341238720,MT,Decentralized identity empowers users,2312
26629,659,1341238780,MT,Lobbying efforts target decision-makers,2313
75606,98637,1341238840,RT,AI cross-validation prevents overfitting,2314
35382,2739,1341238900,RE,Mini-series explore depth,2315
977,71141,1341238960,MT,Prototype cars test ideas,2316
2911,70080,1341239020,RE,Meadows bloom,2317
269899,128580,1341239080,MT,Hearing aids connect,2318
42291,65919,1341239140,MT,Local group,2319
30298,147241,1341239200,RT,Shrimp gumbo is spicy southern goodness,2320
31031,135355,1341239260,RE,Fencing pistes are intense,2321
34314,59427,1341239320,RE,Privacy coins obscure activity,2322
29978,57161,1341239380,RT,Think tanks provide analysis,2323
26684,37759,1341239440,RE,AI in cloud computing scales solutions,2324
84902,36840,1341239500,RT,Streaming originals reach audiences,2325
121551,59177,1341239560,RE,Performance tuning enhances speed,2326
85586,6093,1341239620,MT,Gardens colorful,2327
10859,38382,1341239680,MT,Braille displays compatible,2328
30598,115447,1341239740,MT,Milky Way mass,2329
28261,26334,1341239800,MT,Baked mac and cheese is cheesy heaven,2330
7442,116495,1341239860,RE,Weightlifting platforms are demanding,2331
59424,21134,1341239920,MT,Blockchain transparency builds trust,2332
68256,206628,1341239980,RE,Expert testimony informs lawmaking,2333
20922,10645,1341240040,RT,AI edge computing reduces latency,2334
350982,7,1341240100,MT,Limited series tell complete stories,2335
1895,15,1341240160,RT,Engine swaps increase power,2336
147252,40295,1341240220,MT,Botanical marvels,2337
7691,42916,1341240280,RE,Shortcuts automate,2338
51637,7937,1341240340,RT,Stellar mass,2339
466,164933,1341240400,MT,Apple crisp with ice cream is cozy indulgence,2340
41179,227353,1341240460,RT,Cheer gyms are energetic,2341
116701,17531,1341240520,RT,Crypto adoption increases globally,2342
36065,43864,1341240580,RE,Policy briefs summarize issues,2343
23517,220156,1341240640,MT,AI federated learning preserves privacy,2344
4830,51757,1341240700,RT,Anthologies provide variety,2345
65099,30513,1341240760,RT,Turbo kits boost output,2346
100103,35597,1341240820,RE,Wildlife encounters,2347
492,275111,1341240880,RT,Automation simplifies,2348
278404,120477,1341240940,RE,Gas mass,2349
7437,50408,1341241000,RE,Tomato basil bruschetta is fresh and simple,2350
46378,227353,1341241060,RT,Lacrosse fields are fast-paced,2351
35713,26540,1341241120,MT,Bitcoin dominance fluctuates,2352
77241,586,1341241180,RT,White papers propose solutions,2353
2360,8889,1341241240,MT,AI in quantum computing explores new methods,2354
142050,34226,1341241300,MT,Documentaries inform,2355
20919,105491,1341241360,RT,Supercharger kits add performance,2356
23635,150170,1341241420,MT,Birds fly,2357
462,95923,1341241480,RE,Widgets show info,2358
191347,198177,1341241540,MT,Dark matter mass,2359
74030,7533,1341241600,MT,Grilled tuna steak is smoky perfection,2360
34283,128559,1341241660,RE,Rugby pitches are rough,2361
50202,44133,1341241720,RT,Altcoin seasons excite traders,2362
16546,70102,1341241780,RE,Legislative drafting shapes laws,2363
81674,998,1341241840,RT,AI in AR enhances experiences,2364
3369,21198,1341241900,RT,Docuseries explore subjects,2365
258580,129960,1341241960,MT,Suspension upgrades improve handling,2366
62904,79653,1341242020,RT,Mammals roam,2367
90235,39977,1341242080,MT,Live Text recognizes,2368
197478,2849,1341242140,MT,Galactic luminosity,2369
22339,147804,1341242200,RE,Vegetable spring rolls are crispy delight,2370
165916,55382,1341242260,MT,Cricket grounds are strategic,2371
127975,34236,1341242320,RT,Memecoins create hype,2372
38445,86066,1341242380,MT,Committee hearings examine details,2373
112683,15507,1341242440,RT,AI in VR simulates worlds,2374
84163,124957,1341242500,RE,Mockumentaries satirize reality,2375
2287,59905,1341242560,RE,Brake upgrades increase stopping,2376
186332,21007,1341242620,RT,Reptiles bask,2377
400577,304714,1341242680,RT,Visual Lookup identifies,2378
16003,17573,1341242740,RE,Star counts,2379
1160,26334,1341242800,RE,Chicken and dumplings is hearty comfort,2380
16822,7171,1341242860,RT,Horse arenas are elegant,2381
20522,2374,1341242920,MT,Speculative assets attract risk,2382
359960,13854,1341242980,RE,Bill sponsorship advances initiatives,2383
8889,177812,1341243040,MT,AI in HCI improves usability,2384
68099,7785,1341243100,RT,Experimental films challenge norms,2385
16225,59529,1341243160,MT,Wheel upgrades enhance style,2386
5041,810,1341243220,RE,Insects buzz,2387
13618,57541,1341243280,RE,Focus mode filters,2388
30228,83356,1341243340,RE,Milky Way size,2389
35353,49592,1341243400,RE,Mango sorbet is tropical refreshment,2390
36304,25258,1341243460,RE,Bowling alleys are fun,2391
130815,77276,1341243520,MT,Long-term holding rewards patience,2392
42239,40,1341243580,RE,Floor votes determine passage,2393
47666,4,1341243640,MT,AI in planning optimizes actions,2394
6982,27712,1341243700,RT,Independent cinema innovates,2395
1995,327,1341243760,RT,Tire upgrades improve grip,2396
182708,3424,1341243820,MT,Marine life thrives,2397
31305,47518,1341243880,MT,Privacy features protect,2398
36417,1971,1341243940,MT,Diameter estimated,2399
93990,9351,1341244000,RE,Roasted cauliflower is caramelized goodness,2400
101151,74920,1341244060,RE,Sailing oceans are vast,2401
169521,57543,1341244120,MT,HODL builds wealth,2402
28527,11362,1341244180,RT,Executive approval enforces law,2403
39183,10647,1341244240,RT,AI in multi-agent systems coordinates agents,2404
78328,47175,1341244300,RT,Foreign films broaden perspectives,2405
96775,101806,1341244360,RT,Exhaust upgrades alter sound,2406
35597,29937,1341244420,RE,Coral reefs flourish,2407
110210,220557,1341244480,RE,Location services control,2408
115543,74270,1341244540,MT,Thickness measured,2409
40185,93990,1341244600,MT,Beef lasagna is cheesy layers of joy,2410
57279,50967,1341244660,RT,Kayak rivers are adventurous,2411
64266,4509,1341244720,RT,FOMO fuels market swings,2412
10942,165693,1341244780,RE,Regulatory implementation ensures compliance,2413
39086,1984,1341244840,RT,AI in imitation learning mimics behavior,2414
24357,26753,1341244900,RE,Cinematography captures artistry,2415
57092,13912,1341244960,RE,Interior mods improve comfort,2416
3226,57319,1341245020,RE,Fish swim,2417
50308,34963,1341245080,MT,App Tracking Transparency informs,2418
335263,2233,1341245140,MT,Disk warp,2419
67505,57,1341245200,MT,Spinach salad with strawberries is fresh and sweet,2420
30750,9155,1341245260,MT,Skating rinks are smooth,2421
105315,28063,1341245320,MT,FUD drives caution,2422
37803,16546,1341245380,MT,Administrative oversight monitors execution,2423
168933,35527,1341245440,MT,AI in transfer learning adapts knowledge,2424
151491,14554,1341245500,MT,Directorial style defines vision,2425
182158,13620,1341245560,RE,Exterior mods add style,2426
11341,18313,1341245620,MT,Dolphins play,2427
8928,8208,1341245680,MT,Camera modes vary,2428
51288,55471,1341245740,RE,Outer disk flare,2429
240,289427,1341245800,MT,Chicken enchiladas are cheesy and spicy,2430
38815,2898,1341245860,RE,Handball courts are dynamic,2431
90442,9917,1341245920,RT,Volatility provides opportunity,2432
38445,123517,1341245980,RE,Judicial review interprets legality,2433
11267,62391,1341246040,RE,AI in self-supervised learning reduces labels,2434
74234,191834,1341246100,MT,Editing structures story,2435
4741,43677,1341246160,MT,Lighting mods enhance visibility,2436
93032,88,1341246220,MT,Whales surface,2437
92315,821,1341246280,RE,Portrait mode blurs background,2438
5380,89003,1341246340,RT,Galactic coordinates,2439
349931,344696,1341246400,MT,Chocolate truffle cake is rich indulgence,2440
6585,6660,1341246460,RE,Water polo pools are chaotic,2441
7480,252993,1341246520,MT,Market cycles repeat,2442
2180,20152,1341246580,RT,Civil society monitors accountability,2443
7962,89926,1341246640,MT,AI in anomaly detection finds outliers,2444
81150,6945,1341246700,MT,Sound design enhances emotion,2445
80868,236,1341246760,MT,Audio upgrades improve sound,2446
83432,439,1341246820,RE,Sharks glide,2447
107449,5307,1341246880,MT,Night mode illuminates,2448
59324,13758,1341246940,RT,Equatorial system,2449
196130,2157,1341247000,MT,Baked cod with herbs is simple elegance,2450
2373,7634,1341247060,RT,Speed skating ovals are fast,2451
57105,70066,1341247120,MT,Crypto trends evolve,2452
70786,248,1341247180,RT,NGOs advocate for change,2453
63344,45395,1341247240,MT,AI in time series predicts sequences,2454
49090,22775,1341247300,RT,Music scores create atmosphere,2455
13275,4717,1341247360,RE,Navigation upgrades provide guidance,2456
29692,17358,1341247420,RT,Turtles paddle,2457
49464,37820,1341247480,RE,Cinematic mode films,2458
2594,23430,1341247540,RE,Galactic plane,2459
68474,49716,1341247600,RE,Vegetable soup with lentils is hearty and healthy,2460
148702,2696,1341247660,MT,Kickboxing gyms are intense,2461
16681,28063,1341247720,RE,News influences sentiment,2462
287121,138464,1341247780,RT,Political movements mobilize citizens,2463
58847,66791,1341247840,RT,AI in recommendation systems personalizes content,2464
179483,20263,1341247900,RT,Acting conveys realism,2465
65099,142148,1341247960,RE,Software tuning optimizes performance,2466
35597,141905,1341248020,RT,Seals lounge,2467
261343,15538,1341248080,RT,Slo-mo records action,2468
142543,448817,1341248140,MT,Latitude and longitude,2469
293620,20276,1341248200,MT,Pasta with marinara sauce is simple delight,2470
34324,10969,1341248260,RT,CrossFit boxes are tough,2471
9363,114312,1341248320,RE,Media coverage impacts prices,2472
132585,260304,1341248380,RE,Social activism promotes justice,2473
68317,69022,1341248440,RE,AI in knowledge graphs structures data,2474
81150,28452,1341248500,RE,Casting selects talent,2475
40445,50219,1341248560,RT,ECU remaps increase efficiency,2476
33642,62904,1341248620,RT,Penguins waddle,2477
26072,59542,1341248680,RT,Time-lapse captures,2478
74295,14642,1341248740,RT,Observation challenges,2479
22924,107918,1341248800,RE,Grilled chicken sandwich is classic lunch,2480
51071,124356,1341248860,MT,Obstacle courses are demanding,2481
252993,263930,1341248920,MT,Exchange listings boost liquidity,2482
71783,324955,1341248980,RT,Peaceful protests express dissent,2483
103612,7962,1341249040,MT,AI in sentiment analysis gauges opinions,2484
7785,228,1341249100,RE,Production design builds worlds,2485
32532,28170,1341249160,RE,Track days test capabilities,2486
765,6694,1341249220,RE,Elephants roam,2487
52329,86496,1341249280,RE,Panorama photos expand,2488
4642,14600,1341249340,RT,Dust obscuration,2489
6069,20287,1341249400,MT,Shrimp and grits is southern comfort,2490
463,440981,1341249460,RT,Mountain bike trails are rugged,2491
130815,7216,1341249520,RT,Partnership announcements create optimism,2492
164123,14664,1341249580,RT,Civil disobedience challenges policies,2493
106469,56756,1341249640,RE,AI in computer vision identifies objects,2494
32414,12750,1341249700,MT,Costumes define character,2495
19253,16523,1341249760,RT,Racing showcases skill,2496
3984,14650,1341249820,RT,Lions hunt,2497
7340,6761,1341249880,MT,Macro shots close-up,2498
319196,207170,1341249940,MT,Extinction mapping,2499
1521,202609,1341250000,RT,Apple cinnamon muffins are morning joy,2500
40297,38790,1341250060,RT,Trail running paths are scenic,2501
10710,34719,1341250120,RT,Protocol upgrades improve functionality,2502
65210,50910,1341250180,MT,Petitions gather signatures,2503
51782,65377,1341250240,RT,AI in NLP summarizes texts,2504
103448,9881,1341250300,MT,Makeup transforms actors,2505
490,12465,1341250360,MT,Drag racing measures speed,2506
265613,88999,1341250420,MT,Tigers stealth,2507
48190,50865,1341250480,RE,Ultra wide lens captures,2508
209539,322484,1341250540,RT,Infrared surveys,2509
61211,19159,1341250600,MT,Baked chicken wings are crispy perfection,2510
53876,283683,1341250660,MT,Freestyle ski courses are challenging,2511
59427,2247,1341250720,RE,Smart contract innovations drive DeFi,2512
65210,30992,1341250780,MT,Community engagement informs decisions,2513
44946,130613,1341250840,MT,AI in question answering responds,2514
23666,39523,1341250900,RE,Special effects create spectacle,2515
48656,7643,1341250960,RT,Circuit racing tests handling,2516
172599,52476,1341251020,RT,Bears forage,2517
4570,12281,1341251080,RE,Telephoto lens zooms,2518
4994,23866,1341251140,RT,Radio surveys,2519
1037,286570,1341251200,RT,Vegetable curry with rice is aromatic goodness,2520
20752,49108,1341251260,RE,Yoga studios are peaceful,2521
16766,2244,1341251320,RE,NFT standards evolve,2522
451156,17468,1341251380,RT,Political rallies energize supporters,2523
5793,9036,1341251440,RT,AI in text-to-speech converts words,2524
115042,50816,1341251500,MT,Visual effects enhance scenes,2525
84112,8517,1341251560,RT,Drifting displays control,2526
325463,104053,1341251620,RE,Wolves roam,2527
21046,165058,1341251680,MT,Optical zoom magnifies,2528
33386,123162,1341251740,RT,X-ray surveys,2529
133864,8404,1341251800,MT,Chocolate pudding with whipped cream is indulgent treat,2530
98433,4794,1341251860,MT,Pilates studios are focused,2531
22451,36618,1341251920,RE,Token standards enable interoperability,2532
208502,277615,1341251980,RE,Campaign events connect voters,2533
31329,7395,1341252040,RE,AI in image recognition classifies pictures,2534
85423,4708,1341252100,RE,Practical effects ground reality,2535
65301,59529,1341252160,RE,Time attack challenges precision,2536
36415,30179,1341252220,RE,Deer graze,2537
188238,2266,1341252280,RE,Digital zoom enlarges,2538
23430,192549,1341252340,MT,Gamma-ray surveys,2539
22926,135110,1341252400,RT,Lemon pound cake is sweet simplicity,2540
27483,9017,1341252460,MT,Parkour courses are urban,2541
45605,62607,1341252520,RE,Crypto gaming attracts engagement,2542
143550,68282,1341252580,MT,Candidate speeches inspire action,2543
64993,68317,1341252640,MT,AI in object detection locates items,2544
26753,245594,1341252700,RE,Stunts provide thrill,2545
388737,32297,1341252760,RT,Autocross tests agility,2546
468,67997,1341252820,RE,Monkeys swing,2547
31310,63790,1341252880,MT,HDR enhances images,2548
6940,54291,1341252940,RE,Optical surveys,2549
50742,296637,1341253000,MT,Roasted carrots with honey are naturally sweet,2550
13141,132195,1341253060,RE,Beach volleyball courts are sandy,2551
309611,12375,1341253120,RT,Metaverse projects integrate assets,2552
123084,314,1341253180,RT,Debate performance impacts perception,2553
66791,18665,1341253240,RT,AI in image segmentation separates regions,2554
37582,12606,1341253300,MT,Lighting sets mood,2555
5965,55242,1341253360,MT,Off-roading conquers terrain,2556
37726,781,1341253420,MT,Apes observe,2557
131729,235455,1341253480,MT,Panorama stitching combines,2558
252174,198177,1341253540,RT,Space telescopes,2559
77,91029,1341253600,RE,Chicken tacos with salsa are fiesta delight,2560
48070,4460,1341253660,RE,Marathon streets are long,2561
173407,39074,1341253720,RE,Digital property becomes reality,2562
120179,57138,1341253780,RE,Media interviews shape image,2563
297144,2165,1341253840,RE,AI in pose estimation tracks movement,2564
67282,30799,1341253900,RT,Camera work guides attention,2565
280,247265,1341253960,MT,Car clubs gather enthusiasts,2566
138856,251241,1341254020,RT,Camels trek,2567
263490,378310,1341254080,RT,Photo editing adjusts,2568
278404,89010,1341254140,RT,Hubble images,2569
286570,6657,1341254200,RE,Beef and vegetable stew is hearty perfection,2570
60350,59008,1341254260,RE,Sprint tracks are precise,2571
13778,221484,1341254320,RT,DeFi aggregators optimize yield,2572
9192,453313,1341254380,RT,Press releases communicate policy,2573
35150,29519,1341254440,RT,AI in facial recognition identifies people,2574
62666,191834,1341254500,RE,Framing composes shots,2575
5965,11444,1341254560,MT,Car meets showcase vehicles,2576
3984,3020,1341254620,RT,Horses gallop,2577
56304,96291,1341254680,RE,Filters apply,2578
32706,15483,1341254740,RT,Gaia catalog,2579
9351,306742,1341254800,RT,Spinach and ricotta stuffed shells are cheesy goodness,2580
80507,389,1341254860,RE,Relay tracks are coordinated,2581
376,2288,1341254920,RT,Risk management protects capital,2582
25091,27066,1341254980,RT,Social media engages audiences,2583
106871,28872,1341255040,MT,AI in autonomous driving navigates,2584
5006,23642,1341255100,RE,Color grading adjusts tone,2585
30486,1002,1341255160,MT,Car photography captures beauty,2586
325463,27071,1341255220,MT,Donkeys carry,2587
68869,21046,1341255280,RT,Live Photos animate,2588
216655,449128,1341255340,MT,Stellar parallax,2589
16440,42907,1341255400,RT,Chocolate fudge brownies are rich indulgence,2590
38164,423163,1341255460,RT,Judo dojos are disciplined,2591
69012,11565,1341255520,RE,Education spreads awareness,2592
20,2059,1341255580,MT,Digital campaigns reach voters,2593
241617,11621,1341255640,MT,AI in drones optimizes flight,2594
179509,75830,1341255700,RT,Film theory analyzes art,2595
1134,62195,1341255760,MT,Car videos show performance,2596
3777,62619,1341255820,MT,Mules transport,2597
31917,254716,1341255880,RE,Memories create albums,2598
29542,46527,1341255940,MT,Proper motion,2599
104904,29252,1341256000,MT,Vegetable pizza with olives is colorful joy,2600
130814,11844,1341256060,RT,Karate dojos are focused,2601
2280,57105,1341256120,MT,Research drives development,2602
219683,157348,1341256180,RE,Political advertisements persuade opinion,2603
124534,22955,1341256240,RE,AI in robotics automates tasks,2604
2634,378013,1341256300,RT,Genre studies categorize,2605
182158,78827,1341256360,RT,Automotive journalism reviews cars,2606
122680,3290,1341256420,MT,Reindeer pull,2607
110897,409056,1341256480,RT,Shared albums collaborate,2608
17332,27839,1341256540,RT,Radial velocity,2609
110370,195807,1341256600,RT,Shrimp stir fry with vegetables is healthy and flavorful,2610
27483,53801,1341256660,RT,Taekwondo dojos are fast,2611
31696,354973,1341256720,RT,Community engagement fosters growth,2612
65634,201077,1341256780,RT,Endorsements enhance credibility,2613
64816,16801,1341256840,RT,AI in supply chain predicts logistics,2614
307771,84219,1341256900,RT,Auteur theory emphasizes vision,2615
7570,12904,1341256960,MT,Magazines publish features,2616
60686,2882,1341257020,RT,Oxen plow,2617
103986,29805,1341257080,RE,Photo library stores,2618
11945,8110,1341257140,MT,3D mapping,2619
6753,12510,1341257200,MT,Baked chicken thighs with rosemary are savory and golden,2620
135369,64640,1341257260,RE,Kickball fields are playful,2621
24967,50294,1341257320,RE,Investor participation fuels adoption,2622
128,8832,1341257380,RT,Coalition support strengthens position,2623
34262,186674,1341257440,RT,AI in finance automates trading,2624
49179,12666,1341257500,RE,Film history traces evolution,2625
57648,51,1341257560,RE,Websites offer reviews,2626
17676,45884,1341257620,MT,Goats climb,2627
56518,32098,1341257680,RT,iCloud Photos syncs,2628
4098,86813,1341257740,MT,Galactic structure,2629
401447,107918,1341257800,RE,Pumpkin spice latte is autumn warmth,2630
1343,124861,1341257860,RE,Softball fields are bright,2631
37443,7480,1341257920,MT,Blockchain infrastructure expands,2632
453313,60525,1341257980,RT,Partisan alignment influences votes,2633
15310,137451,1341258040,RE,AI in marketing personalizes campaigns,2634
14134,130098,1341258100,MT,Classic films inspire,2635
8944,658,1341258160,MT,Forums discuss experiences,2636
8021,30857,1341258220,RE,Sheep graze,2637
4182,10365,1341258280,RT,Storage optimization frees space,2638
35334,303217,1341258340,RE,"Disk, bulge, halo",2639
14154,8786,1341258400,RT,Apple cinnamon oatmeal is cozy breakfast,2640
3482,1880,1341258460,MT,Ping pong tables are quick,2641
50325,18231,1341258520,MT,Smart contract audits prevent exploits,2642
26629,12469,1341258580,RT,Bipartisan collaboration fosters compromise,2643
255849,27037,1341258640,RT,AI in healthcare assists doctors,2644
15934,129456,1341258700,MT,Cult films gain following,2645
2795,93159,1341258760,RT,Social media shares passion,2646
46526,138856,1341258820,RE,Cows feed,2647
126028,109652,1341258880,RE,Photo backup protects,2648
12922,360368,1341258940,RE,Spiral arms,2649
125279,38602,1341259000,RT,Beef tacos with guacamole are flavorful bites,2650
28950,13516,1341259060,MT,Dodgeball gyms are energetic,2651
376,176522,1341259120,MT,Regulatory clarity reduces uncertainty,2652
27066,9254,1341259180,MT,Cross-party negotiations solve issues,2653
10765,16618,1341259240,RE,AI in education adapts learning,2654
14134,25068,1341259300,MT,Modern cinema innovates,2655
17564,48656,1341259360,RT,Car culture inspires communities,2656
48920,51816,1341259420,MT,Pigs root,2657
1138,12466,1341259480,RT,Video editing edits,2658
5160,9762,1341259540,MT,Bar structure,2659
29315,107829,1341259600,RT,Grilled cheese with ham is cheesy comfort,2660
9229,172167,1341259660,RE,Table football tables are fast,2661
407,149796,1341259720,RE,Innovation advances adoption,2662
11542,15489,1341259780,RE,Legislative compromise passes bills,2663
2992,10765,1341259840,RT,AI in games enhances experiences,2664
239782,247514,1341259900,MT,Blockbusters draw crowds,2665
109647,23,1341259960,MT,Car collections preserve history,2666
216018,68446,1341260020,RT,Chickens peck,2667
39673,149327,1341260080,MT,Clips create content,2668
47499,278652,1341260140,RE,Warped disk,2669
8895,29864,1341260200,MT,Vegetable fried rice is simple and tasty,2670
16938,18036,1341260260,RT,Rowing courses are challenging,2671
20522,78114,1341260320,MT,Security ensures longevity,2672
429298,22734,1341260380,RT,Executive orders guide action,2673
50698,22990,1341260440,RE,AI in cybersecurity detects threats,2674
191790,27734,1341260500,RE,Indie films push boundaries,2675
5193,14813,1341260560,MT,Classic restoration revives beauty,2676
407912,33642,1341260620,MT,Ducks swim,2677
59397,163806,1341260680,MT,iMovie edits films,2678
16711,31602,1341260740,MT,Flaring disk,2679
15801,76071,1341260800,MT,Chicken and broccoli alfredo is creamy delight,2680
50275,20096,1341260860,MT,Speed climbing walls are vertical,2681
80429,177834,1341260920,MT,Utility drives demand,2682
265704,24797,1341260980,RE,Cabinet appointments manage departments,2683
36987,1274,1341261040,RE,AI in privacy preserves data,2684
489,715,1341261100,RT,Streaming shifts distribution,2685
151460,2765,1341261160,RT,Hot rods display customization,2686
59636,51816,1341261220,RE,Geese fly,2687
28253,19009,1341261280,MT,Live Photos animate,2688
58912,24007,1341261340,MT,Stellar streams,2689
110370,61211,1341261400,MT,Chocolate chip banana bread is sweet and soft,2690
76048,8614,1341261460,RT,Powerlifting gyms are heavy,2691
14838,54030,1341261520,RT,Scarcity creates value,2692
69779,252361,1341261580,RT,Administrative decisions implement law,2693
66811,53652,1341261640,RT,AI in cloud computing scales resources,2694
92153,36681,1341261700,RT,Cinema experiences captivate,2695
304700,366295,1341261760,MT,Custom cars reflect personality,2696
154350,40612,1341261820,RE,Swans glide,2697
41382,98204,1341261880,MT,HEIF compresses files,2698
71218,54217,1341261940,MT,Tidal remnants,2699
106399,48532,1341262000,RT,Roasted Brussels sprouts with balsamic are flavorful perfection,2700
386123,25931,1341262060,RE,Trail biking parks are adventurous,2701
72514,12899,1341262120,RE,Digital ownership empowers creators,2702
146381,181626,1341262180,RE,Bureaucratic processes ensure function,2703
18098,2934,1341262240,MT,AI in edge computing processes locally,2704
5082,92153,1341262300,RE,Film festivals celebrate artistry,2705
166216,55401,1341262360,MT,Tuning expresses creativity,2706
17676,85586,1341262420,RT,Parrots chatter,2707
4378,11792,1341262480,MT,HEVC encodes video,2708
20624,335263,1341262540,RT,Milky Way dynamics,2709
57269,3479,1341262600,RT,Shrimp tacos with lime crema are fresh and tasty,2710
5011,105407,1341262660,MT,Obstacle racing courses are tough,2711
135547,105315,1341262720,MT,Tokenized assets transform markets,2712
4720,32424,1341262780,RE,Regulatory enforcement maintains standards,2713
117034,71591,1341262840,RE,AI in IoT connects devices,2714
9016,349884,1341262900,MT,Awards recognize excellence,2715
12465,74012,1341262960,RT,Automotive engineering advances technology,2716
159515,66483,1341263020,MT,Eagles soar,2717
529,10896,1341263080,RT,Frame rates vary,2718
142114,342688,1341263140,MT,Rotation curve,2719
308781,136629,1341263200,RT,Baked ziti with sausage is hearty comfort,2720
38226,282758,1341263260,MT,Skydiving skies are vast,2721
168172,11852,1341263320,RT,Crypto futures and options hedge positions,2722
11991,126308,1341263380,MT,Policy evaluation measures effectiveness,2723
12891,13878,1341263440,RT,AI in social media moderates content,2724
7,8512,1341263500,MT,Box office measures success,2725
80868,139524,1341263560,RE,Safety innovations protect passengers,2726
16,56022,1341263620,RE,Falcons dive,2727
73941,378310,1341263680,RT,4K records ultra,2728
74247,86822,1341263740,RT,Dark matter influence,2729
129563,132118,1341263800,RE,Vegetable stir fry with garlic sauce is aromatic and healthy,2730
89408,170806,1341263860,MT,BMX parks are daring,2731
452892,50266,1341263920,RT,Leverage increases gains and risk,2732
274,111780,1341263980,MT,Public administration delivers services,2733
149261,147178,1341264040,MT,AI in customer service responds,2734
37451,60365,1341264100,MT,Critical acclaim influences perception,2735
50219,249845,1341264160,MT,Efficiency improvements save fuel,2736
104053,325463,1341264220,RE,Hawks circle,2737
98204,7340,1341264280,RE,1080p records full HD,2738
57654,39566,1341264340,RE,Stellar orbits,2739
181887,6069,1341264400,MT,Chicken quesadilla with salsa is cheesy delight,2740
27800,51334,1341264460,MT,Triathlon courses are long,2741
170159,8005,1341264520,RT,Borrowing and lending platforms innovate finance,2742
35109,6618,1341264580,RE,Ethical governance maintains integrity,2743
1597,998,1341264640,RT,AI in virtual assistants aids users,2744
141656,69589,1341264700,MT,Audience reception guides trends,2745
38632,132751,1341264760,MT,Design trends influence markets,2746
372414,23477,1341264820,MT,Owls hoot,2747
16064,1837,1341264880,RT,720p records HD,2748
17871,12463,1341264940,RE,Galactic potential,2749
6069,991,1341265000,RT,Beef and cheese burritos are filling and flavorful,2750
167882,197205,1341265060,MT,Ironman routes are extreme,2751
176481,101872,1341265120,RT,Synthetic assets replicate exposure,2752
137166,54023,1341265180,RE,Accountability mechanisms monitor performance,2753
71027,154581,1341265240,RE,AI in chatbots interacts naturally,2754
10916,190966,1341265300,RE,Social media spreads awareness,2755
29225,6406,1341265360,RE,Market demand drives production,2756
71585,138856,1341265420,RT,Travel photography captures,2757
189,400577,1341265480,RE,Slo-mo 120fps,2758
30487,9797,1341265540,RT,Gravitational effects,2759
75458,28261,1341265600,RE,Spinach and mushroom omelette is breakfast joy,2760
189839,26092,1341265660,MT,Soccer fields are green,2761
10741,5207,1341265720,RE,Cross-chain liquidity enhances markets,2762
31957,14085,1341265780,RT,Conflict resolution maintains stability,2763
223200,71079,1341265840,RE,AI in translation bridges languages,2764
94869,42574,1341265900,RT,Fan communities engage,2765
22804,56725,1341265960,MT,Manufacturers compete globally,2766
14567,9816,1341266020,RT,Drone shots fly,2767
387245,235455,1341266080,RT,Slo-mo 240fps,2768
198079,61130,1341266140,RT,Mass distribution,2769
250519,286570,1341266200,RE,Chocolate lava cake with ice cream is indulgent dessert,2770
37753,122175,1341266260,MT,Basketball courts are hardwood,2771
61944,6672,1341266320,RT,Blockchain gaming integrates economics,2772
123084,132585,1341266380,RE,Negotiation skills facilitate agreements,2773
39183,72185,1341266440,MT,AI in recommendation engines suggests products,2774
6968,75054,1341266500,RE,Movie nights create memories,2775
176111,57024,1341266560,MT,Brands establish identity,2776
131116,79577,1341266620,MT,Panoramas expand,2777
2670,176473,1341266680,RE,Cinematic recording films,2778
7956,33787,1341266740,RE,Galaxy modeling,2779
85424,144099,1341266800,MT,Roasted sweet potatoes with cinnamon are cozy and sweet,2780
35180,41828,1341266860,RT,Football fields are marked,2781
44371,19887,1341266920,RE,NFT marketplaces connect creators and collectors,2782
239867,192273,1341266980,MT,Diplomatic channels enable dialogue,2783
121428,153197,1341267040,RE,AI in predictive maintenance prevents failures,2784
19870,49440,1341267100,RT,Home viewing provides convenience,2785
51640,204358,1341267160,RT,Loyalty affects purchases,2786
302964,15251,1341267220,MT,Time-lapses compress,2787
5253,95629,1341267280,RE,Audio zoom focuses,2788
198079,90145,1341267340,MT,Simulation results,2789
165636,29493,1341267400,RE,Shrimp fried rice with vegetables is quick satisfaction,2790
59332,37510,1341267460,MT,Baseball diamonds are classic,2791
68266,177431,1341267520,RE,Metaverse development builds digital worlds,2792
97805,6703,1341267580,RT,International cooperation addresses global challenges,2793
50698,2165,1341267640,MT,AI in forecasting anticipates demand,2794
61508,4907,1341267700,RE,Theater experiences immerse,2795
13074,4821,1341267760,RT,Advertising promotes features,2796
52669,78063,1341267820,MT,Slow motion highlights,2797
95629,14602,1341267880,MT,Noise reduction clears sound,2798
971,3486,1341267940,RE,Milky Way formation,2799
76071,43684,1341268000,MT,Vegetable lasagna with béchamel is cheesy goodness,2800
596,16450,1341268060,MT,Hockey rinks are cold,2801
209683,806,1341268120,MT,Decentralized finance evolves rapidly,2802
9323,48623,1341268180,RE,Treaties formalize commitments,2803
22053,12464,1341268240,MT,AI in simulation tests scenarios,2804
8767,232237,1341268300,RE,IMAX and 3D enhance visuals,2805
97599,121551,1341268360,RT,Marketing creates desire,2806
80006,183312,1341268420,RT,Night photography amazes,2807
4444,12251,1341268480,RE,Spatial audio immerses,2808
29378,12595,1341268540,MT,Hierarchical assembly,2809
10964,117539,1341268600,MT,Baked salmon with garlic and herbs is flavorful perfection,2810
7639,2654,1341268660,MT,Tennis courts are fast,2811
4515,11852,1341268720,RT,Protocol upgrades ensure competitiveness,2812
189146,219683,1341268780,MT,Peacekeeping preserves security,2813
301250,220058,1341268840,MT,AI in robotics optimizes control,2814
57324,24238,1341268900,MT,Popcorn completes tradition,2815
58028,10704,1341268960,RE,Consumer reviews inform buyers,2816
13641,44652,1341269020,RT,Landscape photography inspires,2817
17312,95510,1341269080,RT,Dolby Vision supports,2818
29542,20187,1341269140,RE,Initial mass function,2819
4372,126231,1341269200,RE,Chicken tikka wrap is spicy and tasty,2820
201107,7505,1341269260,RT,Golf courses are manicured,2821
140629,236269,1341269320,RT,DAO governance democratizes decision-making,2822
50769,14628,1341269380,MT,Sanctions enforce compliance,2823
133894,122786,1341269440,MT,AI in healthcare monitors vitals,2824
191790,146922,1341269500,RE,Cinema preserves storytelling,2825
39096,29027,1341269560,RT,Car ownership involves responsibility,2826
42173,11365,1341269620,RE,Street photography observes,2827
32098,24898,1341269680,RE,ProRAW captures,2828
6496,14075,1341269740,RT,Star formation history,2829
327935,2143,1341269800,MT,Beef and vegetable stir fry with rice is hearty meal,2830
14241,59332,1341269860,RT,Boxing rings are intense,2831
54066,9951,1341269920,RT,Staking rewards long-term support,2832
23318,20751,1341269980,RT,Foreign aid supports development,2833
9352,223200,1341270040,RE,AI in finance detects fraud,2834
105143,48982,1341270100,RT,Movies reflect society,2835
46282,75441,1341270160,RT,Insurance mitigates risk,2836
137746,51746,1341270220,RE,Portrait photography connects,2837
63143,40796,1341270280,MT,Smart HDR optimizes,2838
2594,6974,1341270340,MT,Chemical evolution,2839
39016,143824,1341270400,RE,Chocolate mousse with berries is rich indulgence,2840
11844,431,1341270460,RE,Swimming pools are blue,2841
196346,30383,1341270520,RE,Validator participation secures networks,2842
355057,3360,1341270580,RE,Global summits coordinate initiatives,2843
22053,23648,1341270640,MT,AI in marketing targets ads,2844
89515,4537,1341270700,MT,Film shapes culture,2845
48702,191140,1341270760,MT,Registration ensures legality,2846
33642,5478,1341270820,RT,Macro photography details,2847
49940,254716,1341270880,RT,AI photography enhances,2848
93147,85314,1341270940,RT,Stellar populations,2849
65682,92575,1341271000,MT,Vegetable soup with noodles is comforting and healthy,2850
129441,57469,1341271060,RE,Gymnastics arenas are polished,2851
303205,4535,1341271120,RT,Crypto analytics monitor activity,2852
75369,52926,1341271180,RE,Multilateral organizations manage issues,2853
126181,177652,1341271240,RT,AI in autonomous vehicles drives safely,2854
53817,3134,1341271300,MT,Art influences thought,2855
36312,128799,1341271360,MT,Taxes fund infrastructure,2856
68446,74783,1341271420,MT,Adventure photography thrills,2857
7268,75846,1341271480,MT,Deep Fusion processes,2858
39422,52512,1341271540,RE,Population synthesis,2859
15451,477,1341271600,RT,Grilled chicken with lemon and herbs is simple and tasty,2860
101837,79134,1341271660,MT,Diving platforms are high,2861
85083,5633,1341271720,RT,On-chain data informs strategy,2862
15794,195048,1341271780,MT,Non-governmental actors influence policy,2863
28072,93337,1341271840,RT,AI in drones manages deliveries,2864
133418,8806,1341271900,MT,Entertainment connects people,2865
7570,73227,1341271960,RE,Road maintenance enables travel,2866
5282,62904,1341272020,MT,Wildlife photography observes,2867
325,35729,1341272080,MT,Image signal processor enhances,2868
43352,9762,1341272140,RE,Age estimates,2869
40254,51444,1341272200,RT,Apple pie with caramel drizzle is sweet indulgence,2870
51334,16785,1341272260,RE,Skate parks are urban,2871
100127,18431,1341272320,RT,Wallet tracking reveals adoption,2872
106758,30222,1341272380,RT,Policy advocacy drives legislation,2873
51782,46922,1341272440,MT,AI in computer vision interprets scenes,2874
50273,108275,1341272500,MT,Storytelling evokes emotion,2875
75362,1285,1341272560,RE,Driving licenses certify skill,2876
294416,18701,1341272620,MT,Travel writing narrates,2877
220557,85795,1341272680,MT,Display brightness high,2878
1373,13078,1341272740,MT,Cosmological context,2879
16440,63920,1341272800,MT,Pumpkin bread with cream cheese frosting is autumnal delight,2880
98433,50836,1341272860,MT,Surf beaches are perfect,2881
5590,11711,1341272920,RT,Market sentiment guides trading,2882
80426,1231,1341272980,MT,Political campaigns mobilize communities,2883
20385,14721,1341273040,MT,AI in NLP understands text,2884
14611,8925,1341273100,RT,Characters resonate with viewers,2885
26,26186,1341273160,RT,Driver education teaches safety,2886
7646,94553,1341273220,RE,Storytelling informs,2887
1250,50350,1341273280,RE,True Tone adjusts,2888
418,14570,1341273340,RE,Local group dynamics,2889
226725,144099,1341273400,RE,Shrimp scampi with linguine is buttery perfection,2890
51472,68599,1341273460,RT,Mountain peaks are high,2891
7566,314236,1341273520,MT,News cycles drive volatility,2892
3298,53508,1341273580,RT,Voter engagement ensures democracy,2893
90474,126181,1341273640,MT,AI in speech recognition transcribes audio,2894
23975,128773,1341273700,MT,Plots entertain and inform,2895
39372,75966,1341273760,RT,Car recalls correct defects,2896
18319,7569,1341273820,RT,Poetry reflects,2897
126028,9278,1341273880,RT,ProMotion 120Hz refresh,2898
1896,2684,1341273940,MT,Andromeda approach,2899
1160,39464,1341274000,RT,Vegetable quiche with cheddar is savory breakfast,2900
208863,1999,1341274060,RE,Cycling lanes are open,2901
9951,140003,1341274120,RE,Media coverage shapes perception,2902
42180,20751,1341274180,RT,Election monitoring maintains fairness,2903
7259,6545,1341274240,MT,AI in GANs generates realistic images,2904
120719,4427,1341274300,RT,Themes explore ideas,2905
2941,12709,1341274360,RT,Warranty covers issues,2906
48271,1390,1341274420,RT,Memoirs recall,2907
10033,168394,1341274480,RT,Color accuracy precise,2908
1373,78528,1341274540,RE,Triangulum influence,2909
2157,136594,1341274600,MT,Baked chicken with rosemary and thyme is golden perfection,2910
230569,122438,1341274660,RT,Marathon streets are lined,2911
22451,2668,1341274720,RE,Exchange listings increase exposure,2912
1042,132857,1341274780,RT,Electoral commissions oversee voting,2913
11621,38224,1341274840,RE,AI in LLMs understands language,2914
12318,220,1341274900,MT,Symbolism adds layers,2915
230115,7643,1341274960,MT,Financing allows ownership,2916
12352,52669,1341275020,RE,Guides instruct,2917
2564,7234,1341275080,MT,OLED displays vibrant,2918
198079,56,1341275140,RE,Satellite orbits,2919
281077,52413,1341275200,MT,Chocolate chip cookies with walnuts are classic treats,2920
30525,36875,1341275260,MT,Ski trails are snowy,2921
78701,60995,1341275320,RE,Partnerships expand ecosystems,2922
7269,49176,1341275380,RT,Political parties organize candidates,2923
29519,43853,1341275440,MT,AI in transformers processes sequences,2924
40298,140242,1341275500,RT,Film remains a powerful medium,2925
43371,366295,1341275560,MT,Leasing provides flexibility,2926
74375,48271,1341275620,MT,Reviews inform,2927
217458,68869,1341275680,RT,Super Retina XDR,2928
47821,126298,1341275740,RT,Milky Way future,2929
229438,43607,1341275800,MT,Roasted carrots with thyme and honey are sweet and savory,2930
75797,233483,1341275860,RE,Snowboard slopes are steep,2931
7568,170159,1341275920,MT,Community voting directs projects,2932
154107,10894,1341275980,RE,Party conventions nominate leaders,2933
31329,5793,1341276040,MT,AI in reinforcement learning trains agents,2934
15328,63223,1341276100,MT,Movies inspire imagination,2935
154451,2166,1341276160,RT,Car rental meets temporary needs,2936
14957,52470,1341276220,MT,Tips advise,2937
11891,82988,1341276280,MT,Screen refreshes fast,2938
104774,115447,1341276340,RT,Galaxy collision,2939
104904,68132,1341276400,RT,Chicken parmesan with spaghetti is cheesy delight,2940
8614,22450,1341276460,RE,Rowing rivers are calm,2941
35375,22084,1341276520,RT,Tokenomics balance supply and demand,2942
53966,91627,1341276580,RE,Primary elections select nominees,2943
7436,11103,1341276640,RE,AI in supervised learning uses labels,2944
16406,88695,1341276700,MT,Cinema evokes emotion,2945
465,12324,1341276760,MT,Car sharing promotes efficiency,2946
7646,14957,1341276820,RE,Recommendations help,2947
3979,38382,1341276880,RT,Touch response quick,2948
5832,145624,1341276940,RE,Starburst events,2949
11449,61890,1341277000,RE,Beef lasagna with ricotta is hearty and comforting,2950
68599,386123,1341277060,MT,Wrestling rings are tough,2951
156668,99532,1341277120,RT,Liquidity incentives attract capital,2952
15794,12224,1341277180,RT,General elections determine officeholders,2953
69883,27065,1341277240,RT,AI in unsupervised learning finds patterns,2954
10287,6669,1341277300,MT,Film creates culture,2955
152360,99369,1341277360,MT,Ride-hailing offers convenience,2956
62619,42510,1341277420,RT,Itineraries organize,2957
50338,13249,1341277480,RT,Haptic feedback tactile,2958
533,43518,1341277540,RT,Gas inflow,2959
16188,37567,1341277600,RT,Vegetable stir fry with tofu and soy sauce is healthy and flavorful,2960
14877,12928,1341277660,MT,Archery ranges are quiet,2961
36093,35348,1341277720,RE,Airdrops engage users,2962
238225,885,1341277780,MT,Referenda enable direct decision-making,2963
42169,15295,1341277840,RE,AI in semi-supervised learning combines approaches,2964
7785,5383,1341277900,MT,Directors craft vision,2965
176111,57958,1341277960,RE,Autonomous ride services emerge,2966
62904,60695,1341278020,RT,Maps navigate,2967
15458,73973,1341278080,RT,Gesture navigation smooth,2968
189345,81,1341278140,RE,Gas outflow,2969
361415,31086,1341278200,MT,Shrimp tacos with avocado salsa are fresh and vibrant,2970
11324,88951,1341278260,MT,Fencing halls are focused,2971
97187,11872,1341278320,RT,Token burns manage scarcity,2972
39106,68282,1341278380,RT,Citizen participation legitimizes governance,2973
547,5693,1341278440,MT,AI in generative models creates content,2974
27850,122087,1341278500,RE,Actors perform characters,2975
981,32972,1341278560,MT,EV charging networks expand,2976
302964,7081,1341278620,RT,Apps assist,2977
81422,36989,1341278680,RT,Home indicator intuitive,2978
3024,93162,1341278740,RT,Feedback processes,2979
9707,13139,1341278800,MT,Baked ziti with mozzarella and marinara is cheesy goodness,2980
103181,318488,1341278860,MT,Weightlifting platforms are heavy,2981
18561,2288,1341278920,RT,Yield farming maximizes returns,2982
50228,2160,1341278980,MT,Civic education informs electorate,2983
93258,162863,1341279040,RE,AI ethics guides responsible use,2984
39523,77167,1341279100,RE,Screenwriters tell stories,2985
51289,465,1341279160,RT,Battery technology advances,2986
150297,90641,1341279220,RE,Weather forecasts prepare,2987
57766,15538,1341279280,RT,Side button presses,2988
171180,15488,1341279340,RT,Supernova feedback,2989
19869,50945,1341279400,RE,Spinach and mushroom stuffed chicken breast is savory and delicious,2990
18036,128559,1341279460,RT,Cheerleading mats are colorful,2991
12389,145349,1341279520,RE,DeFi protocols innovate finance,2992
18309,8453,1341279580,RE,Political literacy encourages involvement,2993
11267,22799,1341279640,RE,AI bias requires careful analysis,2994
8984,206229,1341279700,MT,Cinematographers capture visuals,2995
12159,101806,1341279760,MT,Range anxiety decreases,2996
24224,18313,1341279820,RE,Travel alerts warn,2997
29805,103163,1341279880,RT,Volume buttons adjust,2998
16711,15799,1341279940,MT,AGN feedback,2999
195807,365,1341280000,RE,Chocolate brownie sundae is rich indulgence,3000
61287,135355,1341280060,MT,Lacrosse pitches are fast,3001
4368,85739,1341280120,RT,Privacy technologies enhance security,3002
147421,62217,1341280180,MT,Grassroots activism drives reform,3003
29482,80,1341280240,RT,AI transparency improves trust,3004
128515,715,1341280300,RE,Editors pace narratives,3005
2765,580,1341280360,RE,Charging speed improves,3006
244581,398000,1341280420,MT,Safety guides protect,3007
86898,7691,1341280480,MT,Silent switch toggles,3008
139746,33476,1341280540,RE,Galactic ecology,3009
1101,312038,1341280600,RT,Vegetable pizza with peppers and onions is colorful joy,3010
4602,204837,1341280660,RE,Rugby fields are rough,3011
54009,91546,1341280720,MT,Layer 2 solutions reduce congestion,3012
89751,73077,1341280780,MT,Civil society strengthens institutions,3013
10728,46112,1341280840,RE,AI explainability clarifies decisions,3014
43440,244219,1341280900,RT,Sound designers enhance audio,3015
98493,11692,1341280960,RT,Wireless charging develops,3016
50305,14957,1341281020,RE,Emergency contacts assist,3017
232,101738,1341281080,RE,Power button activates,3018
21832,29598,1341281140,RT,Cosmic web,3019
46839,22991,1341281200,MT,Roasted salmon with dill and lemon is aromatic perfection,3020
2874,25784,1341281260,MT,Cricket pitches are strategic,3021
12005,117155,1341281320,RE,Cross-chain bridges enable interoperability,3022
15113,885,1341281380,MT,Advocacy groups influence legislation,3023
236994,10765,1341281440,MT,AI datasets must be diverse,3024
1348,16524,1341281500,RT,Composers score films,3025
91948,355296,1341281560,RT,Grid integration optimizes energy,3026
73496,2164,1341281620,RE,Health tips prevent,3027
25661,66778,1341281680,MT,Lightning connector charges,3028
303217,510,1341281740,RE,Filaments,3029
28261,13222,1341281800,RE,Chicken pad thai with peanuts is sweet and savory,3030
169287,19913,1341281860,MT,Horse tracks are elegant,3031
69597,9363,1341281920,RE,Sharding scales networks,3032
41854,214,1341281980,MT,Lobbying impacts lawmaking,3033
33488,100924,1341282040,RE,AI models learn from data,3034
31975,220,1341282100,RE,Production design builds worlds,3035
114163,43722,1341282160,RE,Vehicle-to-grid supports infrastructure,3036
147396,164883,1341282220,RT,Vaccinations required,3037
10924,153995,1341282280,RT,MagSafe aligns,3038
222578,4730,1341282340,RT,Voids,3039
228672,679,1341282400,RE,Apple cinnamon pancakes are cozy morning treats,3040
25339,54229,1341282460,RE,Bowling lanes are shiny,3041
22051,85083,1341282520,MT,Zero-knowledge proofs protect data,3042
206773,58264,1341282580,RE,Think tanks research policies,3043
26684,12464,1341282640,RT,AI adapts to new information,3044
31926,25440,1341282700,MT,Costume design defines characters,3045
36854,118365,1341282760,RE,Smart cars connect devices,3046
30241,294416,1341282820,RT,Travel medicine advised,3047
254716,1843,1341282880,RT,MagSafe accessories attach,3048
126298,86822,1341282940,RT,Clusters,3049
58159,19869,1341283000,RT,Baked chicken wings with barbecue sauce are sticky and delicious,3050
109001,57469,1341283060,RE,Sailing harbors are windy,3051
204760,6050,1341283120,RT,Decentralized identity empowers users,3052
124940,15466,1341283180,RE,Policy analysis informs debate,3053
69642,147178,1341283240,MT,AI improves efficiency,3054
69970,123611,1341283300,RT,Makeup transforms actors,3055
61515,65159,1341283360,RE,Connected vehicles communicate,3056
1277,244928,1341283420,MT,Insurance covers,3057
1577,400,1341283480,RT,Wireless charging supports,3058
279316,39697,1341283540,RE,Milky Way uniqueness,3059
40185,37523,1341283600,RE,Vegetable curry with coconut milk is creamy and flavorful,3060
124356,420228,1341283660,RE,Kayak waters are flowing,3061
303205,152658,1341283720,RE,NFT adoption grows,3062
181626,359339,1341283780,RT,Expert testimony guides lawmakers,3063
242244,154581,1341283840,RT,AI reduces human error,3064
27635,4427,1341283900,MT,Visual effects expand possibilities,3065
31624,176111,1341283960,RT,V2V prevents accidents,3066
33642,1062,1341284020,RE,First aid ready,3067
50935,428447,1341284080,RE,Qi compatible,3068
30228,20968,1341284140,RE,Galaxy morphology,3069
43723,2175,1341284200,RE,Chocolate fudge cake with chocolate ganache is indulgent dessert,3070
44264,166451,1341284260,MT,Skating rinks are smooth,3071
9100,6661,1341284320,RE,Gaming NFTs reward play,3072
5335,73077,1341284380,RT,Political strategy maximizes influence,3073
9903,187458,1341284440,RT,AI accelerates research,3074
473,12183,1341284500,RT,Practical effects add realism,3075
64367,3235,1341284560,MT,V2I interacts with infrastructure,3076
34950,74187,1341284620,RT,Travel planning saves,3077
11329,38046,1341284680,RT,Fast charging enables,3078
33620,83695,1341284740,RT,Barred spiral,3079
57496,199020,1341284800,RE,Lemon garlic roasted shrimp is zesty and savory,3080
16959,32508,1341284860,MT,Handball courts are fast,3081
15724,266,1341284920,RE,Art NFTs enable ownership,3082
277615,287121,1341284980,RT,Messaging campaigns persuade,3083
3319,14887,1341285040,RT,AI supports decision-making,3084
11355,140117,1341285100,RE,Stunts create excitement,3085
65000,43722,1341285160,RT,AI in cars aids driving,3086
3419,4076,1341285220,MT,Budgeting manages,3087
23399,114428,1341285280,RT,Battery swaps rare,3088
43793,61530,1341285340,RT,Hubble classification,3089
61527,401447,1341285400,MT,Spinach and ricotta stuffed shells with marinara are cheesy delight,3090
302568,463,1341285460,RT,Water polo pools are dynamic,3091
6948,2247,1341285520,RT,Metaverse integration creates digital worlds,3092
2417,21296,1341285580,MT,Media relations manage public perception,3093
12824,72269,1341285640,RT,AI enhances creativity,3094
28214,232237,1341285700,RT,Camera movement guides perception,3095
35993,55965,1341285760,RT,ADAS improves safety,3096
37173,299898,1341285820,RE,Packing efficiently,3097
7791,18451,1341285880,RT,Water resistance certified,3098
118729,33672,1341285940,MT,Galactic environment,3099
29864,11620,1341286000,RE,Beef and broccoli with garlic sauce is hearty and satisfying,3100
295412,238634,1341286060,RT,Speed skating ovals are slick,3101
34797,24967,1341286120,RT,Crypto education spreads knowledge,3102
8453,96963,1341286180,MT,Public relations shape opinion,3103
39885,9101,1341286240,MT,AI personalizes experiences,3104
130098,18536,1341286300,RT,Lighting sets mood,3105
30218,71336,1341286360,RT,Traffic prediction optimizes travel,3106
42173,221,1341286420,RE,Luggage organizes,3107
50865,31310,1341286480,RE,Dust resistance sealed,3108
48437,39362,1341286540,RT,Satellite galaxies,3109
81403,144099,1341286600,MT,Chocolate chip banana muffins are soft and sweet,3110
86789,20359,1341286660,MT,Kickboxing rings are intense,3111
10719,50285,1341286720,RT,Research and development drive innovation,3112
176243,15113,1341286780,RT,Debate performance sways voters,3113
10392,18717,1341286840,RT,AI is the future of technology,3114
23576,139108,1341286900,MT,Color grading changes tone,3115
3549,5965,1341286960,RT,Navigation apps guide routes,3116
20636,77595,1341287020,RT,Essentials packed,3117
10365,130562,1341287080,RT,Durability improved,3118
287085,13638,1341287140,RT,Interactions,3119
76,181887,1341287200,MT,Roasted sweet potatoes with rosemary are earthy and flavorful,3120
98762,63741,1341287260,RE,CrossFit boxes are challenging,3121
173407,506,1341287320,MT,Smart contract audits prevent exploits,3122
36371,93266,1341287380,RT,Campaign advertising attracts attention,3123
6023,22170,1341287440,RT,Artificial intelligence transforms technology,3124
123611,74234,1341287500,RT,Film festivals showcase talent,3125
124506,38632,1341287560,RE,Predictive maintenance avoids failure,3126
23979,72839,1341287620,RT,Clothing versatile,3127
25006,4665,1341287680,RE,Ceramic shield protects,3128
123162,207170,1341287740,RE,Tidal forces,3129
37832,49408,1341287800,RE,Chicken enchiladas with cheese and salsa are cheesy and spicy,3130
208863,227122,1341287860,RT,Obstacle race tracks are tough,3131
12389,95881,1341287920,RT,Regulation provides clarity,3132
282071,57161,1341287980,MT,Endorsements signal support,3133
2992,84841,1341288040,MT,Machine learning powers AI systems,3134
443811,115093,1341288100,RT,Indie films innovate,3135
30486,7570,1341288160,MT,Fleet management tracks vehicles,3136
72145,119333,1341288220,MT,Footwear comfortable,3137
2662,263490,1341288280,RE,Glass back supports,3138
102320,183894,1341288340,RE,Star formation triggers,3139
196276,19343,1341288400,RT,Vegetable fried rice with eggs is simple and tasty,3140
102591,46181,1341288460,RT,Mountain biking trails are thrilling,3141
204197,177834,1341288520,RE,Investor participation increases adoption,3142
355057,73343,1341288580,MT,Political branding builds recognition,3143
367,33488,1341288640,MT,Deep learning mimics the human brain,3144
99,157238,1341288700,RE,Blockbusters entertain,3145
65099,266547,1341288760,RE,Logistics efficiency improves delivery,3146
34959,54021,1341288820,RT,Accessories useful,3147
5307,278797,1341288880,RT,Aluminum frame strong,3148
35080,19192,1341288940,MT,Chemical abundance,3149
3289,156400,1341289000,RT,Shrimp and vegetable stir fry with soy sauce is quick and healthy,3150
28250,18669,1341289060,RT,Trail running paths are scenic,3151
19887,72108,1341289120,RT,Community engagement strengthens networks,3152
138766,30992,1341289180,MT,Candidate image affects popularity,3153
61320,117034,1341289240,RT,Neural networks process complex data,3154
245594,8409,1341289300,RE,Documentaries educate,3155
105460,323,1341289360,RE,Trucking automation evolves,3156
27135,46947,1341289420,RT,Electronics charged,3157
20905,267290,1341289480,MT,Stainless steel premium,3158
10154,132182,1341289540,MT,Metallicity gradients,3159
12022,98728,1341289600,MT,Baked cod with lemon and herbs is light and flavorful,3160
403,1880,1341289660,MT,Freestyle ski parks are fun,3161
26687,14662,1341289720,RT,Token utility drives value,3162
96783,243397,1341289780,MT,Policy positions define platforms,3163
45843,22240,1341289840,RT,AI automates repetitive tasks,3164
35434,18364,1341289900,RE,Biopics tell true stories,3165
55242,8395,1341289960,MT,Public transport integrates cars,3166
77595,58074,1341290020,RE,Chargers ready,3167
56304,37437,1341290080,MT,Aerospace grade materials,3168
111624,71888,1341290140,MT,Kinematics,3169
608,180890,1341290200,MT,Spinach salad with strawberries and almonds is fresh and sweet,3170
37753,31031,1341290260,RT,Yoga rooms are calm,3171
22397,58518,1341290320,MT,Digital scarcity creates demand,3172
103249,50620,1341290380,RE,Legislative priorities guide action,3173
13821,58739,1341290440,RT,Natural language processing understands text,3174
40298,240806,1341290500,RT,Historical films inform,3175
92049,58028,1341290560,RT,Carpooling reduces congestion,3176
3752,51746,1341290620,RE,Adapters fit,3177
85795,104567,1341290680,RT,Antenna bands blend,3178
77496,273,1341290740,RT,Orbit calculations,3179
2671,52920,1341290800,RT,Chocolate tart with raspberry coulis is rich and tangy,3180
768,238634,1341290860,MT,Pilates studios are focused,3181
140003,67712,1341290920,RE,Decentralized finance continues evolution,3182
58744,208502,1341290980,RE,Executive agendas set focus,3183
6693,173141,1341291040,RT,Computer vision interprets images,3184
25907,11666,1341291100,MT,Romantic films move hearts,3185
9910,80920,1341291160,MT,Mobility as a service grows,3186
223,70550,1341291220,RT,Power banks prepared,3187
93965,23159,1341291280,RT,Dual SIM supports,3188
184606,51288,1341291340,RE,Stellar velocities,3189
199454,125279,1341291400,MT,Vegetable pot pie with puff pastry is cozy and savory,3190
16140,16529,1341291460,MT,Parkour urban courses are daring,3191
54009,58522,1341291520,RT,Blockchain technology underpins growth,3192
10894,1357,1341291580,RT,Government initiatives address needs,3193
124257,98203,1341291640,MT,Speech recognition enables communication,3194
23576,143185,1341291700,RT,Action films thrill,3195
59905,30652,1341291760,RT,Sustainable vehicles reduce emissions,3196
46526,23587,1341291820,MT,Documents ready,3197
180734,37437,1341291880,RE,eSIM modern,3198
57987,14600,1341291940,RT,Rotation,3199
401447,14415,1341292000,MT,Chicken and dumplings with vegetables is hearty comfort,3200
67504,66730,1341292060,RE,Beach volleyball sands are soft,3201
154584,108224,1341292120,MT,Crypto markets fluctuate daily,3202
51762,93266,1341292180,MT,Policy implementation ensures delivery,3203
45395,79185,1341292240,RT,AI chatbots interact with users,3204
85599,139108,1341292300,RT,Comedy films amuse,3205
1722,110932,1341292360,RT,Alternative fuels power cars,3206
153105,237922,1341292420,MT,Passports valid,3207
163806,4182,1341292480,MT,Nano SIM traditional,3208
102320,13633,1341292540,MT,Dispersion,3209
68399,2001,1341292600,RT,Apple crisp with cinnamon and nuts is sweet and cozy,3210
158400,6668,1341292660,MT,Marathon paths are long,3211
8603,6661,1341292720,MT,Volatility creates opportunity,3212
42380,89751,1341292780,RT,Administrative oversight monitors compliance,3213
117034,18717,1341292840,RE,Robotics integrates AI for automation,3214
188384,35382,1341292900,RE,Horror films scare,3215
73227,406640,1341292960,RE,Hydrogen fuel cells emerge,3216
47608,244581,1341293020,RT,Visas secured,3217
16460,7585,1341293080,RT,Storage options vary,3218
123162,207170,1341293140,MT,Halo stars,3219
485,43607,1341293200,RT,Shrimp gumbo with rice is spicy southern goodness,3220
17508,3808,1341293260,RE,Sprint lanes are short,3221
9951,5590,1341293320,RE,Long-term investment builds wealth,3222
54209,10179,1341293380,MT,Bureaucratic efficiency improves services,3223
8099,84,1341293440,RT,AI algorithms optimize decisions,3224
244219,191083,1341293500,RT,Sci-fi films explore,3225
6671,95986,1341293560,RE,Biofuels supplement energy,3226
3020,11365,1341293620,RE,Tickets booked,3227
2347,36224,1341293680,RT,64GB entry,3228
142345,19426,1341293740,RE,Globular clusters,3229
145134,251204,1341293800,RT,Baked macaroni and cheese with breadcrumbs is cheesy heaven,3230
214092,132832,1341293860,RT,Relay zones are precise,3231
14589,16538,1341293920,RT,Trading strategies adapt,3232
14793,282071,1341293980,RT,Regulatory frameworks enforce standards,3233
10159,184039,1341294040,RE,Predictive analytics forecasts trends,3234
40797,254611,1341294100,RT,Fantasy films imagine,3235
388737,51640,1341294160,RE,Hybrid systems bridge technologies,3236
30231,14549,1341294220,RT,Accommodation confirmed,3237
358393,22814,1341294280,MT,128GB standard,3238
61753,106925,1341294340,RE,Milky Way evolution,3239
24704,126231,1341294400,MT,Lemon pound cake with glaze is sweet and moist,3240
4794,24923,1341294460,RT,Judo mats are firm,3241
50294,22989,1341294520,RT,Risk management is essential,3242
857,154107,1341294580,RE,Judicial review interprets legality,3243
50200,272,1341294640,RE,Reinforcement learning improves performance,3244
108275,23576,1341294700,RE,Mystery films intrigue,3245
9822,235,1341294760,RT,Regulations shape design,3246
23587,85586,1341294820,RE,Reservations held,3247
180734,10365,1341294880,MT,256GB spacious,3248
187844,2156,1341294940,RT,Star formation rate,3249
65552,8391,1341295000,MT,Roasted cauliflower with Parmesan is crisp and savory,3250
113517,79134,1341295060,RE,Karate rings are clean,3251
49610,19887,1341295120,MT,Security protocols protect assets,3252
9682,13518,1341295180,RT,Court rulings shape policy,3253
33485,80254,1341295240,RE,AI enhances data analysis,3254
22355,2572,1341295300,MT,Thriller films tension,3255
92049,258580,1341295360,RE,Emission standards limit pollution,3256
46947,52087,1341295420,RT,Transportation arranged,3257
126028,23956,1341295480,MT,512GB ample,3258
9226,17012,1341295540,MT,Mergers history,3259
29252,25248,1341295600,MT,Beef tacos with salsa and guacamole are fiesta perfection,3260
10264,226536,1341295660,MT,Taekwondo spaces are agile,3261
27982,50233,1341295720,MT,Wallet management safeguards funds,3262
277615,58264,1341295780,MT,Legal challenges test authority,3263
14945,36392,1341295840,RT,AI personalizes user experiences,3264
191125,54060,1341295900,RE,Adventure films excite,3265
69815,9149,1341295960,RT,Safety standards protect occupants,3266
70897,18319,1341296020,MT,Transfers scheduled,3267
12945,109178,1341296080,RE,1TB massive,3268
198177,8396,1341296140,RT,Galactic archaeology,3269
113163,112746,1341296200,RE,Vegetable pizza with mozzarella and basil is colorful and cheesy,3270
37753,2874,1341296260,MT,Kickball diamonds are nostalgic,3271
35304,376537,1341296320,RE,Education increases awareness,3272
20152,10942,1341296380,MT,Constitutional interpretation guides governance,3273
5147,93258,1341296440,RT,Autonomous vehicles use AI,3274
14454,22512,1341296500,RE,War films depict courage,3275
4214,39096,1341296560,RE,Crash tests ensure compliance,3276
55,32652,1341296620,MT,Guides hired,3277
54064,61101,1341296680,MT,Pricing varies,3278
187844,95702,1341296740,RE,Age,3279
92274,232004,1341296800,RE,Chicken quesadilla with sour cream is cheesy and tasty,3280
12038,6971,1341296860,MT,Softball diamonds are bright,3281
7644,295879,1341296920,RE,Innovation expands possibilities,3282
47998,32219,1341296980,MT,Civil liberties protect rights,3283
1553,11103,1341297040,RT,AI in healthcare diagnoses diseases,3284
4957,52490,1341297100,MT,Crime films unravel plots,3285
30218,8201,1341297160,RE,Consumer safety ratings inform,3286
265301,34959,1341297220,RE,Tours planned,3287
3453,121179,1341297280,RE,Value retained,3288
12272,7960,1341297340,MT,Timeline,3289
98430,18038,1341297400,RT,Chocolate truffle cake with whipped cream is rich and indulgent,3290
91518,4460,1341297460,MT,Ping pong arenas are fast,3291
364386,17527,1341297520,RT,NFTs tokenize creativity,3292
174346,50910,1341297580,RT,Human rights safeguard freedoms,3293
42064,18717,1341297640,RT,AI in finance detects fraud,3294
73478,40298,1341297700,MT,Musicals combine song and story,3295
75042,59520,1341297760,RT,Environmental impact guides innovation,3296
26136,8293,1341297820,RT,Activities booked,3297
63143,162152,1341297880,RE,Resale market strong,3298
52882,166106,1341297940,RE,Future predictions,3299
37428,111494,1341298000,RE,Baked chicken thighs with garlic and herbs are golden and flavorful,3300
22313,3166,1341298060,RE,Dodgeball courts are playful,3301
60818,11852,1341298120,RE,Metaverse development progresses,3302
132394,123084,1341298180,RT,Social justice promotes equality,3303
262697,62205,1341298240,RE,AI in marketing predicts behavior,3304
38001,6551,1341298300,RT,Animated films inspire,3305
17185,5281,1341298360,RE,Recycling supports sustainability,3306
11710,16,1341298420,RE,Events attended,3307
11891,7691,1341298480,MT,Trade-in available,3308
164483,39566,1341298540,MT,Galaxy collision,3309
37428,202609,1341298600,RT,Pumpkin spice bread with cream cheese frosting is autumnal treat,3310
10445,4888,1341298660,RT,Table football arenas are quick,3311
116499,24084,1341298720,MT,Blockchain adoption rises,3312
13765,66320,1341298780,RE,Economic policy influences growth,3313
65377,14648,1341298840,RT,AI in education customizes learning,3314
96067,81723,1341298900,MT,Stop-motion films unique,3315
114163,87761,1341298960,MT,Manufacturing efficiency reduces waste,3316
209321,5716,1341299020,MT,Restaurants reserved,3317
180734,34284,1341299080,RT,Carrier locked optional,3318
120477,56333,1341299140,MT,Elliptical remnant,3319
40312,22627,1341299200,RE,Vegetable stir fry with tofu and ginger is healthy and aromatic,3320
36729,8442,1341299260,RT,Rowing courses are smooth,3321
41383,3243,1341299320,RE,DeFi protocols diversify,3322
3604,21814,1341299380,MT,Fiscal decisions affect budgets,3323
13821,80864,1341299440,RT,AI in cybersecurity identifies threats,3324
67282,43440,1341299500,RT,CGI creates spectacle,3325
80920,50286,1341299560,RT,Lightweight materials improve performance,3326
131116,1277,1341299620,RT,Local cuisine sampled,3327
39660,38046,1341299680,RT,Unlocked versions,3328
17460,14642,1341299740,RE,Starburst,3329
2700,232004,1341299800,RE,Shrimp tacos with lime crema and cabbage are fresh and tasty,3330
20359,121433,1341299860,RT,Speed climbing walls are vertical,3331
95881,43549,1341299920,RE,Tokenomics balance ecosystems,3332
2055,2160,1341299980,MT,Monetary policy manages currency,3333
87919,45843,1341300040,MT,AI models learn from data,3334
96067,1881,1341300100,RT,Motion capture records,3335
20483,5438,1341300160,MT,Carbon fiber enhances strength,3336
6694,172599,1341300220,RT,Markets explored,3337
28951,10140,1341300280,RT,Network 5G,3338
4730,34809,1341300340,RE,Gas dynamics,3339
466,1647,1341300400,RT,Baked ziti with sausage and mozzarella is hearty comfort,3340
6897,23813,1341300460,RE,Powerlifting platforms are heavy,3341
210094,14838,1341300520,RT,DAO governance empowers holders,3342
13765,267269,1341300580,RE,Trade policy regulates commerce,3343
212004,72185,1341300640,RE,Supervised learning uses labeled data,3344
26843,10287,1341300700,RE,Voice acting conveys,3345
70380,4177,1341300760,MT,Aluminum reduces weight,3346
201745,20636,1341300820,RE,Festivals enjoyed,3347
10482,63790,1341300880,RE,LTE supported,3348
232659,14564,1341300940,RT,Disk structure,3349
13137,74836,1341301000,MT,Spinach and mushroom omelette with cheese is breakfast joy,3350
74920,172167,1341301060,RT,Trail biking parks are exciting,3351
266,205,1341301120,RT,Cross-chain bridges connect platforms,3352
7698,43701,1341301180,RE,Foreign policy guides relations,3353
15295,73476,1341301240,MT,Unsupervised learning finds patterns,3354
32445,34800,1341301300,MT,Editing shapes story,3355
258580,29461,1341301360,RT,Steel provides durability,3356
14650,41733,1341301420,RT,Cultural sites visited,3357
9914,203555,1341301480,MT,Wi-Fi 6,3358
9226,31681,1341301540,MT,Stellar streams,3359
14577,9964,1341301600,RE,Chocolate lava cake with vanilla ice cream is decadent indulgence,3360
51715,276767,1341301660,RT,Obstacle courses are challenging,3361
177431,99038,1341301720,MT,Layer 2 scaling improves speed,3362
211,58737,1341301780,RE,Defense policy ensures security,3363
129929,57289,1341301840,RT,Semi-supervised learning combines approaches,3364
67282,253928,1341301900,RT,Montages compress,3365
19922,120571,1341301960,RE,Chassis design balances rigidity,3366
31733,35426,1341302020,MT,Historical landmarks seen,3367
8381,168394,1341302080,MT,Bluetooth connects,3368
126298,10154,1341302140,RT,Tidal debris,3369
24704,3252,1341302200,RT,Roasted sweet potatoes with honey and cinnamon are sweet and cozy,3370
53801,9341,1341302260,RT,Skydiving skies are clear,3371
13920,44446,1341302320,RE,Privacy solutions enhance security,3372
32243,74566,1341302380,MT,Environmental policy protects resources,3373
105731,74040,1341302440,MT,AI adapts to new information,3374
9016,213472,1341302500,RE,Flashbacks reveal past,3375
240876,195848,1341302560,RT,Frame construction affects safety,3376
58991,27179,1341302620,RT,Natural wonders admired,3377
19519,224711,1341302680,RE,NFC enables,3378
153606,44125,1341302740,MT,Satellites,3379
2162,102477,1341302800,RT,Shrimp fried rice with vegetables and soy sauce is quick and delicious,3380
9155,3361,1341302860,RT,BMX parks are adventurous,3381
18431,21134,1341302920,RT,Staking rewards participation,3382
18662,42239,1341302980,MT,Health policy safeguards public,3383
171153,177652,1341303040,RT,AI improves efficiency,3384
4708,105143,1341303100,RE,Foreshadowing hints,3385
92049,2795,1341303160,MT,Aerodynamic shape reduces drag,3386
159515,24802,1341303220,RT,Beaches relaxed,3387
8964,9116,1341303280,RE,U1 chip precise,3388
195029,56449,1341303340,MT,Magellanic Clouds,3389
88564,14577,1341303400,RT,Vegetable lasagna with ricotta and mozzarella is cheesy and satisfying,3390
37271,24082,1341303460,RT,Triathlon courses are diverse,3391
4509,23812,1341303520,MT,Validator nodes secure networks,3392
54796,17538,1341303580,MT,Education policy shapes future,3393
22240,86501,1341303640,RT,AI reduces human error,3394
11326,4957,1341303700,RT,Chekhov's gun pays off,3395
226183,30218,1341303760,RT,Wind tunnels test efficiency,3396
30231,4134,1341303820,RE,Mountains hiked,3397
223014,8081,1341303880,RT,Sensors advance,3398
23680,86822,1341303940,MT,Sagittarius dwarf,3399
118088,93323,1341304000,RE,Baked salmon with garlic and herbs and lemon is flavorful perfection,3400
338884,6607,1341304060,RE,Ironman paths are extreme,3401
37443,67032,1341304120,RE,Smart contract standards evolve,3402
53508,41240,1341304180,RE,Infrastructure policy builds foundations,3403
2360,2169,1341304240,RT,AI powers smart assistants,3404
80257,40266,1341304300,RT,Character arcs develop,3405
138461,50770,1341304360,RE,Computational fluid dynamics simulates airflow,3406
62439,193543,1341304420,RT,Forests walked,3407
55521,95923,1341304480,MT,Accelerometer measures,3408
78528,444973,1341304540,MT,Neighborhood,3409
39016,72658,1341304600,RT,Chicken tikka wrap with chutney is spicy and tasty,3410
14889,5843,1341304660,RE,Soccer stadiums are loud,3411
5018,116924,1341304720,RE,Community engagement fosters growth,3412
65644,198004,1341304780,RE,Technology policy fosters innovation,3413
43597,3232,1341304840,RE,AI accelerates research,3414
92153,161,1341304900,RT,Motivation drives action,3415
8756,12324,1341304960,MT,Interior ergonomics enhances comfort,3416
141905,133047,1341305020,MT,Deserts trekked,3417
36989,125593,1341305080,MT,Gyroscope tracks,3418
55495,67721,1341305140,RT,Local group,3419
8786,26694,1341305200,RE,Beef and vegetable stir fry with rice and soy sauce is hearty and filling,3420
91359,3287,1341305260,MT,Basketball arenas are thrilling,3421
300860,60021,1341305320,MT,Digital assets redefine ownership,3422
5098,355057,1341305380,RT,Energy policy secures supply,3423
5813,4526,1341305440,RT,AI in agriculture optimizes yield,3424
213472,12505,1341305500,RT,Conflict creates drama,3425
53222,19,1341305560,RT,Seat design supports posture,3426
23979,21704,1341305620,MT,Rivers crossed,3427
23159,2127,1341305680,RT,Barometer detects,3428
3398,4885,1341305740,RE,Mass,3429
113163,166548,1341305800,RE,Chocolate mousse with whipped cream and berries is rich indulgence,3430
282758,423163,1341305860,RE,Football stadiums are exciting,3431
7216,5633,1341305920,RT,Crypto trading continues to evolve,3432
9191,50769,1341305980,RE,Transportation policy enables mobility,3433
34049,34810,1341306040,MT,AI in logistics streamlines delivery,3434
78328,208328,1341306100,RT,Resolution satisfies,3435
375095,234284,1341306160,RE,Control layout improves usability,3436
6525,12818,1341306220,RE,Lakes admired,3437
41382,3277,1341306280,MT,Proximity sensor responds,3438
67721,19426,1341306340,RE,Luminosity,3439
26677,33070,1341306400,RT,Vegetable soup with noodles and herbs is comforting and healthy,3440
24923,80431,1341306460,MT,Baseball stadiums are classic,3441
14609,5207,1341306520,RE,Market trends shift rapidly,3442
68729,50282,1341306580,RE,Housing policy addresses needs,3443
20273,10093,1341306640,MT,AI in manufacturing increases productivity,3444
48982,142160,1341306700,RT,Themes convey ideas,3445
11256,258985,1341306760,MT,Visibility affects safety,3446
14567,73638,1341306820,RT,Wildlife observed,3447
73941,57541,1341306880,MT,Ambient light sensor adjusts,3448
54291,3924,1341306940,MT,Size,3449
412350,15499,1341307000,RE,Grilled chicken with lemon and herbs and garlic is simple and tasty,3450
11324,75493,1341307060,RE,Hockey arenas are chilly,3451
199015,47935,1341307120,RT,Blockchain technology drives decentralization,3452
132394,238310,1341307180,RT,Welfare policy supports communities,3453
30635,98203,1341307240,MT,AI simulations test scenarios,3454
17004,157147,1341307300,MT,Symbolism adds depth,3455
29461,28170,1341307360,RE,Mirror placement reduces blind spots,3456
32977,543,1341307420,MT,Photography captured,3457
1997,52908,1341307480,RT,LiDAR scans,3458
23680,1373,1341307540,RE,Diameter,3459
17109,2320,1341307600,RT,Apple pie with caramel drizzle and whipped cream is sweet indulgence,3460
57967,9229,1341307660,RT,Tennis stadiums are tense,3461
7020,114159,1341307720,MT,Regulation shapes adoption,3462
220962,68256,1341307780,RT,Labor policy protects workers,3463
31534,236994,1341307840,MT,AI in gaming enhances realism,3464
13660,387,1341307900,RE,Irony enriches meaning,3465
151460,49323,1341307960,RT,Sensor placement ensures detection,3466
150170,100103,1341308020,RE,Videography filmed,3467
269899,223014,1341308080,RT,Depth sensing measures,3468
15488,92,1341308140,RT,Thickness,3469
20011,13139,1341308200,RE,Pumpkin bread with cream cheese frosting and nuts is autumnal delight,3470
7404,7477,1341308260,RT,Golf courses are scenic,3471
80706,7020,1341308320,MT,Innovation creates opportunities,3472
61873,67517,1341308380,RT,Immigration policy regulates movement,3473
86501,31137,1341308440,RE,AI in entertainment personalizes content,3474
6982,4599,1341308500,MT,Subtext conveys hidden,3475
84112,57024,1341308560,RE,Camera systems monitor surroundings,3476
5206,54021,1341308620,MT,Sketches drawn,3477
42902,4639,1341308680,MT,AR experiences immersive,3478
29378,301,1341308740,RE,Warp,3479
88564,30973,1341308800,RT,Shrimp scampi with linguine and garlic butter is buttery perfection,3480
67504,80068,1341308860,RT,Boxing arenas are intense,3481
54066,191752,1341308920,RE,Security underpins trust,3482
70102,8927,1341308980,RT,Tax policy funds government,3483
120908,95905,1341309040,RE,AI ethics guides responsible use,3484
69628,42831,1341309100,RT,Dialogue reveals character,3485
14124,29461,1341309160,RT,Radar detects obstacles,3486
4059,132521,1341309220,MT,Paintings painted,3487
118480,8913,1341309280,RE,ARKit develops apps,3488
1971,79783,1341309340,MT,Flare,3489
1101,194092,1341309400,RT,Vegetable quiche with cheddar and spinach is savory breakfast,3490
154068,42208,1341309460,RE,Swimming arenas are bright,3491
236707,38028,1341309520,RE,Education spreads understanding,3492
41240,77241,1341309580,RE,Political negotiations resolve disputes,3493
7962,65377,1341309640,RT,AI biases require mitigation,3494
1574,359985,1341309700,MT,Monologues reveal thought,3495
88558,24757,1341309760,MT,Lidar maps environment,3496
74187,122680,1341309820,MT,Blogs written,3497
253142,143104,1341309880,RT,iPhone productivity,3498
32274,154198,1341309940,RE,Coordinates,3499
252801,33383,1341310000,MT,Baked chicken with rosemary thyme and garlic is golden perfection,3500
456,9017,1341310060,RT,Gymnastics halls are polished,3501
14838,45421,1341310120,MT,Long-term holding rewards patience,3502
17145,11991,1341310180,MT,Compromise enables progress,3503
210749,417,1341310240,RT,AI explainability builds trust,3504
14454,37582,1341310300,RE,Voice-over narrates,3505
314518,366295,1341310360,RT,Ultrasonic sensors aid parking,3506
30231,150297,1341310420,MT,Vlogs recorded,3507
42916,6658,1341310480,MT,Safari fast browsing,3508
71218,2071,1341310540,RE,Galactic plane,3509
34519,226,1341310600,RT,Chocolate chip cookies with walnuts and sea salt are classic treats,3510
19178,23716,1341310660,MT,Diving arenas are elevated,3511
202206,80429,1341310720,RT,HODLing builds wealth,3512
138464,1292,1341310780,RT,Consensus builds agreement,3513
2996,44183,1341310840,MT,AI transparency ensures accountability,3514
40749,12514,1341310900,MT,Exposition explains context,3515
48745,30714,1341310960,RE,Emergency braking saves lives,3516
6694,48039,1341311020,RT,Memories preserved,3517
702,118480,1341311080,RT,Mail efficient handling,3518
12698,281193,1341311140,MT,Latitude,3519
240,165636,1341311200,RE,Roasted carrots with thyme honey and garlic are sweet and savory,3520
56797,204837,1341311260,MT,Skate parks are creative,3521
14609,7462,1341311320,RE,Speculative assets attract risk,3522
47249,16715,1341311380,MT,Coalition building strengthens governance,3523
27741,18098,1341311440,MT,AI in climate science models change,3524
39523,2689,1341311500,RT,Subplots enhance narrative,3525
77070,13813,1341311560,RT,Collision warning alerts driver,3526
150170,28913,1341311620,MT,Friendships formed,3527
10482,13797,1341311680,RT,Notes organize,3528
216655,50241,1341311740,RE,Longitude,3529
133864,28091,1341311800,MT,Chicken parmesan with spaghetti and marinara is cheesy delight,3530
3259,57882,1341311860,MT,Surf beaches are thrilling,3531
205,79687,1341311920,MT,FOMO drives activity,3532
175276,9323,1341311980,RE,Diplomatic engagement fosters understanding,3533
26807,220058,1341312040,RT,AI for energy optimization saves resources,3534
34555,190966,1341312100,RE,Pacing controls engagement,3535
3193,128768,1341312160,MT,Adaptive lighting improves visibility,3536
104802,7313,1341312220,RT,Connections made,3537
50901,30463,1341312280,RT,Reminders alert,3538
9932,257868,1341312340,RT,Observation,3539
408,77,1341312400,RE,Beef lasagna with ricotta mozzarella and marinara is hearty comforting,3540
172167,75493,1341312460,RE,Mountain climbing peaks are rewarding,3541
50733,116499,1341312520,RT,FUD creates caution,3542
144026,355057,1341312580,RE,International relations maintain peace,3543
68206,5147,1341312640,RT,AI enhances creativity,3544
357,184615,1341312700,MT,Climax delivers peak,3545
216056,67097,1341312760,MT,Head-up display projects information,3546
4629,62439,1341312820,MT,Experiences cherished,3547
34963,8381,1341312880,MT,Calendar schedule,3548
50265,77496,1341312940,RT,Extinction,3549
38040,95890,1341313000,MT,Vegetable stir fry with tofu soy sauce and ginger is healthy flavorful,3550
95124,30323,1341313060,MT,Cycling trails are long,3551
169521,10719,1341313120,MT,Market cycles repeat,3552
70424,93269,1341313180,MT,Global cooperation addresses challenges,3553
419,27065,1341313240,RE,AI supports decision-making,3554
80879,957,1341313300,MT,Denouement resolves,3555
27484,31508,1341313360,RT,Digital dashboards display data,3556
4893,8468,1341313420,MT,Stories shared,3557
20560,8208,1341313480,RE,Contacts manage,3558
43352,52882,1341313540,RE,Infrared,3559
107829,93529,1341313600,RE,Shrimp tacos with avocado salsa lime crema are fresh vibrant,3560
107231,20359,1341313660,RE,Marathon routes are tough,3561
254556,31248,1341313720,RT,Crypto adoption expands globally,3562
35365,38819,1341313780,MT,Multilateral agreements coordinate action,3563
7271,18717,1341313840,MT,AI in law aids analysis,3564
151207,378013,1341313900,RT,Endings satisfy,3565
35354,245,1341313960,RT,Infotainment integrates functions,3566
285111,204768,1341314020,RE,Souvenirs bought,3567
26755,1837,1341314080,MT,Clock alarms,3568
186184,14642,1341314140,MT,Radio,3569
107918,252801,1341314200,RT,Baked ziti with mozzarella marinara and basil is cheesy goodness,3570
128559,64640,1341314260,RE,Ski resorts are snowy,3571
117615,98645,1341314320,MT,Altcoin seasons excite traders,3572
5098,86903,1341314380,MT,Policy frameworks guide implementation,3573
41425,22990,1341314440,MT,AI in HR streamlines recruitment,3574
121028,8925,1341314500,RE,Sequels continue,3575
658,42354,1341314560,RT,Smartphone connectivity enables apps,3576
62542,47631,1341314620,RT,Gifts given,3577
86898,102377,1341314680,RE,Timers manage,3578
54486,13638,1341314740,RT,X-ray,3579
48344,32204,1341314800,MT,Spinach mushroom stuffed chicken breast with cheese is savory delicious,3580
80861,46378,1341314860,RE,Snowboard parks are exciting,3581
16681,506,1341314920,RT,Memecoins drive attention,3582
308,10809,1341314980,RE,Strategic planning directs initiatives,3583
4567,10159,1341315040,MT,AI in customer service improves satisfaction,3584
29743,81150,1341315100,RE,Prequels explain,3585
4214,166216,1341315160,RT,Voice control enhances interaction,3586
159515,71112,1341315220,MT,Postcards sent,3587
81422,338389,1341315280,RE,Stopwatch activity,3588
322484,89010,1341315340,RT,Gamma-ray,3589
29252,822,1341315400,RE,Chocolate brownie sundae with chocolate sauce is rich indulgence,3590
66730,24054,1341315460,RT,Rowing waters are calm,3591
148719,316275,1341315520,RT,NFTs create new markets,3592
2193,134837,1341315580,RE,Risk assessment informs decisions,3593
241617,22170,1341315640,RT,AI frameworks simplify development,3594
94869,1945,1341315700,RT,Spin-offs expand,3595
31028,175211,1341315760,MT,Gesture control adds convenience,3596
68278,11365,1341315820,MT,Letters written,3597
278811,96291,1341315880,MT,Calculator compute,3598
41278,222578,1341315940,MT,Optical,3599
2153,60739,1341316000,RT,Vegetable pizza peppers onions and olives is colorful joy,3600
269816,7423,1341316060,MT,Wrestling arenas are intense,3601
20139,979,1341316120,RT,DeFi reshapes finance,3602
32424,328882,1341316180,RT,Impact evaluation measures outcomes,3603
47685,18717,1341316240,MT,AI datasets require quality,3604
130555,12276,1341316300,RE,Remakes revisit,3605
230115,850,1341316360,MT,Wireless updates improve systems,3606
140013,130816,1341316420,MT,Memories revisited,3607
20399,88419,1341316480,MT,Weather updates,3608
23430,12999,1341316540,RT,Space telescopes,3609
65552,119425,1341316600,RE,Roasted salmon dill lemon garlic is aromatic perfection,3610
9017,7599,1341316660,RE,Archery ranges are silent,3611
192260,4485,1341316720,RT,Metaverse integrates digital economies,3612
243397,1042,1341316780,RE,Performance metrics track success,3613
41425,35216,1341316840,MT,AI in finance manages risk,3614
65411,121076,1341316900,RT,Reboots refresh,3615
345629,314518,1341316960,RT,Over-the-air software upgrades,3616
54021,29692,1341317020,RT,Journeys recounted,3617
16344,50338,1341317080,RE,Stocks monitor,3618
14075,58534,1341317140,MT,Hubble,3619
106825,1037,1341317200,MT,Chicken pad thai peanuts lime is sweet savory,3620
68285,43914,1341317260,MT,Fencing halls are competitive,3621
135547,35348,1341317320,MT,Blockchain transparency builds trust,3622
451156,7594,1341317380,MT,Stakeholder engagement ensures inclusivity,3623
51782,46112,1341317440,RE,AI in healthcare predicts outcomes,3624
202812,128773,1341317500,RT,Adaptations translate,3625
132751,46825,1341317560,RT,Vehicle cybersecurity protects data,3626
113099,10232,1341317620,MT,Experiences inspire,3627
34796,85960,1341317680,RE,News informs,3628
23430,22472,1341317740,RE,Gaia,3629
13795,38602,1341317800,MT,Apple cinnamon pancakes syrup is cozy morning treats,3630
3998,8593,1341317860,RE,Weightlifting arenas are challenging,3631
4515,50270,1341317920,RE,Privacy coins protect data,3632
453313,33274,1341317980,RE,Public consultation gathers input,3633
180857,42112,1341318040,MT,AI speech synthesis generates voices,3634
123611,23576,1341318100,RE,Comics inspire,3635
2941,404683,1341318160,MT,Privacy safeguards personal info,3636
58736,45587,1341318220,MT,Travel enriches,3637
13640,11053,1341318280,RT,Podcasts listen,3638
74270,38673,1341318340,RE,Parallax,3639
24742,34466,1341318400,MT,Baked chicken wings barbecue sauce sticky delicious,3640
14565,52199,1341318460,MT,Cheerleading gyms are vibrant,3641
49825,6963,1341318520,RT,Layer 2 solutions improve scalability,3642
8135,2194,1341318580,RE,Community forums facilitate dialogue,3643
39086,96202,1341318640,RT,AI in IoT powers smart devices,3644
715,74234,1341318700,RE,Books adapted,3645
128768,50286,1341318760,RE,Driver monitoring detects fatigue,3646
2164,90641,1341318820,MT,Exploration fulfills,3647
108607,278797,1341318880,MT,Music tunes,3648
37502,54291,1341318940,RE,Proper motion,3649
248220,18038,1341319000,MT,Vegetable curry coconut milk creamy flavorful,3650
305412,420228,1341319060,RT,Lacrosse stadiums are dynamic,3651
46669,31585,1341319120,RE,Sharding enhances throughput,3652
195232,12498,1341319180,RT,Transparency initiatives build trust,3653
52474,215675,1341319240,RE,AI enables predictive maintenance,3654
21057,5082,1341319300,RE,Video games film,3655
30513,74012,1341319360,RT,Attention assist improves safety,3656
3777,39371,1341319420,RE,Adventure excites,3657
16011,38046,1341319480,RE,Apple Music stream,3658
17117,39697,1341319540,RE,Radial velocity,3659
15499,74030,1341319600,RE,Chocolate fudge cake ganache indulgent dessert,3660
39501,51742,1341319660,RT,Rugby stadiums are rough,3661
205,40293,1341319720,MT,Cross-chain bridges increase interoperability,3662
997,64550,1341319780,RT,Open government promotes accountability,3663
40323,22955,1341319840,RE,AI in supply chain predicts demand,3664
77167,10513,1341319900,MT,Fan films celebrate,3665
12709,9149,1341319960,MT,Lane keeping aids control,3666
64835,128915,1341320020,RE,Culture educates,3667
156686,254716,1341320080,RE,TV shows watch,3668
31602,47783,1341320140,MT,3D mapping,3669
57,63773,1341320200,RT,Lemon garlic roasted shrimp zesty savory,3670
22313,8285,1341320260,RE,Cricket stadiums are strategic,3671
93314,106,1341320320,MT,Tokenomics manage value,3672
30826,37803,1341320380,MT,Ethics commissions enforce standards,3673
75606,137200,1341320440,RE,AI in transportation optimizes routes,3674
79100,73478,1341320500,MT,Short films condense,3675
13809,109647,1341320560,RE,Traffic sign recognition informs driver,3676
281202,41655,1341320620,RE,Nature heals,3677
8252,119268,1341320680,RE,Movies view,3678
48530,209641,1341320740,RT,Structure,3679
10638,22977,1341320800,MT,Spinach ricotta stuffed shells marinara cheesy delight,3680
13127,20073,1341320860,RE,Horse arenas are grand,3681
25089,61944,1341320920,MT,Staking incentivizes support,3682
20128,327714,1341320980,RT,Anti-corruption measures protect integrity,3683
13278,14625,1341321040,RE,AI in retail personalizes shopping,3684
18076,101783,1341321100,RE,Feature films immerse,3685
30652,17966,1341321160,MT,Adaptive cruise control maintains distance,3686
51746,32796,1341321220,MT,History teaches,3687
23159,134095,1341321280,MT,Books read,3688
13078,89805,1341321340,MT,Disk,3689
114224,126091,1341321400,RE,Beef broccoli garlic sauce hearty satisfying,3690
8902,66750,1341321460,RT,Bowling alleys are fun,3691
12456,59343,1341321520,RT,Yield farming grows assets,3692
997,10809,1341321580,MT,Political reforms improve governance,3693
8460,222,1341321640,RT,AI in robotics enables autonomy,3694
92153,7245,1341321700,RE,Mini-series explore,3695
36252,21979,1341321760,RE,Blind spot monitoring warns,3696
71112,238570,1341321820,MT,People connect,3697
2050,55698,1341321880,RE,App Store download,3698
74295,109401,1341321940,RE,Bulge,3699
31955,135523,1341322000,MT,Chocolate chip banana muffins soft sweet,3700
6089,10340,1341322060,RE,Sailing seas are open,3701
33514,77179,1341322120,RT,DAO governance democratizes decisions,3702
75369,67624,1341322180,RE,Electoral reform enhances representation,3703
10159,66278,1341322240,RT,AI in language translation bridges gaps,3704
151207,5464,1341322300,RE,Streaming originals,3705
59520,53222,1341322360,RE,Parking assistance guides vehicle,3706
153105,16,1341322420,RT,Language communicates,3707
159268,1138,1341322480,RE,iCloud sync,3708
2676,342688,1341322540,MT,Halo,3709
2143,21537,1341322600,RE,Roasted sweet potatoes rosemary earthy flavorful,3710
7639,81105,1341322660,MT,Kayak rivers are exciting,3711
7717,50202,1341322720,MT,Smart contract audits ensure safety,3712
16715,5113,1341322780,RT,Judicial reform strengthens justice,3713
13821,41425,1341322840,MT,AI in media personalizes recommendations,3714
344580,17939,1341322900,RT,Limited series,3715
55242,14677,1341322960,MT,Rear cross-traffic alert warns,3716
167,101118,1341323020,RE,Food delights,3717
43905,23399,1341323080,RE,Backup protect,3718
42909,36634,1341323140,RE,Spiral arms,3719
98728,12022,1341323200,MT,Chicken enchiladas cheese salsa cheesy spicy,3720
8442,58032,1341323260,MT,Skating rinks are smooth,3721
123135,2668,1341323320,RT,Wallet management secures funds,3722
13765,214,1341323380,RT,Administrative reform increases efficiency,3723
267168,149261,1341323440,MT,AI in social media detects trends,3724
19870,297,1341323500,RT,Anthologies vary,3725
4363,55965,1341323560,RT,Emergency steering assists maneuvering,3726
79653,30241,1341323620,RE,Arts inspire,3727
49178,28951,1341323680,RE,Find My locate,3728
14469,79724,1341323740,RT,Bar,3729
158955,319990,1341323800,RT,Vegetable fried rice eggs simple tasty,3730
19947,1999,1341323860,RE,Handball courts are energetic,3731
2280,35726,1341323920,RE,Hardware wallets protect keys,3732
230465,12965,1341323980,MT,Civil service reform modernizes bureaucracy,3733
66811,126181,1341324040,RE,AI models require training,3734
85599,73478,1341324100,RE,Documentaries educate,3735
69026,52129,1341324160,RE,Night vision enhances detection,3736
380375,4652,1341324220,MT,Music entertains,3737
20905,41174,1341324280,MT,Settings customize,3738
2684,21695,1341324340,RE,Warp,3739
3999,80748,1341324400,RT,Shrimp vegetable stir fry soy sauce quick healthy,3740
3808,54892,1341324460,RE,Water polo arenas are chaotic,3741
23422,27147,1341324520,RT,Cold storage prevents loss,3742
70199,71871,1341324580,MT,Policy innovation drives progress,3743
42825,73037,1341324640,RE,AI training needs computing power,3744
1881,8806,1341324700,RE,Docuseries explore,3745
9003,13912,1341324760,MT,Tire pressure monitoring alerts,3746
3777,72217,1341324820,RE,Dance energizes,3747
40279,33450,1341324880,RT,Battery health,3748
432466,5832,1341324940,MT,Flare,3749
128781,991,1341325000,RE,Baked cod lemon herbs light flavorful,3750
33302,302797,1341325060,MT,Speed skating arenas are fast,3751
24967,22084,1341325120,MT,Multi-sig increases security,3752
157348,960,1341325180,RT,Technology adoption improves governance,3753
118304,89928,1341325240,RE,AI evaluation measures performance,3754
6,17936,1341325300,RT,Mockumentaries satirize,3755
69026,234284,1341325360,MT,Fuel efficiency improves economy,3756
44456,288604,1341325420,RE,Festivals celebrate,3757
275111,378310,1341325480,RE,Low Power saves,3758
120477,10691,1341325540,MT,Streams,3759
228672,7533,1341325600,RT,Spinach salad strawberries almonds fresh sweet,3760
128779,13123,1341325660,RT,Kickboxing gyms are tough,3761
191752,13920,1341325720,MT,Digital scarcity drives value,3762
86973,327714,1341325780,RT,Digital transformation enhances services,3763
18575,240450,1341325840,MT,AI testing ensures reliability,3764
188032,3374,1341325900,RE,Experimental films innovate,3765
5741,388737,1341325960,RE,Driving modes optimize performance,3766
150170,30231,1341326020,MT,Traditions respected,3767
267290,98204,1341326080,MT,Airplane mode,3768
14075,278652,1341326140,MT,Tidal remnants,3769
135110,19343,1341326200,RE,Chocolate tart raspberry coulis rich tangy,3770
249802,169754,1341326260,RT,CrossFit gyms are intense,3771
62125,140629,1341326320,RT,Decentralized finance continues innovation,3772
2194,152137,1341326380,RE,Data-driven decision-making informs policy,3773
11438,92785,1341326440,RE,AI in cybersecurity prevents attacks,3774
245594,62209,1341326500,RT,Independent cinema,3775
53930,138461,1341326560,RT,Eco mode saves fuel,3776
53504,45587,1341326620,MT,Heritage honored,3777
64652,141501,1341326680,RT,Do Not Disturb,3778
3972,74295,1341326740,RE,Dynamics,3779
18565,485,1341326800,RE,Vegetable pot pie puff pastry cozy savory,3780
338884,2517,1341326860,RE,Obstacle race courses are rigorous,3781
18771,11852,1341326920,RE,NFT marketplaces connect creators and collectors,3782
134836,65210,1341326980,MT,Evidence-based research supports legislation,3783
222,180857,1341327040,MT,AI in surveillance enhances security,3784
4599,55964,1341327100,MT,Foreign films diversify,3785
88804,110177,1341327160,MT,Sport mode enhances responsiveness,3786
253,361661,1341327220,RT,Architecture admired,3787
34963,10901,1341327280,RT,Screen Time monitor,3788
86,57987,1341327340,RE,Rotation curve,3789
365,8895,1341327400,MT,Chicken dumplings vegetables hearty comfort,3790
269816,86789,1341327460,MT,Mountain biking paths are rugged,3791
221484,49974,1341327520,MT,Gaming NFTs reward players,3792
154619,20751,1341327580,MT,Political education empowers citizens,3793
124257,42894,1341327640,RE,AI decision support aids professionals,3794
17004,13660,1341327700,RE,Cinematography artistry,3795
12266,2080,1341327760,RE,Comfort mode smooths ride,3796
5041,2554,1341327820,MT,Landscapes awed,3797
8745,41174,1341327880,RE,Parental control,3798
97478,20939,1341327940,RT,Dark matter,3799
2175,126091,1341328000,MT,Apple crisp cinnamon nuts sweet cozy,3800
17508,177272,1341328060,RT,Trail running tracks are scenic,3801
718,376,1341328120,RE,Metaverse assets represent ownership,3802
23318,20421,1341328180,MT,Civic participation strengthens democracy,3803
35950,154193,1341328240,RT,AI in art generates creations,3804
31926,25905,1341328300,MT,Directorial vision,3805
735,6793,1341328360,MT,Individual mode customizes settings,3806
101118,28973,1341328420,MT,Urban life explored,3807
46192,254716,1341328480,RT,Accessibility support,3808
13633,153606,1341328540,MT,Orbits,3809
166173,38448,1341328600,RE,Shrimp gumbo rice spicy southern goodness,3810
77432,352288,1341328660,RE,Freestyle skiing slopes are challenging,3811
241536,177834,1341328720,RE,Crypto adoption grows daily,3812
189146,26152,1341328780,RT,Voter registration encourages engagement,3813
89928,12748,1341328840,MT,AI in music composes tracks,3814
73478,4376,1341328900,RT,Editing structure,3815
118226,121414,1341328960,RT,Engine start-stop reduces consumption,3816
59636,187431,1341329020,MT,Rural life appreciated,3817
143,95510,1341329080,MT,Magnifier enlarge,3818
189345,33672,1341329140,MT,Gravitational effects,3819
114224,272131,1341329200,RE,Baked macaroni cheese breadcrumbs cheesy heaven,3820
233483,86789,1341329260,RE,Yoga studios are serene,3821
69597,3243,1341329320,RE,Institutional investment enters markets,3822
2180,54209,1341329380,MT,Election monitoring ensures fairness,3823
92500,17507,1341329440,MT,AI in movies enhances effects,3824
188384,9016,1341329500,RE,Sound design,3825
12709,378,1341329560,RT,Regenerative braking recovers energy,3826
52476,7284,1341329620,MT,Transportation navigated,3827
91840,4304,1341329680,MT,Voice control,3828
34809,8711,1341329740,RE,Mass distribution,3829
184761,226,1341329800,MT,Lemon pound cake glaze sweet moist,3830
20192,165916,1341329860,MT,Pilates gyms are focused,3831
59026,35713,1341329920,RE,Retail traders participate globally,3832
132585,328882,1341329980,MT,Media literacy informs public,3833
10765,51704,1341330040,MT,AI in education tutors students,3834
6968,349884,1341330100,RT,Music scores,3835
128768,1912,1341330160,RE,Energy management optimizes battery,3836
161907,33642,1341330220,RT,Safety ensured,3837
39752,42168,1341330280,RT,Hearing aids,3838
15483,138060,1341330340,RT,Modeling,3839
195528,72658,1341330400,RE,Roasted cauliflower Parmesan crisp savory,3840
98433,52122,1341330460,RE,Parkour urban tracks are daring,3841
70066,49610,1341330520,MT,Exchange liquidity facilitates trading,3842
266400,89751,1341330580,RE,Public debates foster discussion,3843
22799,59186,1341330640,MT,AI in games creates smarter NPCs,3844
22355,4376,1341330700,RT,Acting realism,3845
10745,20919,1341330760,MT,Charging apps guide stations,3846
18701,62619,1341330820,MT,Comfort maintained,3847
3994,10365,1341330880,RE,Braille display,3848
165741,23037,1341330940,RE,Simulation,3849
97338,20363,1341331000,MT,Beef tacos salsa guacamole fiesta perfection,3850
52122,86184,1341331060,MT,Beach volleyball courts are sunny,3851
9951,23422,1341331120,RT,Fiat onramps simplify access,3852
99104,38817,1341331180,MT,Town halls facilitate interaction,3853
22955,31334,1341331240,MT,AI in finance predicts stock trends,3854
81706,4285,1341331300,MT,Casting talent,3855
49701,258985,1341331360,RT,Range estimators predict travel,3856
104320,6525,1341331420,RE,Health protected,3857
7411,91840,1341331480,MT,Shortcuts automate,3858
66669,2156,1341331540,RE,Formation,3859
98728,124340,1341331600,RT,Vegetable pizza mozzarella basil colorful cheesy,3860
12928,53135,1341331660,RT,Marathon streets are filled,3861
4974,7274,1341331720,RT,Market sentiment influences price,3862
86973,180496,1341331780,RT,Community outreach promotes awareness,3863
71591,173141,1341331840,RE,AI in healthcare suggests treatments,3864
69890,16607,1341331900,RT,Production design,3865
128799,80009,1341331960,RT,Trip planners optimize route,3866
26171,77595,1341332020,MT,Budget managed,3867
64652,27864,1341332080,RT,Automation simplify,3868
56,58961,1341332140,MT,Hierarchical assembly,3869
47184,3571,1341332200,RE,Chicken quesadilla sour cream cheesy tasty,3870
181286,22450,1341332260,MT,Sprint lanes are short,3871
43725,4014,1341332320,RT,News coverage drives volatility,3872
16296,282071,1341332380,RE,Grassroots organizing mobilizes support,3873
34049,272,1341332440,RT,AI in law predicts case outcomes,3874
8742,239782,1341332500,RE,Costumes character,3875
128799,490,1341332560,RE,Navigation adapts traffic,3876
2919,1286,1341332620,RE,Planning simplifies,3877
4309,16746,1341332680,RE,Widgets info,3878
343151,37430,1341332740,RE,Initial mass function,3879
37428,36368,1341332800,MT,Chocolate truffle cake whipped cream rich indulgent,3880
4350,596,1341332860,RT,Relay tracks are coordinated,3881
4535,38711,1341332920,RE,Media attention shapes perception,3882
54796,329706,1341332980,RE,Advocacy campaigns influence policy,3883
5508,12687,1341333040,MT,AI in research accelerates discovery,3884
161,2681,1341333100,RE,Makeup transform,3885
13820,331789,1341333160,RE,Car maintenance alerts schedule service,3886
11710,104802,1341333220,RT,Spontaneity excites,3887
42410,479,1341333280,MT,Live Text recognize,3888
410219,136493,1341333340,RE,Star formation history,3889
8970,27682,1341333400,MT,Baked chicken thighs garlic herbs golden flavorful,3890
30478,318488,1341333460,RT,Judo dojos are disciplined,3891
61944,80706,1341333520,MT,Community engagement strengthens ecosystems,3892
88392,316130,1341333580,RT,Lobbying efforts target decision-makers,3893
10647,66811,1341333640,RE,AI in marketing targets campaigns,3894
34802,16695,1341333700,RE,Special effects,3895
8944,86465,1341333760,MT,Diagnostic tools monitor health,3896
70897,72839,1341333820,RE,Freedom enjoyed,3897
2127,134095,1341333880,RT,Visual Lookup,3898
29598,9932,1341333940,RE,Chemical evolution,3899
30298,24750,1341334000,RE,Pumpkin spice bread cream cheese frosting autumnal treat,3900
197205,60350,1341334060,MT,Karate dojos are focused,3901
2866,266,1341334120,RT,Research and development advances technology,3902
137166,248,1341334180,RE,Think tanks provide analysis,3903
42894,223200,1341334240,RE,AI in social media moderates content,3904
51745,356981,1341334300,RT,Visual effects,3905
20919,13912,1341334360,RE,Service reminders prevent issues,3906
133047,2521,1341334420,RT,Discovery surprises,3907
50935,9914,1341334480,MT,Focus mode,3908
10121,278404,1341334540,MT,Populations,3909
73939,268,1341334600,RE,Vegetable stir fry tofu ginger healthy aromatic,3910
338884,54292,1341334660,RE,Taekwondo dojos are agile,3911
8005,241536,1341334720,RT,Education promotes understanding,3912
4428,182011,1341334780,RE,Expert testimony informs lawmaking,3913
121428,22053,1341334840,RT,AI in agriculture monitors crops,3914
11830,7245,1341334900,RE,Practical effects,3915
35376,43371,1341334960,MT,Parts replacement maintains function,3916
16,7284,1341335020,RT,Learning occurs,3917
33442,35144,1341335080,RT,Privacy protect,3918
40886,17332,1341335140,RE,Synthesis,3919
9024,117478,1341335200,RT,Shrimp tacos lime crema cabbage fresh tasty,3920
30478,36216,1341335260,RE,Kickball fields are nostalgic,3921
50233,7216,1341335320,RE,Security protocols safeguard assets,3922
214,93062,1341335380,MT,Policy briefs summarize issues,3923
60627,186674,1341335440,MT,AI in space exploration navigates probes,3924
67282,84163,1341335500,RE,Stunts thrill,3925
191140,404683,1341335560,MT,Fluid levels ensure operation,3926
6525,68284,1341335620,RE,Reflection grows,3927
5253,114428,1341335680,RE,Location services,3928
46985,27839,1341335740,RT,Age,3929
76414,42907,1341335800,RT,Baked ziti sausage mozzarella hearty comfort,3930
125327,8398,1341335860,RT,Softball fields are cheerful,3931
12311,11711,1341335920,RT,Regulation provides clarity,3932
6958,96963,1341335980,RE,White papers propose solutions,3933
31698,68317,1341336040,MT,AI in weather prediction forecasts storms,3934
57886,31975,1341336100,MT,Lighting mood,3935
57958,816,1341336160,RE,Tire rotation extends life,3936
302505,302195,1341336220,RE,Relaxation restores,3937
66778,10859,1341336280,RT,App Tracking Transparency,3938
16527,104774,1341336340,RE,Cosmology,3939
50361,8855,1341336400,RT,Spinach mushroom omelette cheese breakfast joy,3940
147362,2908,1341336460,MT,Ping pong tables are fast,3941
137321,228749,1341336520,RT,Innovation expands opportunities,3942
9323,14160,1341336580,RE,Legislative drafting shapes laws,3943
6023,68885,1341336640,MT,AI in energy predicts consumption,3944
22642,8984,1341336700,RT,Camera work,3945
14813,265187,1341336760,MT,Brake inspection prevents accidents,3946
11405,21280,1341336820,RE,Adventure challenges,3947
750,110210,1341336880,RT,Camera modes,3948
19879,12478,1341336940,RE,Local group,3949
61890,26694,1341337000,MT,Chocolate lava cake vanilla ice cream decadent indulgence,3950
9851,30323,1341337060,RT,Dodgeball gyms are lively,3951
31231,156739,1341337120,RE,Digital ownership transforms markets,3952
18662,104265,1341337180,MT,Committee hearings examine details,3953
998,1984,1341337240,MT,AI in environment models ecosystems,3954
123611,65097,1341337300,RT,Framing composition,3955
1912,503,1341337360,MT,Battery check avoids failure,3956
28913,20246,1341337420,RE,Joy experienced,3957
96291,36224,1341337480,RT,Portrait blur,3958
131506,3209,1341337540,RT,Andromeda approach,3959
4259,93502,1341337600,MT,Roasted sweet potatoes honey cinnamon sweet cozy,3960
106789,276767,1341337660,RE,Table football arenas are quick,3961
2568,33150,1341337720,RT,Tokenized assets enable new value,3962
3233,3141,1341337780,MT,Bill sponsorship advances initiatives,3963
63793,7124,1341337840,RE,AI in defense enhances strategy,3964
77167,9941,1341337900,RE,Color grading tone,3965
64643,3193,1341337960,MT,Coolant flush prevents overheating,3966
4561,188858,1341338020,RT,Travel transforms,3967
1795,10140,1341338080,MT,Night mode,3968
265554,9932,1341338140,RT,Triangulum influence,3969
46839,32204,1341338200,RE,Shrimp fried rice vegetables soy sauce quick delicious,3970
52199,12648,1341338260,RT,Rowing lanes are smooth,3971
140629,24967,1341338320,RT,Blockchain technology underpins growth,3972
36114,164123,1341338380,RT,Floor votes determine passage,3973
3319,177812,1341338440,RE,AI in transportation improves safety,3974
35064,21057,1341338500,RE,Film theory,3975
19,59529,1341338560,RE,Air filter replacement maintains flow,3976
70080,1390,1341338620,MT,Scenic viewpoints impress,3977
45137,50901,1341338680,RT,Cinematic mode,3978
139746,14570,1341338740,RT,Satellites,3979
214036,19869,1341338800,RT,Vegetable lasagna ricotta mozzarella cheesy satisfying,3980
20050,103181,1341338860,RT,Speed climbing walls are vertical,3981
191752,36618,1341338920,RE,Crypto markets remain dynamic,3982
4446,1993,1341338980,RT,Executive approval enforces law,3983
9108,54070,1341339040,RE,AI in construction optimizes planning,3984
51745,101783,1341339100,RT,Genre studies,3985
9858,30714,1341339160,RE,Timing belt service prevents damage,3986
45884,2177,1341339220,RT,Local customs enrich,3987
5004,42902,1341339280,RT,Slo-mo,3988
13633,28455,1341339340,MT,Future,3989
112746,242934,1341339400,RE,Baked salmon garlic herbs lemon flavorful perfection,3990
51742,57882,1341339460,MT,Powerlifting platforms are heavy,3991
31288,82858,1341339520,RT,Volatility offers opportunity,3992
201077,138766,1341339580,MT,Regulatory implementation ensures compliance,3993
84841,5280,1341339640,RE,AI in manufacturing predicts failures,3994
957,3772,1341339700,MT,Auteur theory,3995
50230,32297,1341339760,RE,Transmission service ensures shifting,3996
244928,8468,1341339820,MT,Shopping experiences delight,3997
16435,7791,1341339880,MT,Time-lapse,3998
195029,46985,1341339940,MT,Collision,3999
46839,15521,1341340000,RE,Chicken tikka wrap chutney spicy tasty,4000
128559,64547,1341340060,RT,Trail biking parks are thrilling,4001
5188,77516,1341340120,RE,HODLing builds long-term wealth,4002
8927,73077,1341340180,MT,Administrative oversight monitors execution,4003
220156,6679,1341340240,RE,AI in logistics improves efficiency,4004
136565,57324,1341340300,RT,Film history,4005
16225,39372,1341340360,RT,Suspension inspection maintains handling,4006
37574,41812,1341340420,RE,Souvenir hunting fun,4007
250087,108607,1341340480,RE,Panorama,4008
4994,14469,1341340540,MT,Starburst,4009
9879,86906,1341340600,RT,Beef vegetable stir fry rice soy sauce hearty filling,4010
128779,184353,1341340660,RE,Obstacle racing courses are intense,4011
7644,59026,1341340720,MT,Trading strategies adapt constantly,4012
10894,14926,1341340780,RE,Judicial review interprets legality,4013
51782,110522,1341340840,RE,AI in retail recommends products,4014
25094,23761,1341340900,RT,Classic films,4015
42689,99839,1341340960,MT,Vehicle inspection ensures safety,4016
188858,248648,1341341020,RE,Cultural performances mesmerize,4017
34629,378310,1341341080,MT,Macro shots,4018
3972,120347,1341341140,RT,Gas inflow,4019
107829,327935,1341341200,MT,Chocolate mousse whipped cream berries rich indulgence,4020
98762,122175,1341341260,RE,Skydiving skies are vast,4021
76165,217199,1341341320,RE,Risk management protects capital,4022
206628,26629,1341341380,MT,Civil society monitors accountability,4023
48780,57289,1341341440,MT,AI in entertainment customizes experiences,4024
20263,28643,1341341500,RE,Cult films,4025
128768,121551,1341341560,RT,Detailing preserves appearance,4026
33642,86851,1341341620,MT,Street performers entertain,4027
2870,95629,1341341680,RE,Ultra wide lens,4028
410219,59654,1341341740,RT,Gas outflow,4029
12022,65008,1341341800,RE,Vegetable soup noodles herbs comforting healthy,4030
50329,18792,1341341860,RT,BMX parks are daring,4031
104791,109527,1341341920,RE,Crypto analytics inform decisions,4032
42180,1292,1341341980,MT,NGOs advocate for change,4033
89928,59702,1341342040,MT,AI in music recommends songs,4034
288958,2356,1341342100,MT,Modern cinema,4035
2765,19872,1341342160,RT,Car wash maintains finish,4036
36415,26136,1341342220,RT,Festive lights dazzle,4037
6692,11956,1341342280,MT,Telephoto lens,4038
50964,12440,1341342340,RT,Feedback,4039
72658,122469,1341342400,RT,Grilled chicken lemon herbs garlic simple tasty,4040
42034,13123,1341342460,RT,Triathlon courses are tough,4041
43554,12899,1341342520,RE,On-chain data reveals patterns,4042
35365,67666,1341342580,MT,Political movements mobilize citizens,4043
5566,98992,1341342640,RT,AI in video games personalizes play,4044
3374,60365,1341342700,RE,Blockbusters,4045
16708,108272,1341342760,RE,Waxing protects paint,4046
372150,304454,1341342820,MT,Night markets excite,4047
428447,22740,1341342880,RE,Optical zoom,4048
13799,12462,1341342940,MT,Supernova,4049
61481,22926,1341343000,RT,Apple pie caramel drizzle whipped cream sweet indulgence,4050
338884,51715,1341343060,RT,Ironman challenges are extreme,4051
316275,50233,1341343120,RE,Wallet activity tracks adoption,4052
14661,144026,1341343180,RE,Social activism promotes justice,4053
12464,71339,1341343240,RE,AI in communication translates languages,4054
1348,184615,1341343300,RE,Indie films,4055
31028,173809,1341343360,RT,Polishing restores shine,4056
16990,73638,1341343420,MT,Food stalls tempt,4057
529,154462,1341343480,RT,Digital zoom,4058
131506,12999,1341343540,MT,AGN,4059
206753,250519,1341343600,RT,Pumpkin bread cream cheese frosting nuts autumnal delight,4060
318488,56968,1341343660,MT,"Football is more than a game, it is a lifestyle",4061
13881,38009,1341343720,MT,Market sentiment shifts quickly,4062
15489,23727,1341343780,MT,Peaceful protests express dissent,4063
68317,2169,1341343840,MT,AI in healthcare monitors patients,4064
443811,7525,1341343900,RT,Streaming distribution,4065
5123,8136,1341343960,RT,Interior cleaning enhances comfort,4066
167,3752,1341344020,MT,Traditional crafts amaze,4067
11329,10901,1341344080,RT,HDR,4068
12999,12698,1341344140,MT,Ecology,4069
7279,229438,1341344200,RE,Shrimp scampi linguine garlic butter buttery perfection,4070
3144,31224,1341344260,RE,Basketball courts are where legends are made,4071
20522,77279,1341344320,MT,Exchange listings increase liquidity,4072
53966,11342,1341344380,MT,Civil disobedience challenges policies,4073
5375,7124,1341344440,MT,AI in finance detects anomalies,4074
42831,6,1341344500,RE,Cinema experience,4075
53930,8471,1341344560,RE,Leather conditioning prevents cracking,4076
93032,2882,1341344620,RE,Historic neighborhoods explore,4077
166095,90083,1341344680,RT,Panorama stitching,4078
55239,303217,1341344740,RE,Cosmic web,4079
168393,60146,1341344800,MT,Vegetable quiche cheddar spinach savory breakfast,4080
73556,16690,1341344860,RE,Soccer brings the world together,4081
82858,30578,1341344920,RE,Partnerships expand ecosystems,4082
93062,54209,1341344980,MT,Petitions gather signatures,4083
48780,56038,1341345040,RT,AI in marketing analyzes trends,4084
276525,16607,1341345100,RT,Film festivals,4085
90495,23,1341345160,MT,Upholstery cleaning maintains fabric,4086
1416,251638,1341345220,RT,City squares bustle,4087
42916,8913,1341345280,RE,Photo editing,4088
92,24007,1341345340,RT,Filaments,4089
319990,8786,1341345400,RE,Baked chicken rosemary thyme garlic golden perfection,4090
189336,305412,1341345460,RE,Running clears the mind and strengthens the body,4091
64320,19609,1341345520,RT,Protocol upgrades improve functionality,4092
17145,148228,1341345580,RE,Community engagement informs decisions,4093
301250,5280,1341345640,RT,AI in education evaluates performance,4094
23576,18536,1341345700,MT,Awards,4095
114163,137039,1341345760,RE,Glass cleaning ensures clarity,4096
33651,17676,1341345820,RE,Famous landmarks awe,4097
133434,37437,1341345880,MT,Filters,4098
29542,15214,1341345940,RE,Voids,4099
485,48532,1341346000,RE,Chocolate chip cookies walnuts sea salt classic treats,4100
101837,69611,1341346060,RT,Tennis is a battle of strategy and speed,4101
7566,5018,1341346120,RT,DAO governance empowers holders,4102
130735,93167,1341346180,MT,Political rallies energize supporters,4103
15295,12824,1341346240,MT,AI in robotics automates factories,4104
1574,17989,1341346300,RT,Box office,4105
36854,67097,1341346360,RT,Rust prevention protects metal,4106
113099,1205,1341346420,RT,Hidden alleys discover,4107
90227,56518,1341346480,RE,Live Photos,4108
197478,8110,1341346540,MT,Clusters,4109
147804,281077,1341346600,RT,Roasted carrots thyme honey garlic sweet savory,4110
20073,421847,1341346660,MT,Swimming is freedom in motion,4111
80706,35726,1341346720,RE,Staking rewards participation,4112
73077,277615,1341346780,MT,Campaign events connect voters,4113
79494,95913,1341346840,RE,AI in surveillance detects anomalies,4114
99403,6017,1341346900,RT,Critical acclaim,4115
6502,120571,1341346960,RE,Undercarriage wash removes debris,4116
14672,3419,1341347020,RE,Architectural details inspire,4117
1795,50901,1341347080,MT,Memories albums,4118
54217,6648,1341347140,MT,Uniqueness,4119
920,15801,1341347200,RE,Chicken parmesan spaghetti marinara cheesy delight,4120
49396,116495,1341347260,RT,Baseball is America’s pastime,4121
806,152531,1341347320,RE,Validator nodes secure networks,4122
2915,50311,1341347380,RT,Candidate speeches inspire action,4123
13878,58549,1341347440,MT,AI in customer service responds quickly,4124
36681,4957,1341347500,RE,Audience reception,4125
31171,70275,1341347560,MT,Car covers protect exterior,4126
329,3020,1341347620,MT,Museums captivate,4127
21606,50338,1341347680,MT,Shared albums,4128
21949,1373,1341347740,RT,Morphology,4129
98430,91500,1341347800,RE,Beef lasagna ricotta mozzarella marinara hearty comforting,4130
34928,28067,1341347860,RT,Cycling is the journey and the destination,4131
832,108383,1341347920,MT,Layer 2 scaling improves speed,4132
70424,83921,1341347980,RT,Debate performance impacts perception,4133
12824,129929,1341348040,MT,AI in social media curates content,4134
32445,10287,1341348100,RT,Social media,4135
12709,59520,1341348160,RT,Storage maintains condition,4136
31337,42,1341348220,RT,Galleries intrigue,4137
115612,153995,1341348280,RT,Photo library,4138
61005,170689,1341348340,RE,Barred spiral,4139
9351,26334,1341348400,RE,Vegetable stir fry tofu soy sauce ginger healthy flavorful,4140
38815,4888,1341348460,RE,Golf requires patience and precision,4141
5213,24033,1341348520,MT,Cross-chain bridges increase interoperability,4142
77616,65210,1341348580,RE,Media interviews shape image,4143
59702,31329,1341348640,RE,AI in agriculture optimizes irrigation,4144
6993,22714,1341348700,MT,Fan communities,4145
53071,141049,1341348760,RT,Driving technique affects efficiency,4146
32977,330,1341348820,MT,Theaters entertain,4147
59397,104567,1341348880,MT,iCloud Photos,4148
137246,48530,1341348940,RE,Classification,4149
360,93323,1341349000,MT,Shrimp tacos avocado salsa lime crema fresh vibrant,4150
14674,121433,1341349060,RE,Boxing tests the limits of endurance and will,4151
44446,2568,1341349120,RT,Privacy solutions enhance security,4152
96963,5098,1341349180,RT,Press releases communicate policy,4153
51181,131144,1341349240,RE,AI in energy manages grids,4154
16313,25955,1341349300,MT,Movie nights,4155
53222,36252,1341349360,MT,Defensive driving prevents accidents,4156
828,73979,1341349420,RT,Concerts energize,4157
52329,52908,1341349480,MT,Storage optimization,4158
497,302869,1341349540,RE,Environment,4159
170103,9964,1341349600,MT,Baked ziti mozzarella marinara basil cheesy goodness,4160
46819,170806,1341349660,RE,Volleyball is teamwork and timing,4161
59,51749,1341349720,MT,Smart contract audits prevent exploits,4162
68256,123084,1341349780,MT,Social media engages audiences,4163
12891,26807,1341349840,RE,AI in transport predicts traffic,4164
239782,140190,1341349900,RT,Home viewing,4165
99084,31028,1341349960,RE,Eco-driving saves fuel,4166
1239,1277,1341350020,RT,Temples calm,4167
387599,50242,1341350080,MT,Photo backup,4168
31444,13633,1341350140,RE,Interactions,4169
28707,129211,1341350200,MT,Spinach mushroom stuffed chicken breast cheese savory delicious,4170
37510,4794,1341350260,MT,Hockey is fast and unforgiving,4171
6948,4123,1341350320,RE,Education spreads awareness,4172
90041,50274,1341350380,RT,Digital campaigns reach voters,4173
8294,85479,1341350440,MT,AI in defense identifies threats,4174
35434,265816,1341350500,RT,Theater experience,4175
6712,55242,1341350560,RT,Highway driving increases speed,4176
37173,64835,1341350620,MT,Religious sites respect,4177
272862,40407,1341350680,MT,Video editing,4178
209539,15214,1341350740,RT,Tidal forces,4179
101877,135523,1341350800,MT,Chocolate brownie sundae chocolate sauce rich indulgence,4180
13416,132832,1341350860,RE,Track and field push the human body to extremes,4181
26540,20522,1341350920,MT,Innovation drives growth,4182
182011,18450,1341350980,MT,Political advertisements persuade opinion,4183
42643,3795,1341351040,RE,AI in environment models climate,4184
423897,170163,1341351100,RE,IMAX 3D,4185
128853,37503,1341351160,MT,City driving navigates traffic,4186
62904,106658,1341351220,MT,Pilgrimages inspire,4187
4364,9025,1341351280,RE,Clips,4188
23680,22788,1341351340,MT,Triggers,4189
29315,101877,1341351400,RT,Vegetable pizza peppers onions olives colorful joy,4190
87319,37271,1341351460,RT,Gymnastics combines grace with strength,4191
254556,1941,1341351520,RT,Digital scarcity creates value,4192
185374,318856,1341351580,RT,Endorsements enhance credibility,4193
255849,15295,1341351640,RE,AI in science analyzes data,4194
31975,329401,1341351700,RE,Popcorn tradition,4195
159599,29461,1341351760,RE,Parking skills prevent damage,4196
7646,251706,1341351820,MT,Sacred places awe,4197
24384,3362,1341351880,MT,iMovie,4198
37134,12949,1341351940,RE,Abundance,4199
167070,106209,1341352000,RT,Roasted salmon dill lemon garlic aromatic perfection,4200
32108,16938,1341352060,RE,Martial arts teach discipline and focus,4201
50233,93314,1341352120,RE,NFT adoption grows,4202
65904,2417,1341352180,MT,Coalition support strengthens position,4203
77245,10063,1341352240,MT,AI in research accelerates insights,4204
51757,40749,1341352300,RE,Cinema storytelling,4205
80868,309612,1341352360,MT,Overtaking requires caution,4206
7646,5041,1341352420,RT,Monasteries tranquil,4207
71020,39752,1341352480,RE,Live Photos animate,4208
4994,48530,1341352540,RT,Gradients,4209
32534,21397,1341352600,RT,Chicken pad thai peanuts lime sweet savory,4210
101151,38728,1341352660,RE,Skiing is gliding over winter’s canvas,4211
7216,2673,1341352720,RT,Gaming NFTs reward play,4212
20128,49540,1341352780,RE,Partisan alignment influences votes,4213
42112,1553,1341352840,MT,AI in law assists review,4214
168548,11830,1341352900,RE,Movies society,4215
7675,216038,1341352960,RT,Lane changing ensures safety,4216
42,47506,1341353020,RT,Castles majestic,4217
52836,38046,1341353080,MT,HEIF,4218
198079,54856,1341353140,MT,Kinematics,4219
276033,20103,1341353200,MT,Apple cinnamon pancakes syrup cozy morning treats,4220
23946,18669,1341353260,RE,Snowboarding is freedom on a slope,4221
3861,78701,1341353320,RE,Metaverse projects integrate assets,4222
18012,134319,1341353380,RE,Bipartisan collaboration fosters compromise,4223
26158,5813,1341353440,MT,AI in HR analyzes resumes,4224
169977,191125,1341353500,RT,Film culture,4225
175211,48656,1341353560,RT,Signals communicate intentions,4226
52087,130816,1341353620,RE,Palaces grand,4227
137233,65003,1341353680,RE,HEVC,4228
23866,17057,1341353740,MT,Orbit,4229
166173,59159,1341353800,RT,Baked chicken wings barbecue sauce sticky delicious,4230
132195,265784,1341353860,RE,Surfing is reading the waves,4231
91016,22989,1341353920,RT,DeFi protocols evolve,4232
37964,659,1341353980,RT,Cross-party negotiations solve issues,4233
103612,8956,1341354040,MT,AI in recruitment identifies talent,4234
69589,80477,1341354100,MT,Art thought,4235
118226,48745,1341354160,RE,Headlights illuminate,4236
36415,42510,1341354220,MT,Forts protect history,4237
10140,29259,1341354280,RE,Frame rates,4238
49694,86,1341354340,MT,Velocities,4239
125279,145134,1341354400,MT,Vegetable curry coconut milk creamy flavorful,4240
216,67382,1341354460,RT,Skateboarding is art in motion,4241
171,55951,1341354520,MT,Tokenomics balance ecosystems,4242
190358,17468,1341354580,MT,Legislative compromise passes bills,4243
44946,34049,1341354640,MT,AI in manufacturing improves quality,4244
133418,31836,1341354700,RT,Entertainment connection,4245
6350,3976,1341354760,RE,Horn warns others,4246
64835,46530,1341354820,MT,Ruins reveal past,4247
180734,34796,1341354880,RT,4K,4248
6013,13799,1341354940,RT,Rotation,4249
88215,20103,1341355000,RT,Chocolate fudge cake ganache indulgent dessert,4250
6912,8902,1341355060,MT,Climbing challenges body and mind,4251
13816,235207,1341355120,RT,Community voting guides projects,4252
182011,14146,1341355180,MT,Executive orders guide action,4253
41425,90474,1341355240,RT,AI in logistics tracks shipments,4254
35535,65411,1341355300,RT,Storytelling emotion,4255
7214,443349,1341355360,RE,Road signs guide,4256
150297,29054,1341355420,RE,Ancient roads wander,4257
73973,3979,1341355480,RT,1080p,4258
51310,533,1341355540,RT,Dispersion,4259
4986,84134,1341355600,MT,Lemon garlic roasted shrimp zesty savory,4260
2687,98433,1341355660,RE,Rowing is rhythm and power,4261
7717,5188,1341355720,RE,Digital assets redefine ownership,4262
54223,86973,1341355780,MT,Cabinet appointments manage departments,4263
151791,90152,1341355840,RT,AI in healthcare diagnoses conditions,4264
34460,1945,1341355900,RE,Characters resonate,4265
10269,54226,1341355960,RE,Traffic lights regulate,4266
235593,50052,1341356020,MT,Bridges connect,4267
40303,54301,1341356080,RT,720p,4268
32195,12922,1341356140,MT,Halo,4269
26334,8399,1341356200,MT,Spinach ricotta stuffed shells marinara cheesy delight,4270
59893,68285,1341356260,MT,Wrestling is strength and technique,4271
17178,81265,1341356320,RT,Crypto adoption accelerates globally,4272
104474,318856,1341356380,RT,Administrative decisions implement law,4273
65377,42064,1341356440,RE,AI in finance predicts markets,4274
89925,253928,1341356500,RT,Plots inform,4275
42432,132830,1341356560,RT,Speed limits enforce,4276
29054,16699,1341356620,RT,Tunnels amaze,4277
8081,12937,1341356680,RT,Slo-mo 120fps,4278
4885,207170,1341356740,MT,Clusters,4279
36841,143824,1341356800,MT,Beef broccoli garlic sauce hearty satisfying,4280
22313,965,1341356860,MT,Badminton is speed and agility,4281
11565,287256,1341356920,MT,Blockchain infrastructure expands,4282
74604,5143,1341356980,RT,Bureaucratic processes ensure function,4283
412404,54758,1341357040,RT,AI in retail forecasts demand,4284
353357,59945,1341357100,RT,Themes ideas,4285
18325,30714,1341357160,RE,Roundabouts manage flow,4286
64864,380375,1341357220,RT,Lighthouses guide,4287
11053,102377,1341357280,MT,Slo-mo 240fps,4288
21587,1425,1341357340,MT,Evolution,4289
33355,128458,1341357400,RE,Chocolate chip banana muffins soft sweet,4290
6912,8385,1341357460,RE,Table tennis is quick reflexes and strategy,4291
204760,8005,1341357520,RT,Regulation shapes compliance,4292
91040,49176,1341357580,RT,Regulatory enforcement maintains standards,4293
13821,110170,1341357640,RT,AI in media personalizes viewing,4294
55964,426646,1341357700,RE,Symbolism layers,4295
16304,865,1341357760,RT,Stop signs prevent collisions,4296
221,122880,1341357820,MT,Harbors bustle,4297
10300,25006,1341357880,RE,Cinematic recording,4298
4885,2684,1341357940,MT,SFR,4299
7898,48652,1341358000,MT,Roasted sweet potatoes rosemary earthy flavorful,4300
30323,3287,1341358060,RE,Archery is patience and precision,4301
241536,19995,1341358120,RT,Security ensures trust,4302
35295,9323,1341358180,MT,Policy evaluation measures effectiveness,4303
14721,241617,1341358240,RE,AI in entertainment tailors experiences,4304
63223,140117,1341358300,RT,Film medium,4305
1134,35354,1341358360,RE,Yield signs prioritize,4306
88999,101118,1341358420,RT,Beaches invite,4307
5253,37221,1341358480,MT,Audio zoom,4308
10650,44125,1341358540,RT,Mergers,4309
19159,477,1341358600,MT,Chicken enchiladas cheese salsa cheesy spicy,4310
440981,13141,1341358660,RE,Fencing is duel and strategy,4311
175065,50325,1341358720,RT,Innovation fuels markets,4312
30097,58744,1341358780,MT,Public administration delivers services,4313
22240,154581,1341358840,RT,AI in music generates compositions,4314
39029,78220,1341358900,RE,Movies imagination,4315
50218,14124,1341358960,RE,Pedestrian crossings protect,4316
68446,11365,1341359020,MT,Islands charm,4317
5208,34629,1341359080,RE,Noise reduction,4318
45419,124398,1341359140,RT,Archaeology,4319
48652,136594,1341359200,RT,Vegetable fried rice eggs simple tasty,4320
188,5,1341359260,RE,Weightlifting is power and determination,4321
2280,12389,1341359320,MT,Education increases understanding,4322
14572,314,1341359380,RT,Ethical governance maintains integrity,4323
17507,95905,1341359440,MT,AI in video games creates dynamic worlds,4324
117319,129456,1341359500,RE,Cinema emotion,4325
4910,10745,1341359560,RT,School zones caution,4326
24224,5980,1341359620,RT,Coastlines mesmerize,4327
28253,42927,1341359680,RT,Spatial audio,4328
39697,533,1341359740,MT,Timeline,4329
10726,77,1341359800,MT,Shrimp vegetable stir fry soy sauce quick healthy,4330
6607,7639,1341359860,RT,Cheerleading is energy and spirit,4331
67501,54214,1341359920,RT,Market volatility provides opportunity,4332
52941,130735,1341359980,RE,Accountability mechanisms monitor performance,4333
151791,419,1341360040,RE,AI in communication interprets speech,4334
4830,24755,1341360100,MT,Film culture,4335
32526,159599,1341360160,RT,Construction zones alert,4336
53285,52476,1341360220,RT,Cliffs dramatic,4337
12281,4182,1341360280,MT,Dolby Vision,4338
29521,77555,1341360340,RT,Predictions,4339
60821,77194,1341360400,RE,Baked cod lemon herbs light flavorful,4340
420228,7442,1341360460,RE,Lacrosse is speed and skill,4341
154584,40326,1341360520,RE,Long-term holding builds wealth,4342
37803,79423,1341360580,RE,Conflict resolution maintains stability,4343
30635,137200,1341360640,MT,AI in language translation bridges barriers,4344
103447,57324,1341360700,RT,Directors vision,4345
43722,81596,1341360760,MT,Weather impacts driving,4346
2882,16452,1341360820,RE,Volcanoes awe,4347
13584,106299,1341360880,RE,ProRAW,4348
34227,141619,1341360940,MT,Remnant,4349
19159,17640,1341361000,MT,Spinach salad strawberries almonds fresh sweet,4350
16529,10194,1341361060,MT,Rugby is intensity and teamwork,4351
109134,17527,1341361120,RE,Speculative assets attract risk,4352
40,5335,1341361180,RT,Negotiation skills facilitate agreements,4353
70236,90325,1341361240,RT,AI in IoT connects devices,4354
36840,5464,1341361300,RT,Actors perform,4355
12904,204358,1341361360,MT,Rain reduces traction,4356
58074,37726,1341361420,RT,Waterfalls roar,4357
25006,54301,1341361480,RT,Smart HDR,4358
56333,26674,1341361540,RT,Streams,4359
29493,33355,1341361600,RT,Chocolate tart raspberry coulis rich tangy,4360
101837,122438,1341361660,RE,Cricket is patience and skill,4361
34852,168172,1341361720,RT,FOMO and FUD drive sentiment,4362
6408,381497,1341361780,MT,Diplomatic channels enable dialogue,4363
51704,68317,1341361840,RE,AI in autonomous vehicles navigates roads,4364
350982,72657,1341361900,MT,Screenwriters stories,4365
88209,35993,1341361960,MT,Snow requires care,4366
30946,57319,1341362020,RE,Rivers meander,4367
150890,31949,1341362080,RT,AI photography,4368
3024,34071,1341362140,MT,Debris,4369
191108,93990,1341362200,RT,Vegetable pot pie puff pastry cozy savory,4370
38728,266085,1341362260,MT,Horse riding is trust and balance,4371
40293,74779,1341362320,RT,Altcoin seasons excite traders,4372
185374,4428,1341362380,RE,International cooperation addresses global challenges,4373
53733,14539,1341362440,RT,AI in drones manages flights,4374
69970,12938,1341362500,RT,Cinematographers visuals,4375
89016,1002,1341362560,RT,Ice causes slipping,4376
1062,543,1341362620,RE,Lakes shimmer,4377
26195,189670,1341362680,MT,Deep Fusion,4378
44086,281193,1341362740,RT,Satellites,4379
867,37009,1341362800,RE,Chicken dumplings vegetables hearty comfort,4380
101502,204728,1341362860,RT,Bowling is precision and patience,4381
24033,178263,1341362920,RT,Memecoins generate hype,4382
27066,13766,1341362980,MT,Treaties formalize commitments,4383
14648,126181,1341363040,RT,AI in robotics improves dexterity,4384
31450,78220,1341363100,RT,Editors pace,4385
56725,61515,1341363160,RE,Fog limits vision,4386
14650,11710,1341363220,MT,Deserts vast,4387
180734,13249,1341363280,MT,ISP,4388
403954,58961,1341363340,MT,Local group,4389
127964,11449,1341363400,MT,Apple crisp cinnamon nuts sweet cozy,4390
43,51715,1341363460,RT,Sailing is harnessing the wind,4391
291294,41796,1341363520,RT,NFTs create new economies,4392
353362,997,1341363580,RE,Peacekeeping preserves security,4393
71591,106469,1341363640,RT,AI in vision systems recognizes objects,4394
37451,79647,1341363700,MT,Sound designers audio,4395
77070,57024,1341363760,RT,Night driving challenges,4396
50305,88,1341363820,MT,Sand dunes wave,4397
63143,128580,1341363880,MT,Display brightness,4398
50241,4740,1341363940,RT,Mass,4399
13795,51444,1341364000,RT,Shrimp gumbo rice spicy southern goodness,4400
51715,16959,1341364060,RE,Kayaking is rhythm and endurance,4401
62607,217264,1341364120,MT,Metaverse integrates blockchain,4402
64550,287121,1341364180,RE,Sanctions enforce compliance,4403
10647,103008,1341364240,MT,AI in NLP understands context,4404
94373,19366,1341364300,RE,Composers score,4405
71141,20111,1341364360,RE,Tunnels reduce light,4406
132001,13641,1341364420,RT,Forests dense,4407
278797,87948,1341364480,MT,True Tone,4408
71218,198079,1341364540,RE,Luminosity,4409
65552,15499,1341364600,MT,Baked macaroni cheese breadcrumbs cheesy heaven,4410
9155,58742,1341364660,RT,Snowshoeing is winter exploration,4411
316275,37505,1341364720,MT,DeFi reshapes finance,4412
5113,202696,1341364780,RT,Foreign aid supports development,4413
33835,6166,1341364840,RT,AI in speech recognition transcribes audio,4414
5406,101783,1341364900,RE,Production design worlds,4415
6502,75042,1341364960,MT,Bridges require care,4416
4652,23464,1341365020,MT,Jungles alive,4417
203555,180734,1341365080,RE,ProMotion,4418
38642,79054,1341365140,RT,Size,4419
196276,22926,1341365200,RE,Lemon pound cake glaze sweet moist,4420
51071,120063,1341365260,RE,Skating is elegance on ice,4421
39074,205,1341365320,RE,Tokenomics manage value,4422
5516,54796,1341365380,MT,Global summits coordinate initiatives,4423
8942,15507,1341365440,RT,AI in predictive analytics forecasts outcomes,4424
6993,139108,1341365500,RE,Costume design,4425
89802,105491,1341365560,MT,Curves demand attention,4426
36436,3226,1341365620,RE,Grasslands open,4427
18168,76290,1341365680,MT,Color accuracy,4428
3606,23037,1341365740,RT,Coordinates,4429
74030,59159,1341365800,RT,Nothing beats the smell of fresh bread in the morning,4430
13123,456,1341365860,MT,Triathlon is ultimate endurance test,4431
149796,45421,1341365920,RE,Staking and yield farming reward participation,4432
93184,8832,1341365980,MT,Multilateral organizations manage issues,4433
38250,217388,1341366040,RT,AI in reinforcement learning trains agents,4434
106375,5192,1341366100,RT,Makeup actors,4435
4821,49577,1341366160,RE,Hills affect acceleration,4436
45082,2554,1341366220,MT,Mountains tower,4437
20560,31917,1341366280,RT,OLED,4438
165741,48350,1341366340,RT,Observation,4439
106558,232004,1341366400,MT,Chocolate cake is proof that happiness can be baked,4440
13123,6659,1341366460,RT,Handball is fast and furious,4441
50294,19887,1341366520,RE,DAO governance empowers communities,4442
154619,181626,1341366580,MT,Non-governmental actors influence policy,4443
8956,9475,1341366640,RE,AI in supervised learning learns labels,4444
12318,84163,1341366700,RT,Visual effects,4445
7540,97599,1341366760,MT,Parking lots maneuver,4446
5980,7266,1341366820,RE,Hills roll,4447
995,109872,1341366880,RT,Super Retina,4448
247440,8077,1341366940,RT,Telescopes,4449
53449,156400,1341367000,RT,Freshly brewed coffee makes everything better,4450
128932,40261,1341367060,RT,Diving is grace under pressure,4451
2244,7480,1341367120,RE,Smart contract audits prevent exploits,4452
51755,35109,1341367180,RT,Policy advocacy drives legislation,4453
153197,46754,1341367240,RT,AI in unsupervised learning finds structure,4454
40266,19258,1341367300,RE,Practical effects,4455
97599,89802,1341367360,RT,Garages protect vehicles,4456
54207,32652,1341367420,MT,Valleys serene,4457
131729,42699,1341367480,RE,Screen refresh,4458
56,21109,1341367540,MT,Parallax,4459
80101,19343,1341367600,RT,A perfect pizza is a circle of joy,4460
31271,14565,1341367660,MT,Ultimate frisbee is strategy and fun,4461
81265,33150,1341367720,RE,Layer 2 solutions improve speed,4462
15741,231,1341367780,RE,Political campaigns mobilize communities,4463
27043,212004,1341367840,RE,AI in semi-supervised learning combines methods,4464
130555,7525,1341367900,RE,Stunts excitement,4465
45272,43677,1341367960,MT,Fuel stations refuel,4466
408905,21007,1341368020,MT,Canyons deep,4467
11891,39673,1341368080,RE,Touch response,4468
21386,12949,1341368140,RT,Mapping,4469
39564,435809,1341368200,RE,"Avocado toast is more than a trend, it’s a lifestyle",4470
81405,39666,1341368260,RE,Track cycling is speed and tactics,4471
178263,286739,1341368320,MT,Cross-chain bridges enhance connectivity,4472
195048,960,1341368380,RT,Voter engagement ensures democracy,4473
31137,58549,1341368440,RT,AI in generative models creates content,4474
84163,288958,1341368500,RE,Camera movement,4475
107336,8944,1341368560,RE,Service stations maintain,4476
24224,329,1341368620,MT,Glaciers shine,4477
8208,184519,1341368680,RT,Haptic feedback,4478
23037,3486,1341368740,MT,Structure,4479
901,191108,1341368800,RT,Ice cream melts your problems away,4480
169754,15769,1341368860,RT,Rock climbing is challenge and thrill,4481
718,17178,1341368920,RE,Privacy technologies protect data,4482
46710,220962,1341368980,RE,Election monitoring maintains fairness,4483
62205,9020,1341369040,RT,AI in GANs generates realistic images,4484
14682,85423,1341369100,RT,Lighting mood,4485
105601,136170,1341369160,RE,Dealerships sell,4486
2237,781,1341369220,RT,Snowfields sparkle,4487
6549,702,1341369280,MT,Gesture navigation,4488
183894,102320,1341369340,MT,Dynamics,4489
39464,29233,1341369400,MT,Homemade soup feels like a warm hug,4490
55382,121433,1341369460,RE,Paragliding is freedom above,4491
228749,67774,1341369520,MT,Digital ownership empowers creators,4492
282071,5143,1341369580,RE,Electoral commissions oversee voting,4493
3343,6679,1341369640,RE,AI in transformers powers NLP,4494
90243,203863,1341369700,RE,Color grading,4495
850,598,1341369760,MT,Used cars offer value,4496
138800,2839,1341369820,RT,Aurora captivates,4497
42927,188238,1341369880,RT,Home indicator,4498
77496,8296,1341369940,RT,Modeling,4499
55291,243553,1341370000,RT,"Pancakes are flat, but joy is stacked",4500
16140,58742,1341370060,RT,Bobsledding is adrenaline and speed,4501
2866,2922,1341370120,RE,Crypto education spreads knowledge,4502
144026,2278,1341370180,RE,Political parties organize candidates,4503
98637,262697,1341370240,RT,AI in LLMs understands language,4504
18536,30230,1341370300,RE,Film festivals,4505
73171,159599,1341370360,RE,New cars innovate,4506
20175,83957,1341370420,RE,Sunrises inspire,4507
4380,7234,1341370480,MT,Side button,4508
8920,46527,1341370540,MT,Formation,4509
4259,33383,1341370600,MT,Spices turn a meal into an adventure,4510
20752,133011,1341370660,RT,Curling is strategy and finesse,4511
6308,4535,1341370720,MT,Research drives innovation,4512
74421,144026,1341370780,RE,Party conventions nominate leaders,4513
5280,12265,1341370840,RT,AI in robotics simulates movement,4514
63223,489,1341370900,RE,Indie films,4515
37001,1959,1341370960,MT,Car shows display,4516
52030,18893,1341371020,RT,Sunsets mesmerize,4517
4570,66417,1341371080,RT,Volume buttons,4518
752,15291,1341371140,MT,Populations,4519
40254,77,1341371200,RT,Sushi is an art form you can eat,4520
88570,3188,1341371260,MT,Water polo is strength and endurance,4521
50733,37559,1341371320,MT,Investor participation fuels adoption,4522
144026,7594,1341371380,RE,Primary elections select nominees,4523
117424,59186,1341371440,RT,AI in autonomous systems drives cars,4524
54488,208328,1341371500,RT,Blockbusters,4525
42354,16304,1341371560,RT,Auto expos unveil,4526
29264,50209,1341371620,RT,Starry skies awe,4527
112050,27311,1341371680,RT,Silent switch,4528
50927,322,1341371740,RE,Age,4529
14415,180135,1341371800,MT,Tacos are happiness folded in a tortilla,4530
410367,186273,1341371860,RE,Speed skating is precision and power,4531
47935,17531,1341371920,MT,Community engagement fosters growth,4532
43864,16533,1341371980,RT,General elections determine officeholders,4533
86501,98637,1341372040,RE,AI in ethics ensures responsible use,4534
77579,21686,1341372100,RT,Documentaries,4535
68400,6331,1341372160,MT,Concept cars preview,4536
32977,2824,1341372220,RE,Meteor showers delight,4537
50865,14584,1341372280,RE,Power button,4538
43352,160541,1341372340,RT,Cosmology,4539
272131,39888,1341372400,RE,Pie is love baked into slices,4540
6660,54292,1341372460,RT,Kickboxing is discipline and intensity,4541
17172,22051,1341372520,MT,Exchange liquidity facilitates trading,4542
121074,50311,1341372580,MT,Referenda enable direct decision-making,4543
6418,73476,1341372640,MT,AI bias requires careful analysis,4544
8767,40797,1341372700,RE,Biopics,4545
34,8201,1341372760,RT,Prototype cars test,4546
90641,11341,1341372820,RT,Rainbows amaze,4547
21606,14731,1341372880,RT,Lightning,4548
119972,35604,1341372940,MT,Future,4549
77194,175283,1341373000,MT,Fresh herbs elevate any dish,4550
959,2062,1341373060,RE,"CrossFit is strength, speed, and stamina",4551
77179,109134,1341373120,RE,Fiat onramps simplify access,4552
586,13518,1341373180,MT,Citizen participation legitimizes governance,4553
26367,3816,1341373240,RT,AI transparency improves trust,4554
123611,20263,1341373300,RE,Historical films,4555
31508,59520,1341373360,RE,Performance tuning enhances,4556
146359,23635,1341373420,MT,Fog blankets,4557
7268,17103,1341373480,MT,MagSafe,4558
215057,86368,1341373540,MT,Milky Way spans the night sky,4559
144204,20276,1341373600,MT,Smoothies are a sip of health,4560
5843,269816,1341373660,RT,Obstacle courses test mind and body,4561
44133,51749,1341373720,MT,Market news moves prices,4562
114461,220962,1341373780,RE,Civic education informs electorate,4563
8460,11521,1341373840,RE,AI explainability clarifies decisions,4564
141656,50276,1341373900,RE,Romantic films,4565
2080,245,1341373960,RE,Engine swaps increase,4566
98931,2882,1341374020,RE,Cloudscapes float,4567
4182,267290,1341374080,MT,Wireless charging,4568
42291,77692,1341374140,MT,Our galaxy is vast,4569
250519,22991,1341374200,RE,Burgers are simple but never boring,4570
120063,197205,1341374260,RT,Mountain biking is adventure and skill,4571
137321,93314,1341374320,RT,Media coverage influences perception,4572
1993,180496,1341374380,MT,Political literacy encourages involvement,4573
12122,16801,1341374440,RT,AI datasets must be diverse,4574
2681,5006,1341374500,RT,Action films,4575
92688,14578,1341374560,MT,Turbo kits boost,4576
138856,26171,1341374620,RE,Thunderstorms awe,4577
269899,53843,1341374680,RT,Qi,4578
410219,85314,1341374740,RE,Stars light up the Milky Way,4579
31955,194422,1341374800,RT,Pasta nights are the best nights,4580
26092,31443,1341374860,RE,Trail running is connection with nature,4581
47794,235207,1341374920,RT,Blockchain technology underpins decentralization,4582
202696,582,1341374980,RT,Grassroots activism drives reform,4583
5566,13278,1341375040,MT,AI data preprocessing cleans information,4584
357,23666,1341375100,RT,Comedy films,4585
12931,59177,1341375160,RE,Supercharger kits add,4586
298,2882,1341375220,MT,Rain drizzles,4587
11891,113088,1341375280,RT,Fast charging,4588
131506,36556,1341375340,RT,Nebulae color the galaxy,4589
252801,61527,1341375400,MT,Cheese makes everything better,4590
3144,122438,1341375460,RE,Snowboarding halfpipe is tricks and courage,4591
81265,33150,1341375520,RE,Innovation creates opportunities,4592
57452,39147,1341375580,RE,Civil society strengthens institutions,4593
269824,5375,1341375640,MT,AI feature engineering improves performance,4594
96820,177746,1341375700,RE,Horror films,4595
176111,12465,1341375760,MT,Suspension upgrades improve,4596
330,53331,1341375820,RT,Snow falls,4597
20399,6549,1341375880,RT,Battery swaps,4598
170689,10154,1341375940,RE,Black holes lurk unseen,4599
12483,40305,1341376000,RT,Garlic bread is a universal language,4600
356205,66750,1341376060,MT,Freestyle skiing is creativity and precision,4601
45421,979,1341376120,RT,Security protocols safeguard assets,4602
40214,165066,1341376180,RE,Advocacy groups influence legislation,4603
26538,100924,1341376240,MT,AI hyperparameter tuning optimizes models,4604
30075,122087,1341376300,MT,Sci-fi films,4605
198048,21288,1341376360,RT,Brake upgrades stop,4606
8021,29692,1341376420,MT,Wind whispers,4607
34284,86631,1341376480,MT,Water resistance,4608
335263,31602,1341376540,MT,Galactic core is dense,4609
128781,165636,1341376600,RT,Fried chicken is comfort on a plate,4610
84647,6659,1341376660,RE,Gym workouts build strength and focus,4611
109972,87431,1341376720,RT,Regulation clarifies compliance,4612
37964,53508,1341376780,RE,Lobbying impacts lawmaking,4613
117424,35366,1341376840,RT,AI model evaluation measures success,4614
773,25068,1341376900,RE,Fantasy films,4615
6793,71141,1341376960,MT,Wheel upgrades style,4616
46947,330,1341377020,MT,Seasons change,4617
16210,136607,1341377080,MT,Dust resistance,4618
131506,510,1341377140,RE,Spiral arms rotate,4619
14154,26334,1341377200,MT,Lemonade tastes like summer in a glass,4620
27875,3300,1341377260,RT,Yoga improves balance and flexibility,4621
88801,2312,1341377320,RE,Long-term investment builds wealth,4622
69253,41385,1341377380,MT,Think tanks research policies,4623
30635,33331,1341377440,RE,AI cross-validation prevents overfitting,4624
57886,3374,1341377500,RE,Mystery films,4625
19,11555,1341377560,RE,Tire upgrades grip,4626
162209,18097,1341377620,RT,Travel moods shift,4627
49178,2050,1341377680,RE,Durability,4628
5859,40669,1341377740,MT,Solar System orbits the center,4629
10752,9021,1341377800,MT,Breakfast is the most important love story of the day,4630
88515,16450,1341377860,RT,Pilates strengthens core and posture,4631
43549,12899,1341377920,RT,HODL strategies reward patience,4632
47249,80426,1341377980,RE,Policy analysis informs debate,4633
367,154581,1341378040,MT,AI in cloud computing scales solutions,4634
114837,8925,1341378100,MT,Thriller films,4635
245,86465,1341378160,RE,Exhaust upgrades sound,4636
12270,74783,1341378220,RE,Experiences vary,4637
102377,13890,1341378280,MT,Ceramic shield,4638
56426,17117,1341378340,RE,Stellar nurseries form stars,4639
22627,138369,1341378400,RT,Chocolate chip cookies are childhood memories,4640
3188,46378,1341378460,RT,Parkour is movement art,4641
506,7644,1341378520,RE,Market cycles repeat,4642
265704,20012,1341378580,MT,Expert testimony guides lawmakers,4643
90474,26538,1341378640,MT,AI edge computing reduces latency,4644
191834,157238,1341378700,RE,Adventure films,4645
88671,355296,1341378760,RT,Interior mods comfort,4646
6711,8903,1341378820,MT,Memories cherished,4647
52908,209640,1341378880,MT,Glass back,4648
59324,35080,1341378940,MT,Supernovae enrich space,4649
15499,107918,1341379000,MT,Roasted vegetables have a magic flavor,4650
3300,596,1341379060,RE,Street basketball is creativity and fun,4651
116893,452892,1341379120,MT,Crypto markets remain dynamic,4652
91040,67624,1341379180,MT,Politics shapes nations and policies,4653
335212,61978,1341379240,RE,AI federated learning preserves privacy,4654
6704,443811,1341379300,RT,War films,4655
16523,4214,1341379360,MT,Exterior mods style,4656
74187,144615,1341379420,RE,Stories shared,4657
109872,89814,1341379480,MT,Aluminum frame,4658
131571,92693,1341379540,RT,Exoplanets orbit stars,4659
68307,91500,1341379600,MT,A good stew is a slow-cooked hug,4660
28950,13131,1341379660,MT,"Beach volleyball is sun, sand, and skill",4661
22051,34719,1341379720,MT,Altcoin trends shift rapidly,4662
5500,180496,1341379780,RT,Elections determine leadership,4663
118304,52474,1341379840,RT,AI in quantum computing explores new methods,4664
265816,74234,1341379900,RT,Crime films,4665
141628,73227,1341379960,RT,Lighting mods visibility,4666
52030,161907,1341380020,RE,Friends accompany,4667
875,133572,1341380080,MT,Stainless steel,4668
34071,89010,1341380140,MT,Dark matter shapes the galaxy,4669
196130,40305,1341380200,MT,Bagels are the circle of breakfast,4670
134560,68285,1341380260,RE,Marathons are endurance and determination,4671
4751,6241,1341380320,RE,NFTs tokenize digital creativity,4672
15113,1253,1341380380,MT,Voting is a civic duty,4673
437,38225,1341380440,RE,AI in augmented reality enhances experience,4674
15934,45463,1341380500,RE,Musicals,4675
1895,76083,1341380560,RE,Audio upgrades sound,4676
18313,50305,1341380620,RE,Family bonds,4677
73973,110897,1341380680,RT,Aerospace materials,4678
15461,265554,1341380740,RT,Galactic halo surrounds,4679
129211,1101,1341380800,MT,Donuts are happiness with a hole in the middle,4680
6644,17508,1341380860,RE,Sprint races are explosive speed,4681
304715,168893,1341380920,RE,Gaming NFTs incentivize engagement,4682
5113,133133,1341380980,MT,Political debates inform the public,4683
3319,6686,1341381040,RE,AI in virtual reality simulates worlds,4684
30230,73478,1341381100,RT,Animated films,4685
42178,24751,1341381160,MT,Navigation upgrades guidance,4686
36415,29937,1341381220,MT,Solo adventures,4687
14602,24898,1341381280,MT,Antenna bands,4688
15214,6940,1341381340,MT,Globular clusters shine,4689
12483,822,1341381400,RE,Homemade pizza beats delivery any day,4690
7505,20050,1341381460,MT,Relay races are teamwork and trust,4691
2221,123135,1341381520,RT,Metaverse projects expand economies,4692
34625,20128,1341381580,RT,Campaigns influence opinions,4693
137271,1984,1341381640,MT,AI in human-computer interaction improves usability,4694
10287,443811,1341381700,MT,Stop-motion,4695
350,14289,1341381760,RT,Software tuning optimizes,4696
265301,6175,1341381820,MT,Couple escapes,4697
141501,15458,1341381880,RT,Dual SIM,4698
34809,164875,1341381940,MT,Interstellar gas drifts,4699
296637,361415,1341382000,RE,Burgers with extra cheese are a bold statement,4700
22823,20359,1341382060,MT,Judo is technique and strength,4701
67501,303072,1341382120,RE,DeFi protocols offer financial alternatives,4702
114461,79232,1341382180,RT,Legislation affects society,4703
43853,219373,1341382240,RT,AI in robotics perception senses environment,4704
19150,31450,1341382300,RT,CGI spectacle,4705
598,32297,1341382360,RE,ECU remaps efficiency,4706
65673,130816,1341382420,RE,Group journeys,4707
33450,31949,1341382480,RT,eSIM,4708
6496,86,1341382540,MT,Cosmic dust scatters light,4709
93051,29233,1341382600,RT,Smooth peanut butter always wins,4710
30323,184353,1341382660,RE,Karate is discipline and focus,4711
34236,104248,1341382720,RE,Tokenomics balance supply and demand,4712
16537,1253,1341382780,MT,Public policy guides communities,4713
118174,15295,1341382840,RE,AI in AI planning optimizes actions,4714
5796,1348,1341382900,RT,Motion capture,4715
249845,331789,1341382960,MT,Track days test,4716
52087,7081,1341383020,MT,Roadside stops,4717
25006,76901,1341383080,RE,Nano SIM,4718
131571,24873,1341383140,MT,Milky Way visible from Earth,4719
9221,289427,1341383200,MT,Fresh fruit is nature’s candy,4720
317,204837,1341383260,RT,Taekwondo is speed and precision,4721
50266,23422,1341383320,RE,DAO governance decentralizes control,4722
2055,2084,1341383380,RT,Government decisions impact lives,4723
13808,38677,1341383440,MT,AI in multi-agent systems coordinates agents,4724
52497,203863,1341383500,RE,Voice acting,4725
71336,9003,1341383560,MT,Racing showcases,4726
1276,33713,1341383620,RT,Scenic overlooks,4727
108134,14845,1341383680,RT,Storage,4728
5602,67721,1341383740,RT,Galactic center hosts Sagittarius A*,4729
65008,231574,1341383800,RT,Salads are not boring when dressed right,4730
128932,5669,1341383860,RE,Kickball is fun and nostalgia,4731
27147,77279,1341383920,MT,Staking and yield farming grow participation,4732
50311,10179,1341383980,RT,Political parties represent ideologies,4733
6166,5226,1341384040,RT,AI in reinforcement learning trains policies,4734
44869,103447,1341384100,RE,Editing,4735
21288,13374,1341384160,MT,Drag racing speed,4736
95020,137746,1341384220,RE,Picnic spots,4737
4426,34963,1341384280,MT,64GB,4738
35421,90979,1341384340,RT,Star density increases inward,4739
196276,67581,1341384400,MT,Soup weather is the best weather,4740
80068,35772,1341384460,RE,Softball is teamwork and strategy,4741
20139,287256,1341384520,RT,Smart contract audits protect investors,4742
615,28493,1341384580,RE,Diplomacy resolves conflicts,4743
93337,93208,1341384640,MT,AI in imitation learning mimics behavior,4744
203863,358,1341384700,RT,Montages,4745
86523,30639,1341384760,RE,Circuit racing handling,4746
81053,170101,1341384820,MT,Hidden cafes,4747
75798,47518,1341384880,RT,128GB,4748
8296,7960,1341384940,RT,Outer rim is sparse,4749
18038,36368,1341385000,RE,Breakfast burritos start the day with power,4750
58032,22816,1341385060,MT,Table football is quick reflexes,4751
42182,7462,1341385120,RE,Layer 2 scaling reduces congestion,4752
1042,92066,1341385180,RE,International relations maintain peace,4753
13808,20922,1341385240,RT,AI in transfer learning adapts knowledge,4754
5102,52936,1341385300,MT,Flashbacks,4755
2060,97599,1341385360,RT,Drifting control,4756
221,3138,1341385420,RT,Local eateries,4757
133434,63790,1341385480,MT,256GB,4758
218995,21386,1341385540,RE,Galactic rotation curves mystery,4759
164933,166173,1341385600,MT,Croissants make mornings worth waking up for,4760
16457,88951,1341385660,RE,Dodgeball is agility and fun,4761
113223,154584,1341385720,RT,Cross-chain bridges connect ecosystems,4762
26486,174608,1341385780,MT,Political campaigns mobilize voters,4763
53965,65380,1341385840,RT,AI in self-supervised learning reduces labels,4764
37451,55964,1341385900,RT,Foreshadowing,4765
70275,31508,1341385960,RE,Time attack precision,4766
235593,13641,1341386020,MT,Street snacks,4767
38046,8081,1341386080,RT,512GB,4768
338829,222578,1341386140,RT,Milky Way is billions of years old,4769
114610,134595,1341386200,RT,Chocolate pudding is silky perfection,4770
431,27452,1341386260,RE,Ping pong is fast reflexes,4771
34236,6050,1341386320,RT,Privacy solutions enhance security,4772
14926,9254,1341386380,MT,Civil rights protect freedoms,4773
337809,41477,1341386440,RT,AI in anomaly detection finds outliers,4774
15328,49090,1341386500,RE,Chekhov's gun,4775
29461,14825,1341386560,RT,Autocross agility,4776
140013,251706,1341386620,MT,Food markets,4777
8252,18641,1341386680,RT,1TB,4778
319196,14564,1341386740,RE,Milky Way has billions of stars,4779
12022,102477,1341386800,MT,Grilled cheese is a childhood hero,4780
9017,103761,1341386860,MT,Rowing regattas are coordination and power,4781
50267,22451,1341386920,RT,Education spreads understanding,4782
67950,260304,1341386980,RT,Voting rights ensure equality,4783
66791,93258,1341387040,RT,AI in time series predicts sequences,4784
68099,190966,1341387100,RE,Character arcs,4785
19153,174836,1341387160,RT,Off-roading conquers,4786
47631,11710,1341387220,RT,Wine tastings,4787
126428,6707,1341387280,MT,Pricing,4788
74295,5245,1341387340,RT,Sun is a Milky Way star,4789
3571,76,1341387400,RT,Mac and cheese is comfort squared,4790
24082,15493,1341387460,RE,Speed climbing is thrill and precision,4791
51878,35726,1341387520,MT,Innovation drives adoption,4792
124459,130884,1341387580,RE,Policy reforms drive change,4793
14721,3726,1341387640,MT,AI in recommendation systems personalizes content,4794
292109,15691,1341387700,RE,Motivation,4795
34333,121414,1341387760,RT,Car clubs gather,4796
468,828,1341387820,RT,Coffee shops,4797
26195,42902,1341387880,RE,Value,4798
74270,9968,1341387940,RE,Nearby stars include Alpha Centauri,4799
13027,122460,1341388000,RE,Spaghetti tastes better when twirled,4800
24923,11135,1341388060,RT,Powerlifting is raw strength,4801
20730,6672,1341388120,RE,Digital ownership transforms markets,4802
891,70786,1341388180,RT,Political movements inspire action,4803
69642,8268,1341388240,MT,AI in knowledge graphs structures data,4804
1945,85856,1341388300,RT,Conflict,4805
192943,323,1341388360,MT,Car meets showcase,4806
40612,98212,1341388420,RT,Dessert spots,4807
43719,78,1341388480,RT,Resale,4808
148429,24197,1341388540,RT,Orion Arm contains our system,4809
281077,80748,1341388600,RT,Ice cream sandwiches are double the joy,4810
78809,120063,1341388660,MT,Trail biking is adventure,4811
269152,95881,1341388720,RT,Crypto trading continues evolving,4812
19955,5143,1341388780,RT,Protests express public opinion,4813
22634,71591,1341388840,RE,AI in sentiment analysis gauges opinions,4814
22236,81706,1341388900,MT,Resolution,4815
142148,7540,1341388960,MT,Car photography beauty,4816
90107,101118,1341389020,RT,Cultural tours,4817
4514,3214,1341389080,RE,Trade-in,4818
11346,87681,1341389140,MT,Perseus Arm stretches far,4819
10638,104904,1341389200,RT,Oatmeal is underrated but powerful,4820
20073,1828,1341389260,MT,Obstacle racing is mind and body challenge,4821
40780,17178,1341389320,RE,Market volatility presents opportunity,4822
198004,451156,1341389380,MT,Elected officials serve constituents,4823
24669,480,1341389440,MT,AI in computer vision identifies objects,4824
423897,183404,1341389500,RT,Themes,4825
43643,381414,1341389560,MT,Car videos performance,4826
95871,41733,1341389620,MT,Historical walks,4827
33442,218218,1341389680,RE,Carrier locked,4828
109401,198177,1341389740,RE,Scutum-Centaurus Arm massive,4829
12253,10752,1341389800,RE,Waffles are a breakfast hug,4830
2654,7639,1341389860,MT,Skydiving is freedom and courage,4831
78701,5071,1341389920,RE,HODLing builds long-term value,4832
3604,374,1341389980,RT,Political accountability matters,4833
10392,47470,1341390040,RE,AI in NLP summarizes texts,4834
84219,11666,1341390100,RE,Symbolism,4835
151460,77070,1341390160,RE,Automotive journalism reviews,4836
44456,42510,1341390220,RT,Art tours,4837
3453,109872,1341390280,RT,Unlocked,4838
10650,13638,1341390340,MT,Galactic bar spans center,4839
7930,2290,1341390400,RT,Fried eggs make mornings brighter,4840
27029,68285,1341390460,MT,BMX racing is speed and control,4841
97187,10719,1341390520,RE,Speculative assets attract interest,4842
57138,93,1341390580,MT,Transparency builds trust,4843
3341,28072,1341390640,RT,AI in question answering responds,4844
337192,239782,1341390700,MT,Irony,4845
31624,216038,1341390760,RT,Magazines feature,4846
32977,54021,1341390820,RE,Music experiences,4847
27738,33181,1341390880,RT,Network 5G,4848
73933,13633,1341390940,RT,Milky Way merges with satellites,4849
9351,68758,1341391000,RE,Cinnamon rolls are sticky little pieces of heaven,4850
22636,54292,1341391060,RE,Triathlons test endurance,4851
236655,27,1341391120,RT,FOMO drives activity,4852
8989,121074,1341391180,RT,Corruption undermines democracy,4853
262697,69642,1341391240,MT,AI in speech synthesis generates voices,4854
28643,4957,1341391300,RT,Subtext,4855
816,7117,1341391360,RT,Websites offer reviews,4856
10232,101118,1341391420,RE,Dance performances,4857
43905,10365,1341391480,RT,LTE,4858
59654,81,1341391540,RE,Magellanic Clouds orbit us,4859
52413,19843,1341391600,RT,Lasagna is layers of love,4860
14615,4905,1341391660,RE,Ironman competitions challenge limits,4861
227066,33150,1341391720,RE,FUD induces caution,4862
88392,36371,1341391780,RE,Checks and balances maintain order,4863
6693,17507,1341391840,RT,AI in text-to-speech converts words,4864
40749,18364,1341391900,RT,Dialogue,4865
75441,128799,1341391960,RT,Forums discuss,4866
285111,46526,1341392020,MT,Workshops participate,4867
15873,39673,1341392080,MT,Wi-Fi 6,4868
21351,116966,1341392140,RT,Andromeda will collide,4869
3252,107918,1341392200,RE,Pizza with pineapple is a debate worth having,4870
3361,7639,1341392260,RT,Soccer penalty kicks are pressure moments,4871
67132,72466,1341392320,MT,Institutional adoption increases credibility,4872
140402,130735,1341392380,MT,Political ideologies guide choices,4873
12824,78773,1341392440,RT,AI in image recognition classifies pictures,4874
94373,28802,1341392500,RT,Monologues,4875
105491,28652,1341392560,MT,Social media share,4876
285111,9816,1341392620,RE,Classes learn,4877
116512,2127,1341392680,RE,Bluetooth,4878
335263,3398,1341392740,RE,Milky Way motion measured,4879
25248,32351,1341392800,RE,Hot chocolate warms more than your hands,4880
121433,43914,1341392860,RT,Basketball free throws are focus and calm,4881
81183,246856,1341392920,RE,Retail traders expand participation,4882
54209,167472,1341392980,MT,Partisan politics create debate,4883
14648,269219,1341393040,MT,AI in object detection locates items,4884
49351,9016,1341393100,RE,Voice-over,4885
24932,73171,1341393160,RT,Car culture inspires,4886
170862,3226,1341393220,RE,Festivals celebrate,4887
38046,71822,1341393280,RE,NFC,4888
15461,109379,1341393340,RT,Stellar populations differ,4889
10726,276033,1341393400,RT,Tacos Tuesday is a tradition for a reason,4890
14615,22313,1341393460,MT,Football touchdowns are glory,4891
22781,85739,1341393520,RT,Exchange listings boost liquidity,4892
67666,6618,1341393580,RT,Bipartisanship fosters compromise,4893
10765,70037,1341393640,RE,AI in image segmentation separates regions,4894
96067,85423,1341393700,MT,Exposition,4895
46825,34333,1341393760,MT,Car collections preserve,4896
72217,74187,1341393820,MT,Local events,4897
34796,19009,1341393880,MT,U1 chip,4898
186184,410219,1341393940,RT,Population I stars young,4899
167007,87771,1341394000,RE,Chicken soup cures everything,4900
6089,64911,1341394060,RE,Baseball home runs are celebration,4901
90442,33514,1341394120,RE,Partnerships extend ecosystems,4902
206773,8135,1341394180,MT,Lobbying influences legislation,4903
7932,80814,1341394240,RE,AI in pose estimation tracks movement,4904
69890,22355,1341394300,RE,Subplots,4905
159599,136170,1341394360,MT,Classic restoration revives,4906
14549,244928,1341394420,RT,Parades impress,4907
184805,163806,1341394480,RE,Sensors,4908
29542,3292,1341394540,RT,Population II stars old,4909
122469,93051,1341394600,RE,Fresh bread makes a house feel like home,4910
338884,166765,1341394660,RT,Hockey slap shots are power,4911
128973,130815,1341394720,RT,Protocol upgrades improve functionality,4912
51755,3360,1341394780,RT,Political campaigns fund initiatives,4913
10093,207711,1341394840,MT,AI in facial recognition identifies individuals,4914
46803,11967,1341394900,RE,Pacing,4915
77070,92688,1341394960,MT,Hot rods customize,4916
380375,72839,1341395020,RT,Carnivals excite,4917
492,7845,1341395080,RT,Accelerometer,4918
56,34809,1341395140,RT,Population III stars first,4919
50199,143824,1341395200,RE,Smoothies are a party in a cup,4920
6912,25784,1341395260,MT,Tennis aces are precision,4921
50266,69597,1341395320,MT,Community engagement strengthens networks,4922
24804,21814,1341395380,MT,Grassroots movements gain momentum,4923
6961,6545,1341395440,RT,AI in autonomous driving navigates roads,4924
4427,139108,1341395500,MT,Climax,4925
97129,68308,1341395560,RE,Custom cars personality,4926
77595,5282,1341395620,MT,Fireworks dazzle,4927
7268,52908,1341395680,RT,Gyroscope,4928
34247,815,1341395740,MT,White dwarfs abound,4929
25284,67581,1341395800,MT,Yogurt with honey is simplicity at its best,4930
965,66750,1341395860,RT,Golf holes-in-one are rare triumphs,4931
27705,140517,1341395920,RT,Digital scarcity increases asset value,4932
9254,65644,1341395980,RT,Political activism sparks change,4933
92500,11103,1341396040,MT,AI in drones optimizes flight paths,4934
50816,12666,1341396100,MT,Denouement,4935
37162,10745,1341396160,MT,Tuning creativity,4936
62619,10257,1341396220,MT,Outdoor concerts,4937
93965,45302,1341396280,RE,Barometer,4938
5380,47168,1341396340,RT,Neutron stars exist,4939
77194,50361,1341396400,MT,Roasted nuts are addictive and healthy,4940
223728,51729,1341396460,RE,Boxing knockouts are decisive,4941
27147,202206,1341396520,MT,DeFi evolves financial options,4942
324955,30615,1341396580,RE,Civil discourse strengthens democracy,4943
73476,10159,1341396640,MT,AI in robotics automates tasks,4944
45004,3772,1341396700,MT,Endings,4945
258985,35481,1341396760,RE,Automotive engineering advances,4946
94553,38133,1341396820,MT,Nightlife thrills,4947
18654,2662,1341396880,RE,Proximity sensor,4948
113358,60163,1341396940,RE,Pulsars emit beams,4949
3289,43901,1341397000,RT,Fish tacos are oceanic bliss,4950
66495,35731,1341397060,MT,Swimming relays are teamwork,4951
90442,10741,1341397120,RE,NFTs create unique ownership,4952
50282,346917,1341397180,RT,Media shapes political perception,4953
50698,73037,1341397240,RE,AI in supply chain predicts logistics,4954
12342,7525,1341397300,RE,Sequels,4955
5965,133449,1341397360,MT,Safety innovations protect,4956
64789,238570,1341397420,RT,City lights,4957
12281,31617,1341397480,MT,Ambient light sensor,4958
14355,106925,1341397540,RE,Black hole jets,4959
22977,91500,1341397600,RE,Stir-fry brings the wok to life,4960
31224,423163,1341397660,RT,Gymnastics flips are grace and courage,4961
15724,44133,1341397720,MT,Metaverse integrates blockchain assets,4962
58264,11919,1341397780,MT,Political scandals affect trust,4963
79494,26538,1341397840,RT,AI in finance automates trading,4964
95603,5192,1341397900,RE,Prequels,4965
52897,30714,1341397960,RT,Efficiency improvements save,4966
242386,50250,1341398020,RE,Street life,4967
13249,7691,1341398080,RT,LiDAR,4968
61753,20624,1341398140,RT,Interstellar magnetic fields,4969
14723,35353,1341398200,MT,Chocolate mousse is a dreamy dessert,4970
2687,42177,1341398260,MT,Diving somersaults are perfection,4971
50733,178263,1341398320,MT,Tokenomics manage economy,4972
21929,35365,1341398380,MT,Public opinion drives policy,4973
120058,130613,1341398440,MT,AI in marketing personalizes campaigns,4974
128773,11095,1341398500,MT,Spin-offs,4975
31624,51638,1341398560,RT,Design trends influence,4976
23278,231955,1341398620,RT,Public squares,4977
10896,821,1341398680,RE,Depth sensing,4978
4098,26398,1341398740,RT,Cosmic rays travel,4979
98430,33355,1341398800,MT,Curry is a flavorful adventure,4980
305412,147362,1341398860,RE,Skateboarding tricks are creativity,4981
291294,88440,1341398920,RE,Staking rewards loyal holders,4982
5335,17468,1341398980,RE,Referendums empower citizens,4983
117424,480,1341399040,RE,AI in healthcare assists doctors,4984
74369,4493,1341399100,MT,Remakes,4985
36312,59529,1341399160,RE,Market demand drives,4986
380375,468,1341399220,RE,Markets explore,4987
7234,254716,1341399280,RE,AR experiences,4988
12440,338829,1341399340,RT,Galactic winds blow,4989
138369,19843,1341399400,RE,Ice cream floats are nostalgia in a glass,4990
1877,6089,1341399460,MT,Surfing big waves is thrill,4991
252993,11711,1341399520,MT,DAO governance empowers communities,4992
35365,1292,1341399580,RE,Constitutional law governs nations,4993
6909,26538,1341399640,MT,AI in education adapts learning,4994
26753,22236,1341399700,RE,Reboots,4995
13275,152768,1341399760,MT,Manufacturers compete,4996
14957,53575,1341399820,RE,Shopping districts,4997
373047,76901,1341399880,RT,ARKit,4998
14642,17175,1341399940,RE,Star clusters form,4999
95890,359115,1341400000,RE,Quiche is brunch royalty,5000
260698,14889,1341400060,MT,Mountain climbing summits are achievement,5001
95910,14662,1341400120,RE,Layer 2 solutions improve scalability,5002
997,199340,1341400180,RE,Judicial decisions affect policies,5003
13808,121058,1341400240,RE,AI in games enhances experiences,5004
186758,12750,1341400300,RT,Adaptations,5005
68400,59915,1341400360,RE,Brands identity,5006
1062,95020,1341400420,RE,Souvenir hunting,5007
16344,20056,1341400480,RE,Productivity,5008
11945,183894,1341400540,RE,Open clusters young,5009
12416,122460,1341400600,RE,Pita bread opens a world of fillings,5010
36729,983,1341400660,RT,Cycling time trials are endurance,5011
128973,168172,1341400720,MT,Cross-chain bridges enhance interoperability,5012
17468,42239,1341400780,RT,Executive orders guide action,5013
8942,6674,1341400840,RE,AI in cybersecurity detects threats,5014
1945,94373,1341400900,MT,Comics,5015
56011,36312,1341400960,RE,Loyalty purchases,5016
41733,40478,1341401020,RE,Artisan crafts,5017
36982,4349,1341401080,RT,iPhones revolutionize mobile tech,5018
12440,80648,1341401140,RT,Globular clusters ancient,5019
93051,12416,1341401200,MT,Fried rice is comfort in a bowl,5020
167882,26092,1341401260,RT,Marathon finishes are victory,5021
7568,84831,1341401320,MT,Privacy coins protect transaction data,5022
86066,74421,1341401380,RE,Legislative processes create laws,5023
5693,8602,1341401440,RT,AI in privacy preserves data,5024
92608,25440,1341401500,RE,Books,5025
385,97599,1341401560,RT,Advertising promotes,5026
73979,72145,1341401620,RT,Handmade goods,5027
134095,172972,1341401680,MT,iPhone design emphasizes simplicity,5028
8077,34247,1341401740,RT,Galactic bulge round,5029
10005,43276,1341401800,RE,Bagel sandwiches are handheld joy,5030
317,80068,1341401860,RE,Ski jumps are courage,5031
39410,27982,1341401920,RE,Smart contract audits ensure safety,5032
67299,451156,1341401980,MT,Political endorsements influence elections,5033
13878,241617,1341402040,MT,AI in cloud computing scales resources,5034
161672,217042,1341402100,MT,Video games,5035
11256,86048,1341402160,MT,Marketing creates desire,5036
1276,372150,1341402220,MT,Local specialties,5037
5253,224711,1341402280,RE,iPhone cameras capture moments,5038
1284,5160,1341402340,RE,Disk thin and wide,5039
13137,44,1341402400,RT,Smoothie bowls are colorful and delicious,5040
63327,386123,1341402460,MT,Snowboard tricks are style,5041
156668,2288,1341402520,MT,Wallet security prevents loss,5042
277615,3360,1341402580,RE,Political debates highlight issues,5043
171153,42825,1341402640,RT,AI in edge computing processes locally,5044
2572,3772,1341402700,RE,Fan films,5045
96775,26186,1341402760,RT,Consumer reviews inform,5046
16990,147968,1341402820,RT,Street performers,5047
41382,11891,1341402880,RE,iPhone screens display vividly,5048
13638,50241,1341402940,MT,Halo spherical,5049
49716,34801,1341403000,RE,Lemon tart is a sweet and tangy delight,5050
88515,129441,1341403060,RE,Rowing sprints are power,5051
140003,67774,1341403120,RE,Hardware wallets store keys safely,5052
373653,390,1341403180,RE,Campaign promises set expectations,5053
62110,51181,1341403240,MT,AI in IoT connects smart devices,5054
548,40749,1341403300,RE,Short films,5055
37162,74228,1341403360,RE,Ownership responsibility,5056
252516,31549,1341403420,RT,Cultural exchange,5057
98204,147884,1341403480,RE,iPhone performance is smooth,5058
35421,148429,1341403540,RE,Galactic plane visible,5059
212970,22977,1341403600,RT,Chicken wings are a party on a plate,5060
51742,1877,1341403660,RT,Wrestling pins are dominance,5061
25388,241536,1341403720,MT,Cold storage secures assets,5062
70340,146284,1341403780,RT,Political platforms outline goals,5063
11998,28166,1341403840,MT,AI in social media moderates content,5064
329401,37582,1341403900,RE,Feature films,5065
97197,378,1341403960,MT,Insurance mitigates,5066
12755,716,1341404020,MT,Language practice,5067
5208,55698,1341404080,RE,iOS updates enhance features,5068
1415,65919,1341404140,RE,Dark clouds obscure light,5069
91029,51444,1341404200,RE,Sourdough has character and charm,5070
252833,80431,1341404260,MT,Archery bullseyes are skill,5071
128973,45605,1341404320,RE,Multi-sig wallets require consensus,5072
891,43673,1341404380,RT,Political strategy drives success,5073
54039,13821,1341404440,MT,AI in customer service responds quickly,5074
4708,5192,1341404500,RT,Mini-series,5075
41808,89784,1341404560,RE,Registration legality,5076
4893,102564,1341404620,MT,Meeting locals,5077
26655,7592,1341404680,RE,iPhone battery life improves,5078
279373,137246,1341404740,RT,Emission nebulae glow,5079
477,67581,1341404800,RE,Ramen is a bowl of soul,5080
12751,380767,1341404860,RT,Fencing lunges are precision,5081
182906,13881,1341404920,RE,Digital assets redefine value,5082
14628,14664,1341404980,RE,Political polling measures support,5083
7962,6909,1341405040,RT,AI in virtual assistants aids users,5084
140117,196379,1341405100,RE,Streaming originals,5085
16708,368955,1341405160,MT,Taxes fund,5086
178192,54021,1341405220,RT,Guided tours,5087
149327,16435,1341405280,MT,iPhone security protects data,5088
142114,18487,1341405340,MT,Reflection nebulae shine,5089
20276,32534,1341405400,RT,Chocolate bark is simple indulgence,5090
39501,3482,1341405460,RT,Weightlifting clean and jerk is power,5091
2247,60995,1341405520,MT,Crypto adoption grows globally,5092
61873,50228,1341405580,RE,Election campaigns engage voters,5093
86501,63793,1341405640,RT,AI in chatbots interacts naturally,5094
16695,123611,1341405700,RT,Limited series,5095
406640,131668,1341405760,RT,Road maintenance travel,5096
162209,810,1341405820,RT,Self-guided exploration,5097
126028,104567,1341405880,RE,iPhone Face ID recognizes users,5098
17573,14469,1341405940,RE,Planetary nebulae fade,5099
267639,150857,1341406000,RE,Muffins are breakfast’s gentle touch,5100
59141,122175,1341406060,RT,Cheer stunts are teamwork,5101
73085,22781,1341406120,RE,Innovation advances technology,5102
88392,277615,1341406180,RE,Political speeches inspire audiences,5103
11714,208846,1341406240,RT,AI in translation bridges languages,5104
4376,34226,1341406300,RT,Anthologies,5105
355296,20483,1341406360,MT,Licenses certify,5106
372150,238570,1341406420,RT,City maps,5107
55955,223014,1341406480,MT,iPhone Touch ID secures access,5108
104774,47168,1341406540,RT,Supernova remnants expand,5109
29864,9850,1341406600,RE,Roasted garlic transforms any dish,5110
275600,317,1341406660,RE,Lacrosse goals are celebration,5111
93181,6645,1341406720,RT,Education informs participants,5112
140402,1231,1341406780,MT,Political fundraising supports initiatives,5113
27065,5793,1341406840,RT,AI in recommendation engines suggests products,5114
390301,11025,1341406900,RE,Documentaries,5115
50227,50219,1341406960,RT,Education teaches,5116
44613,408905,1341407020,RE,Travel apps,5117
387245,821,1341407080,RE,iPhone apps extend functionality,5118
5380,30228,1341407140,RT,Molecular clouds collapse,5119
9024,29493,1341407200,RE,Bruschetta is a bite of Italy,5120
8719,1483,1341407260,RE,Rugby tries are effort rewarded,5121
77780,13881,1341407320,MT,Security protocols ensure trust,5122
74421,35365,1341407380,MT,Political rallies energize supporters,5123
118174,133894,1341407440,RT,AI in predictive maintenance prevents failures,5124
7785,115042,1341407500,MT,Docuseries,5125
29027,40445,1341407560,MT,Recalls correct,5126
4134,54021,1341407620,RE,GPS navigation,5127
26175,263490,1341407680,MT,iPhone ecosystem integrates devices,5128
410219,9932,1341407740,MT,Protostars ignite,5129
822,85424,1341407800,RE,Porridge is slow morning comfort,5130
9863,27029,1341407860,RT,Cricket wickets are strategic,5131
252993,2288,1341407920,RE,Regulation shapes compliance,5132
180496,7951,1341407980,RE,Voter registration enables participation,5133
36987,22774,1341408040,MT,AI in forecasting anticipates demand,5134
90243,23642,1341408100,RT,Mockumentaries,5135
43371,355296,1341408160,RE,Warranty covers,5136
27869,288604,1341408220,RT,Public transport,5137
157722,50,1341408280,MT,iPhone storage offers options,5138
89010,124398,1341408340,RE,Main sequence stars,5139
5005,158955,1341408400,MT,Meatballs in tomato sauce are ultimate comfort,5140
26092,22636,1341408460,RT,Horse jumps are trust,5141
269152,307066,1341408520,RE,Market volatility creates opportunities,5142
7269,182011,1341408580,RE,Civic engagement strengthens democracy,5143
90152,50200,1341408640,MT,AI in simulation tests scenarios,5144
15934,208328,1341408700,RT,Experimental films,5145
136170,97599,1341408760,RE,Financing allows,5146
4328,3138,1341408820,MT,Bus rides,5147
86631,50401,1341408880,RE,iPhone connectivity is seamless,5148
388659,32706,1341408940,MT,Red giants expand,5149
31086,3807,1341409000,RT,Spinach salad with nuts is surprisingly delightful,5150
19947,226536,1341409060,RE,Bowling strikes are satisfaction,5151
78701,148860,1341409120,RE,Long-term holding rewards patience,5152
8927,86066,1341409180,MT,Policy analysis informs decisions,5153
131144,39885,1341409240,RE,AI in robotics optimizes control,5154
980,12505,1341409300,RE,Independent cinema,5155
52129,17564,1341409360,RT,Leasing flexibility,5156
182708,3226,1341409420,MT,Train journeys,5157
23399,181920,1341409480,RT,iPhone display is Retina,5158
29378,130397,1341409540,RT,White dwarfs cool,5159
48652,197852,1341409600,MT,Cheesecake is creamy happiness,5160
74014,101502,1341409660,RT,Sailing regattas are strategy,5161
286739,68266,1341409720,RE,HODL strategies build wealth,5162
80426,58744,1341409780,RE,Political advisors guide leaders,5163
86397,26538,1341409840,MT,AI in healthcare monitors vitals,5164
16945,70958,1341409900,RT,Foreign films,5165
6148,43722,1341409960,MT,Rental meets,5166
68446,14725,1341410020,RT,Metro lines,5167
96291,8598,1341410080,RE,iPhone audio quality impresses,5168
93162,449128,1341410140,MT,Neutron stars dense,5169
3289,75458,1341410200,RT,Falafel is crunchy vegetarian joy,5170
356205,14603,1341410260,RE,Kayak rapids are adrenaline,5171
77276,10710,1341410320,RT,Altcoin seasons excite traders,5172
152137,176243,1341410380,MT,Think tanks research policies,5173
18104,39124,1341410440,RT,AI in finance detects fraud,5174
45004,115042,1341410500,RE,Cinematography,5175
141049,24932,1341410560,RE,Car sharing efficient,5176
32977,29081,1341410620,RT,Ferry crossings,5177
114428,1843,1341410680,RE,iPhone video recording excels,5178
9762,14642,1341410740,RE,Black holes massive,5179
29417,77,1341410800,MT,Nachos are a party starter,5180
317497,91,1341410860,RT,Skating spins are elegance,5181
53842,9917,1341410920,MT,NFTs create digital economies,5182
68256,37803,1341410980,RE,Political commentary shapes opinions,5183
7124,93337,1341411040,RE,AI in marketing targets ads,5184
390301,41792,1341411100,MT,Directorial vision,5185
8471,1002,1341411160,MT,Ride-hailing convenient,5186
31337,238570,1341411220,RE,Taxi rides,5187
39874,15873,1341411280,RE,iPhone photography features advance,5188
281193,449128,1341411340,MT,Star formation active,5189
19159,51444,1341411400,RT,Croquette is a crispy little treasure,5190
80068,12648,1341411460,RE,Handball goals are fast action,5191
1907,4535,1341411520,RE,DeFi reshapes finance,5192
997,274,1341411580,RT,Opinion polls track sentiment,5193
64993,33331,1341411640,RT,AI in autonomous vehicles drives safely,5194
22512,5383,1341411700,RE,Editing,5195
54226,31624,1341411760,RT,Autonomous ride,5196
45082,131327,1341411820,RE,Rideshares,5197
75798,27738,1341411880,RT,iPhone AI assists tasks,5198
2071,62428,1341411940,RT,Star death spectacular,5199
32373,2162,1341412000,RE,Fruit tarts are art on a plate,5200
98762,62940,1341412060,RT,Water polo saves are heroic,5201
45605,14609,1341412120,RE,Metaverse expands digital property,5202
9323,329706,1341412180,RT,Political campaigns utilize media,5203
61978,176488,1341412240,RE,AI in drones manages deliveries,5204
29743,2567,1341412300,MT,Sound design,5205
6793,15,1341412360,RE,EV charging networks,5206
33642,29692,1341412420,RT,Car rentals,5207
62903,43719,1341412480,RT,iPhone Siri responds,5208
252174,15483,1341412540,MT,Galactic evolution ongoing,5209
229438,10853,1341412600,RT,Shepherd’s pie warms both body and soul,5210
230569,18792,1341412660,RT,Speed skating turns are sharp,5211
718,55519,1341412720,RE,Tokenomics incentivize participation,5212
267269,1042,1341412780,MT,Political messaging influences voters,5213
5137,8889,1341412840,RT,AI in computer vision interprets scenes,5214
3369,186,1341412900,RT,Music scores,5215
90495,12709,1341412960,MT,Battery technology,5216
12767,253,1341413020,RT,Bike rentals,5217
1138,8081,1341413080,MT,iPhone accessibility supports users,5218
14642,15788,1341413140,RE,Milky Way rotates,5219
43347,35353,1341413200,RT,Smoothie popsicles are summer in your mouth,5220
221491,110223,1341413260,MT,Kickboxing combos are fluid,5221
140517,236707,1341413320,MT,Staking and yield farming grow assets,5222
330895,18662,1341413380,RT,Political advertising drives awareness,5223
177652,93066,1341413440,RT,AI in NLP understands text,5224
95377,11967,1341413500,RT,Acting,5225
879,44969,1341413560,RT,Range anxiety,5226
64864,141853,1341413620,MT,Scooters,5227
278811,5493,1341413680,MT,iPhone gestures navigate easily,5228
27034,81,1341413740,RT,Differential rotation,5229
9879,206753,1341413800,MT,Breakfast sandwiches make mornings manageable,5230
106789,9229,1341413860,MT,CrossFit WODs test limits,5231
44246,191752,1341413920,MT,DAO governance enables decision-making,5232
192273,16537,1341413980,RT,Political endorsements signal support,5233
95913,59186,1341414040,MT,AI in speech recognition transcribes audio,5234
31850,387,1341414100,RE,Casting,5235
2795,19872,1341414160,RE,Charging speed,5236
244928,141853,1341414220,RE,Walking tours,5237
4426,149922,1341414280,RE,iPhone control center centralizes,5238
4740,57739,1341414340,MT,Spiral density waves,5239
167070,74836,1341414400,RE,Pulled pork sliders are messy perfection,5240
17508,2908,1341414460,RT,Obstacle course finishes are triumph,5241
7551,31650,1341414520,MT,Smart contract audits prevent exploits,5242
3376,24804,1341414580,RT,Political leadership requires responsibility,5243
8889,20385,1341414640,MT,AI in GANs generates realistic images,5244
22512,23220,1341414700,RT,Production design,5245
90495,16225,1341414760,RT,Wireless charging,5246
16824,209321,1341414820,RT,Hiking trails,5247
46554,80881,1341414880,RE,Widgets customize home screen,5248
28557,18901,1341414940,MT,Galactic bar rotates,5249
166169,16440,1341415000,RT,Chocolate fondue brings everyone together,5250
74920,122438,1341415060,MT,Mountain biking trails are adventure,5251
34719,70491,1341415120,RT,Layer 2 scaling enhances speed,5252
53966,6338,1341415180,RT,Diplomatic negotiations resolve conflicts,5253
33485,173141,1341415240,MT,AI in LLMs understands language,5254
7,92608,1341415300,MT,Costumes,5255
240876,8756,1341415360,MT,Grid integration,5256
73496,137746,1341415420,RE,Climbing routes,5257
2347,116512,1341415480,MT,iPhone notifications manage alerts,5258
292088,17012,1341415540,RE,Interarm regions quiet,5259
13795,6753,1341415600,MT,Baked brie is cheesy heaven,5260
27145,24054,1341415660,RE,Trail running paths are exploration,5261
64203,72108,1341415720,MT,Cross-chain bridges connect networks,5262
40214,124459,1341415780,MT,International treaties formalize agreements,5263
51181,16832,1341415840,RE,AI in transformers processes sequences,5264
489,179509,1341415900,RE,Makeup,5265
48745,1285,1341415960,RT,Vehicle-to-grid,5266
3845,56022,1341416020,RT,Biking paths,5267
92116,1837,1341416080,RE,iPhone wallpapers personalize,5268
5792,39420,1341416140,MT,Dust lanes dark,5269
7533,106399,1341416200,MT,Pecan pie is nutty comfort,5270
22636,57967,1341416260,RE,Freestyle skiing tricks are creativity,5271
100127,176522,1341416320,MT,Privacy technologies protect users,5272
157348,32424,1341416380,MT,Trade agreements impact economies,5273
96202,141691,1341416440,RE,AI in reinforcement learning trains agents,5274
30230,74369,1341416500,RE,Special effects,5275
41808,366295,1341416560,MT,Smart cars,5276
55,14431,1341416620,RE,Adventure sports,5277
81427,20560,1341416680,RE,iPhone themes vary,5278
33672,6496,1341416740,RT,Milky Way photographed,5279
8391,14577,1341416800,RE,Chicken curry smells like home,5280
1877,13141,1341416860,RE,Yoga poses are balance,5281
67774,140517,1341416920,MT,Digital ownership empowers creators,5282
68282,384761,1341416980,MT,Political alliances form coalitions,5283
11621,147178,1341417040,RE,AI in supervised learning uses labels,5284
119547,1574,1341417100,MT,Visual effects,5285
31887,39093,1341417160,RT,Connected vehicles,5286
52087,47515,1341417220,RT,Water sports,5287
131729,150890,1341417280,MT,iPhone multitasking works,5288
81,41725,1341417340,RT,Astrophotography popular,5289
435809,44126,1341417400,MT,Veggie burgers prove flavor isn’t all meat,5290
35772,67504,1341417460,MT,Pilates moves are control,5291
13700,68266,1341417520,RT,Crypto education spreads knowledge,5292
146381,14166,1341417580,RE,Coalition governments share power,5293
73037,62205,1341417640,RT,AI in unsupervised learning finds patterns,5294
28214,6982,1341417700,MT,Practical effects,5295
1134,11960,1341417760,MT,V2V prevents,5296
37173,119333,1341417820,MT,Surfing waves,5297
134095,13249,1341417880,RE,iPhone split view aids productivity,5298
11854,106852,1341417940,RE,Galactic center studied,5299
35843,243553,1341418000,MT,Garlic shrimp is seafood magic,5300
20096,2042,1341418060,RE,Parkour vaults are agility,5301
77179,55539,1341418120,RE,Research drives adoption,5302
15489,1253,1341418180,RE,Political compromise achieves progress,5303
2996,100924,1341418240,MT,AI in semi-supervised learning combines approaches,5304
34802,16406,1341418300,RE,Stunts,5305
16211,52897,1341418360,MT,V2I interacts,5306
223,56022,1341418420,RE,Kayaking rivers,5307
9025,31917,1341418480,MT,iPhone Safari browsing is fast,5308
44086,39362,1341418540,RE,Infrared reveals,5309
81190,30298,1341418600,RE,Bagels with cream cheese are a classic love story,5310
24082,31224,1341418660,MT,Beach volleyball spikes are power,5311
6948,7414,1341418720,RT,Investor participation fuels growth,5312
202696,100067,1341418780,RT,Policy debates shape legislation,5313
22990,249872,1341418840,RE,AI in generative models creates content,5314
202812,63,1341418900,MT,Lighting,5315
175211,142148,1341418960,RE,AI in cars,5316
95020,3294,1341419020,RE,Sailing seas,5317
143104,4364,1341419080,RE,iPhone Mail handles email,5318
25063,448817,1341419140,RT,Radio waves penetrate,5319
165636,240790,1341419200,RE,Roasted carrots are sweet and simple,5320
59332,223728,1341419260,MT,Marathon training is discipline,5321
53831,26540,1341419320,RE,Community engagement strengthens ecosystems,5322
275685,59000,1341419380,RE,Legislative sessions pass laws,5323
31329,5375,1341419440,RE,AI in robotics simulates movement,5324
34226,117319,1341419500,RE,Camera work,5325
59905,13256,1341419560,RT,ADAS safety,5326
112673,79577,1341419620,MT,Paragliding skies,5327
8928,75721,1341419680,RT,iPhone Messages communicate,5328
403954,36417,1341419740,RT,X-rays detect high energy,5329
121422,35248,1341419800,MT,Cobb salad is a full meal in a bowl,5330
49490,120063,1341419860,RT,Sprint practice is speed,5331
74043,2673,1341419920,RE,Exchange liquidity facilitates trading,5332
22734,12498,1341419980,RT,Committee hearings examine issues,5333
322774,203735,1341420040,RT,AI in autonomous systems drives cars,5334
19150,48982,1341420100,RE,Framing,5335
51,40366,1341420160,MT,Traffic prediction,5336
24055,37341,1341420220,RE,Skydiving thrills,5337
43719,59542,1341420280,MT,iPhone FaceTime video calls,5338
28996,39697,1341420340,RE,Gamma rays trace events,5339
2351,135110,1341420400,RT,Shepherd’s pie is a hug in a dish,5340
3287,269816,1341420460,MT,Relay handoffs are precision,5341
10719,192260,1341420520,MT,Fiat onramps ease access,5342
35059,238225,1341420580,RT,Political activism promotes change,5343
12824,62391,1341420640,RE,AI in ethics ensures responsible AI,5344
3369,37582,1341420700,RE,Color grading,5345
57092,59529,1341420760,RT,Navigation apps,5346
20117,377122,1341420820,RE,Bungee jumping,5347
2564,16210,1341420880,RE,iPhone iMessage is instant,5348
60848,5380,1341420940,MT,Microlensing finds planets,5349
15451,9221,1341421000,RE,Cornbread is golden joy,5350
73556,32508,1341421060,MT,Judo throws are technique,5351
90442,53831,1341421120,RE,News coverage moves markets,5352
182011,12469,1341421180,MT,Civil society organizations advocate,5353
241617,220181,1341421240,MT,AI bias requires mitigation,5354
15439,5102,1341421300,MT,Film theory,5355
230115,121414,1341421360,RT,Predictive maintenance,5356
12818,162209,1341421420,RT,Zip lining,5357
223014,10053,1341421480,MT,iPhone maps guide,5358
9762,33476,1341421540,RT,Exoplanets discovered,5359
35372,107829,1341421600,RT,Apple crisp is cozy dessert,5360
440981,158400,1341421660,RT,Karate katas are focus,5361
7414,116924,1341421720,RE,Media attention shapes sentiment,5362
180496,16537,1341421780,RT,Non-governmental organizations influence policy,5363
53733,464,1341421840,RT,AI transparency builds trust,5364
50276,253928,1341421900,RE,Genre studies,5365
153964,243650,1341421960,RE,Fleet management,5366
1205,11036,1341422020,MT,Rafting,5367
367035,16011,1341422080,RE,iPhone GPS navigates,5368
13501,61753,1341422140,RE,Stellar motions tracked,5369
168820,344696,1341422200,MT,Fruit salad is nature’s candy,5370
80431,82268,1341422260,RE,Taekwondo kicks are speed,5371
10710,271995,1341422320,RE,Blockchain technology underpins decentralization,5372
143550,168699,1341422380,RT,Political lobbying targets decision-makers,5373
103862,54029,1341422440,RT,AI explainability clarifies decisions,5374
128515,191834,1341422500,MT,Auteur theory,5375
5123,41808,1341422560,RE,Logistics efficiency,5376
1062,20175,1341422620,MT,Snorkeling reefs,5377
387599,39673,1341422680,RT,iPhone CarPlay integrates,5378
111624,35080,1341422740,RT,Proper motion measured,5379
121422,68132,1341422800,RE,Mushroom risotto is creamy perfection,5380
7171,22450,1341422860,RT,Kickball home runs are fun,5381
60995,192260,1341422920,RE,Innovation drives opportunity,5382
54223,74566,1341422980,RE,Campaign strategy maximizes influence,5383
39183,10765,1341423040,RE,AI datasets must be diverse,5384
62216,1881,1341423100,RE,Film history,5385
1322,9910,1341423160,RT,Trucking automation,5386
3138,302964,1341423220,MT,Scuba diving,5387
118480,23410,1341423280,RT,iPhone AirDrop shares,5388
2684,4642,1341423340,MT,Radial velocity known,5389
47828,87771,1341423400,RE,Pulled chicken tacos are easy weeknight bliss,5390
120063,113517,1341423460,MT,Softball doubles are teamwork,5391
182906,10815,1341423520,RT,Security safeguards assets,5392
54796,40214,1341423580,RT,Voter turnout impacts results,5393
7124,84841,1341423640,RT,AI data preprocessing cleans information,5394
13879,43385,1341423700,RT,Classic films,5395
19922,99369,1341423760,RE,Public transport,5396
11365,14306,1341423820,MT,Wildlife safaris,5397
39673,10339,1341423880,RT,iPhone AirPlay streams,5398
39420,40886,1341423940,RT,Cepheid variables distance,5399
9021,26611,1341424000,RT,Grilled vegetables taste smoky and rich,5400
186273,57469,1341424060,MT,Ping pong smashes are reflex,5401
50294,316275,1341424120,RT,Regulation provides clarity,5402
30097,997,1341424180,RT,Electoral systems determine representation,5403
208846,5566,1341424240,MT,AI feature engineering improves models,5404
22555,70148,1341424300,RT,Cult films,5405
132830,17382,1341424360,RE,Carpooling reduces,5406
314122,170101,1341424420,MT,Birdwatching,5407
1843,62358,1341424480,RT,iPhone HomeKit connects,5408
55471,33620,1341424540,RE,RR Lyrae variables distance,5409
3479,101238,1341424600,MT,French toast is breakfast luxury,5410
13141,9017,1341424660,RT,Dodgeball catches are strategy,5411
44371,22781,1341424720,RT,Long-term investment builds value,5412
6338,50311,1341424780,MT,Political reform addresses inequities,5413
44863,257094,1341424840,RE,AI hyperparameter tuning optimizes performance,5414
67215,2567,1341424900,RE,Modern cinema,5415
3976,4433,1341424960,MT,Mobility as service,5416
89020,7313,1341425020,RE,Nature reserves,5417
6761,9025,1341425080,RE,iPhone Health tracks,5418
42291,5859,1341425140,RE,Parallax measures nearby stars,5419
31086,276033,1341425200,RE,Baked potatoes are simple and satisfying,5420
46819,52514,1341425260,RT,Table football goals are fast,5421
109527,78114,1341425320,MT,HODLing ensures patience,5422
23318,13765,1341425380,RT,Constitutional amendments change governance,5423
80254,215675,1341425440,RE,AI model evaluation measures success,5424
423897,12183,1341425500,RE,Blockbusters,5425
32297,21979,1341425560,MT,Sustainable vehicles,5426
54021,2839,1341425620,RE,National parks,5427
20395,5004,1341425680,RE,iPhone Fitness motivates,5428
7960,5859,1341425740,RT,Galactic archeology studies history,5429
48652,76071,1341425800,MT,Chocolate brownies are intense happiness,5430
26092,31031,1341425860,RE,Rowing techniques are smooth,5431
919,18771,1341425920,RE,Market cycles repeat,5432
71783,65210,1341425980,RT,Judicial reviews interpret laws,5433
417,6166,1341426040,RT,AI cross-validation prevents overfitting,5434
9941,1546,1341426100,MT,Indie films,5435
30714,71336,1341426160,RE,Alternative fuels,5436
159515,103451,1341426220,MT,Protected areas,5437
94713,176104,1341426280,RT,iPhone Apple Pay pays,5438
61130,17117,1341426340,RT,Chemical composition analyzed,5439
35344,6969,1341426400,MT,Tomato soup and grilled cheese is a classic combo,5440
768,15039,1341426460,RE,Speed climbing holds are precise,5441
4974,66443,1341426520,RT,Speculative assets attract risk,5442
381497,18309,1341426580,RE,Supreme courts set precedents,5443
35950,93337,1341426640,RT,AI in cloud computing scales solutions,5444
36079,1546,1341426700,RE,Streaming,5445
13074,57958,1341426760,RE,Hydrogen fuel cells,5446
44652,17884,1341426820,RT,Eco-tourism,5447
18641,75846,1341426880,MT,iPhone Wallet stores,5448
10650,198079,1341426940,RT,Metallicity varies,5449
5005,85424,1341427000,RE,Stuffed peppers are a colorful meal,5450
120063,169754,1341427060,RE,Powerlifting deadlifts are strength,5451
6050,25089,1341427120,RE,FOMO drives buying,5452
167472,74048,1341427180,MT,Political accountability enforces responsibility,5453
68079,14648,1341427240,MT,AI edge computing reduces latency,5454
179483,169977,1341427300,MT,Cinema,5455
3533,39093,1341427360,MT,Biofuels supplement,5456
16455,11036,1341427420,RT,Sustainable travel,5457
10225,39977,1341427480,RE,iPhone calendar organizes,5458
54486,39362,1341427540,MT,Stellar age estimated,5459
5810,4986,1341427600,MT,Guacamole is green gold,5460
27723,134505,1341427660,MT,Trail biking hills are challenging,5461
22397,90442,1341427720,RT,FUD drives selling,5462
8927,92066,1341427780,MT,Transparency initiatives prevent corruption,5463
48977,235473,1341427840,RE,AI federated learning preserves privacy,5464
32414,26930,1341427900,RT,Film festivals,5465
91948,29461,1341427960,RT,Hybrid systems,5466
74039,4629,1341428020,RT,Volunteer tourism,5467
24898,62906,1341428080,RE,iPhone reminders alert,5468
44125,38642,1341428140,RE,Milky Way compared,5469
201659,229438,1341428200,MT,Lemonade with mint is refreshing magic,5470
98762,77432,1341428260,RE,Obstacle racing challenges are intense,5471
50266,4751,1341428320,RE,Altcoin seasons create excitement,5472
373653,248,1341428380,MT,Freedom of speech protects expression,5473
176894,117034,1341428440,RT,AI in quantum computing explores new methods,5474
16516,78328,1341428500,RT,Awards,5475
142148,111391,1341428560,RE,Regulations shape,5476
104802,48920,1341428620,MT,Community projects,5477
20367,159268,1341428680,RT,iPhone notes record,5478
106925,2071,1341428740,RE,Local Group includes,5479
901,170103,1341428800,MT,Homemade ice cream beats store-bought every time,5480
58032,6607,1341428860,RE,Skydiving jumps are freedom,5481
29600,376537,1341428920,MT,NFTs tokenize digital art,5482
93062,54209,1341428980,RE,Press freedom monitors politics,5483
10946,16618,1341429040,MT,AI in AR enhances experiences,5484
53817,121028,1341429100,RT,Box office,5485
80868,76083,1341429160,MT,Emission standards,5486
70080,75480,1341429220,RE,Homestays,5487
108134,119268,1341429280,RE,iPhone voice memos capture,5488
2233,10691,1341429340,RT,Andromeda nearby,5489
9850,136629,1341429400,MT,Eggplant parmesan is veggie comfort,5490
208863,5843,1341429460,RE,BMX stunts are daring,5491
123135,4515,1341429520,RT,Gaming NFTs reward players,5492
19955,26486,1341429580,RT,Media coverage informs citizens,5493
35216,1553,1341429640,MT,AI in VR simulates worlds,5494
69237,75684,1341429700,RE,Critical acclaim,5495
8126,75083,1341429760,MT,Safety standards,5496
29264,58411,1341429820,RT,Guesthouses,5497
821,111189,1341429880,MT,iPhone contacts organize,5498
4642,410219,1341429940,RE,Triangulum galaxy,5499
22924,81190,1341430000,RT,Pesto pasta is a fragrant delight,5500
1854,134505,1341430060,RE,Triathlon swimming is endurance,5501
7216,27705,1341430120,MT,Metaverse projects expand ownership,5502
74421,9192,1341430180,MT,Political analysis provides insight,5503
4567,13878,1341430240,RT,AI in HCI improves usability,5504
265816,69890,1341430300,MT,Audience reception,5505
132751,19922,1341430360,RE,Crash tests,5506
238570,41655,1341430420,MT,Hostels,5507
130562,19519,1341430480,RT,iPhone clock alarms,5508
29226,388659,1341430540,RT,Satellite galaxies orbit,5509
9707,25248,1341430600,MT,Carrot cake is moist and sweet,5510
25931,24082,1341430660,RE,Ironman cycling is stamina,5511
832,156668,1341430720,MT,DeFi protocols diversify options,5512
30097,7951,1341430780,RT,Policy research guides action,5513
408904,5375,1341430840,RE,AI in planning optimizes actions,5514
99,43168,1341430900,RE,Social media,5515
67521,95986,1341430960,RE,Consumer safety,5516
62439,174807,1341431020,MT,Hotels,5517
2127,13584,1341431080,RE,iPhone timers manage,5518
971,31444,1341431140,RE,Dark matter halo surrounds,5519
46839,435809,1341431200,RT,Bruschetta with tomatoes is simple perfection,5520
37510,44264,1341431260,MT,Soccer corner kicks are tactical,5521
49685,113373,1341431320,MT,Tokenomics manage supply and demand,5522
18284,50311,1341431380,MT,Political education fosters informed voters,5523
15998,28872,1341431440,RT,AI in multi-agent systems coordinates agents,5524
27036,57257,1341431500,RE,Fan communities,5525
141049,73227,1341431560,MT,Environmental impact,5526
48271,4134,1341431620,RE,Resorts,5527
18451,55698,1341431680,MT,iPhone stopwatch tracks,5528
97478,79724,1341431740,RE,Galaxy mergers happen,5529
61211,120742,1341431800,MT,Shrimp scampi is a buttery dream,5530
265784,98762,1341431860,RT,Basketball dunks are exciting,5531
105315,204522,1341431920,MT,Staking and yield farming incentivize participation,5532
50274,91040,1341431980,RT,Public debates encourage discussion,5533
12748,122155,1341432040,RT,AI in imitation learning mimics behavior,5534
28854,105143,1341432100,MT,Movie nights,5535
378,51,1341432160,RT,Recycling sustainability,5536
11036,14957,1341432220,RT,Boutique stays,5537
224711,5307,1341432280,RT,iPhone calculator computes,5538
122634,12698,1341432340,RT,Tidal streams visible,5539
51168,9221,1341432400,RE,Deviled eggs are tiny bites of joy,5540
67504,403,1341432460,RT,Football field goals are precision,5541
53842,34719,1341432520,MT,DAO governance decentralizes control,5542
13766,60525,1341432580,RE,Town halls engage communities,5543
7124,42064,1341432640,RT,AI in transfer learning adapts knowledge,5544
213472,85437,1341432700,RT,Home viewing,5545
42354,80868,1341432760,MT,Manufacturing efficiency,5546
86851,95896,1341432820,RE,Luxury accommodations,5547
75846,36982,1341432880,MT,iPhone weather forecasts,5548
4994,33620,1341432940,RE,Intergalactic medium,5549
13027,7930,1341433000,RE,Chocolate truffles are rich happiness,5550
25931,387522,1341433060,RT,Baseball pitches are skill,5551
45144,30383,1341433120,RT,Smart contract audits enhance security,5552
327714,13603,1341433180,MT,Political forums facilitate dialogue,5553
67681,27436,1341433240,RE,AI in self-supervised learning reduces labels,5554
12169,28273,1341433300,RT,Theater,5555
865,623,1341433360,MT,Lightweight materials,5556
298,14431,1341433420,RT,Camping,5557
40303,40558,1341433480,MT,iPhone stocks monitor,5558
15483,44086,1341433540,RE,Cosmic filaments connect,5559
85424,326,1341433600,RT,Clam chowder is creamy and hearty,5560
132832,134505,1341433660,RT,Hockey breakaways are tense,5561
202206,60021,1341433720,RT,Layer 2 solutions scale networks,5562
140613,18450,1341433780,MT,Political speeches rally support,5563
27065,7124,1341433840,RE,AI in anomaly detection finds outliers,5564
78328,16143,1341433900,MT,IMAX,5565
11677,58028,1341433960,RE,Carbon fiber,5566
3020,32438,1341434020,MT,Glamping,5567
34746,3277,1341434080,RE,iPhone news informs,5568
29588,39420,1341434140,MT,Milky Way in Virgo Supercluster,5569
40254,8404,1341434200,RT,Veggie stir-fry is colorful and healthy,5570
206,20982,1341434260,MT,Tennis volleys are fast,5571
22084,25388,1341434320,RT,Cross-chain bridges enable connectivity,5572
3233,2278,1341434380,RE,Campaign literature informs voters,5573
14539,176894,1341434440,RT,AI in time series predicts sequences,5574
2567,27734,1341434500,RT,Popcorn,5575
40744,51289,1341434560,RE,Aluminum weight,5576
20683,41655,1341434620,MT,RV trips,5577
4349,62358,1341434680,RE,iPhone podcasts entertain,5578
12922,119972,1341434740,RE,Galaxy cluster members,5579
150857,148272,1341434800,RT,Chicken parmesan is cheesy goodness,5580
282758,134560,1341434860,RE,Golf putts are focus,5581
21134,27,1341434920,RE,Privacy coins protect transactions,5582
49434,13122,1341434980,RT,Political advertisements persuade,5583
20273,89495,1341435040,RE,AI in recommendation systems personalizes content,5584
30075,1546,1341435100,MT,Cinema,5585
35376,31624,1341435160,RT,Steel durability,5586
148687,288604,1341435220,MT,Van life,5587
428447,35242,1341435280,MT,iPhone music plays,5588
28586,215057,1341435340,RE,Hubble maps universe,5589
3125,72193,1341435400,RE,Fruit smoothies are morning energy,5590
32226,40225,1341435460,MT,Boxing jabs are quick,5591
51878,176522,1341435520,RT,Education informs users,5592
192273,9682,1341435580,RT,Grassroots organizing mobilizes citizens,5593
212004,109191,1341435640,RE,AI in knowledge graphs structures data,5594
69890,204755,1341435700,RE,Movies,5595
137242,116808,1341435760,RT,Chassis rigidity,5596
130816,41740,1341435820,MT,Backpacking,5597
75846,46273,1341435880,MT,iPhone Apple Music streams,5598
90145,111624,1341435940,MT,Galactic simulations,5599
11882,531,1341436000,RT,Garlic knots are addictively good,5600
7423,31224,1341436060,RT,Swimming strokes are technique,5601
44446,291294,1341436120,MT,Innovation expands possibilities,5602
41385,21296,1341436180,MT,Political demonstrations express views,5603
18665,23743,1341436240,MT,AI in sentiment analysis gauges opinions,5604
62666,4537,1341436300,RE,Film,5605
34333,19253,1341436360,RE,Frame safety,5606
23278,248648,1341436420,RE,Travel freedom,5607
112050,373047,1341436480,MT,iPhone TV streams,5608
1270,12922,1341436540,RE,Milky Way future predicted,5609
138,40185,1341436600,RE,Beef stew is a slow-cooked treasure,5610
4460,158400,1341436660,MT,Gymnastics routines are disciplined,5611
17647,137321,1341436720,RT,Digital scarcity increases value,5612
49741,2055,1341436780,RT,Peaceful protests advocate change,5613
242244,3341,1341436840,RT,AI in computer vision identifies objects,5614
40266,74234,1341436900,MT,Art,5615
59177,85746,1341436960,MT,Aerodynamics drag,5616
53331,72217,1341437020,MT,Journey excitement,5617
1298,5208,1341437080,RE,iPhone movies view,5618
16672,48350,1341437140,RT,Collision with Andromeda,5619
68399,117539,1341437200,MT,Banana bread smells like home,5620
34324,252833,1341437260,RE,Diving entries are perfect,5621
269152,24033,1341437320,RE,Digital assets redefine ownership,5622
195232,43701,1341437380,MT,Civil disobedience challenges policies,5623
10392,22832,1341437440,MT,AI in NLP summarizes texts,5624
140117,55126,1341437500,RE,Entertainment,5625
1897,92688,1341437560,RE,Wind tunnels,5626
95896,40612,1341437620,RT,Exploration joy,5627
3994,821,1341437680,RT,iPhone books read,5628
29521,61130,1341437740,RE,Elliptical galaxy forms,5629
36841,13027,1341437800,MT,Salmon fillets are simple elegance,5630
84647,389,1341437860,MT,Skateboarding grinds are cool,5631
40220,22084,1341437920,RE,Crypto adoption continues growing,5632
69891,26152,1341437980,MT,Political petitions gather support,5633
71079,89926,1341438040,RE,AI in question answering responds,5634
116683,9210,1341438100,RE,Storytelling,5635
21979,19253,1341438160,RT,Computational fluid dynamics,5636
111728,79577,1341438220,MT,Cultural discovery,5637
23200,109175,1341438280,MT,iPhone App Store downloads,5638
131538,56426,1341438340,RT,Star formation bursts,5639
25855,3252,1341438400,MT,Fried calamari is crunchy delight,5640
51715,73556,1341438460,MT,Surfing maneuvers are stylish,5641
10815,86909,1341438520,RE,Market volatility offers opportunity,5642
50244,7698,1341438580,RE,Community outreach educates public,5643
39885,42169,1341438640,RE,AI in text-to-speech converts words,5644
17936,62209,1341438700,RE,Characters,5645
24335,137039,1341438760,MT,Interior ergonomics,5646
45884,4328,1341438820,RE,Nature immersion,5647
217458,157722,1341438880,RT,iPhone iCloud syncs,5648
42291,186184,1341438940,RT,Milky Way continues,5649
22627,466,1341439000,RE,Mango salsa is tropical freshness,5650
154068,4888,1341439060,MT,Mountain climbing ropes are essential,5651
6661,19609,1341439120,MT,Long-term holding builds wealth,5652
64550,69253,1341439180,RE,Political fundraising supports initiatives,5653
67681,34282,1341439240,MT,AI in image recognition classifies pictures,5654
101783,40797,1341439300,RT,Plots,5655
31290,192943,1341439360,RE,Seat posture,5656
21704,70550,1341439420,RT,Relaxation time,5657
118480,13938,1341439480,RE,iPhone backup protects,5658
301,56333,1341439540,RT,Galactic environment,5659
1503,3571,1341439600,RE,Stuffed mushrooms are savory bites,5660
128932,172167,1341439660,RE,Cycling climbs are tough,5661
86909,33514,1341439720,MT,Speculative investments attract attention,5662
45,66320,1341439780,RE,Donor contributions finance campaigns,5663
50698,58549,1341439840,RT,AI in object detection locates items,5664
209526,70148,1341439900,RT,Themes,5665
59905,121414,1341439960,RT,Control layout,5666
1062,254305,1341440020,RE,Adventure seeking,5667
11152,34179,1341440080,MT,iPhone find my iPhone locates,5668
338829,15857,1341440140,MT,Cosmic web observed,5669
44933,11620,1341440200,MT,Potato gratin is creamy perfection,5670
22816,32508,1341440260,RT,Marathon hydration is crucial,5671
49825,61944,1341440320,RT,FOMO and FUD influence markets,5672
65634,9191,1341440380,RE,Political endorsements boost credibility,5673
2934,53965,1341440440,MT,AI in image segmentation separates regions,5674
78220,79100,1341440500,RE,Symbolism,5675
850,327,1341440560,MT,Visibility safety,5676
16455,56733,1341440620,RT,Learning travel,5677
13584,65003,1341440680,MT,iPhone settings customize,5678
62428,15214,1341440740,RE,Milky Way rotation speed,5679
135110,15217,1341440800,RE,Vegetable soup is wholesome comfort,5680
57967,16785,1341440860,RT,Ski slaloms are tricky,5681
198081,51749,1341440920,RE,Institutional and retail adoption grow,5682
8135,42947,1341440980,RT,Political coalitions build strength,5683
27741,14755,1341441040,MT,AI in pose estimation tracks movement,5684
117319,85042,1341441100,MT,Film,5685
88671,21979,1341441160,MT,Mirror placement,5686
379869,16,1341441220,RE,Friendship forming,5687
2127,109872,1341441280,RT,iPhone battery health informs,5688
2594,11854,1341441340,RE,Solar orbit around center,5689
22627,40312,1341441400,RT,Beef tacos are fiesta flavors,5690
105416,88570,1341441460,RT,Snowboard rails are stylish,5691
10357,241536,1341441520,MT,Exchange listings boost liquidity,5692
83921,8209,1341441580,RE,Partisan alignment influences votes,5693
15295,6023,1341441640,RT,AI in facial recognition identifies people,5694
25068,85437,1341441700,MT,Movies,5695
89784,8944,1341441760,RT,Sensor placement,5696
4893,31733,1341441820,RE,Memory making,5697
50865,16460,1341441880,MT,iPhone low power mode saves,5698
232659,29230,1341441940,MT,Galactic year duration,5699
1037,57496,1341442000,MT,Lentil stew is hearty and healthy,5700
31271,983,1341442060,MT,Rowing cadence is teamwork,5701
168172,295879,1341442120,RT,Partnerships expand ecosystems,5702
101718,121217,1341442180,RT,Bipartisan efforts foster cooperation,5703
3795,41425,1341442240,MT,AI in autonomous driving navigates,5704
151207,24357,1341442300,RT,Cinema,5705
14578,99084,1341442360,RT,Camera systems,5706
42836,26079,1341442420,RT,Photography capturing,5707
28115,18654,1341442480,MT,iPhone airplane mode disconnects,5708
229741,17871,1341442540,RT,Milky Way mass estimated,5709
14415,9107,1341442600,RE,Grilled chicken is golden goodness,5710
14241,39959,1341442660,RE,Wrestling grips are strong,5711
2236,11872,1341442720,RE,Protocol upgrades improve efficiency,5712
65282,137166,1341442780,RE,Cross-party collaboration solves issues,5713
65380,40323,1341442840,MT,AI in drones optimizes flight,5714
8512,12183,1341442900,RT,Directors,5715
6712,16523,1341442960,RT,Radar detection,5716
74375,35369,1341443020,RT,Videography recording,5717
20056,11329,1341443080,RE,iPhone do not disturb silences,5718
6013,78528,1341443140,MT,Stellar mass dominates,5719
412350,107829,1341443200,RT,Roasted beets are earthy sweetness,5720
69643,64640,1341443260,MT,Archery aim is steady,5721
36795,53383,1341443320,MT,Community engagement strengthens networks,5722
214,86903,1341443380,RE,Legislative compromise passes laws,5723
4336,257094,1341443440,RE,AI in robotics automates tasks,5724
13239,64541,1341443500,RE,Actors,5725
89807,2555,1341443560,RT,Lidar mapping,5726
72839,16824,1341443620,RT,Writing journaling,5727
1138,63931,1341443680,RE,iPhone screen time monitors,5728
21832,58912,1341443740,MT,Dark matter mass,5729
312038,231574,1341443800,RT,Pumpkin pie is autumn in a bite,5730
35371,79105,1341443860,RE,Fencing parries are tactical,5731
33301,8839,1341443920,MT,Tokenomics balance ecosystem,5732
132394,267269,1341443980,RT,Executive leadership enforces policies,5733
84375,89495,1341444040,MT,AI in supply chain predicts logistics,5734
62666,191083,1341444100,RE,Screenwriters,5735
735,71141,1341444160,MT,Ultrasonic parking,5736
828,248648,1341444220,MT,Storytelling narrating,5737
12945,9278,1341444280,MT,iPhone parental controls manage,5738
335263,25063,1341444340,MT,Gas mass fraction,5739
130629,8970,1341444400,MT,Chocolate lava cake is molten happiness,5740
57279,80068,1341444460,RE,Weightlifting squats are foundational,5741
44371,54222,1341444520,RE,Staking rewards holders,5742
49342,39071,1341444580,RE,Cabinet appointments guide departments,5743
8268,3726,1341444640,RT,AI in finance automates trading,5744
204755,57886,1341444700,RE,Cinematographers,5745
8223,30639,1341444760,RE,Emergency braking,5746
372414,251638,1341444820,RT,Traveling enriches,5747
1267,65003,1341444880,MT,iPhone accessibility options support,5748
13501,5602,1341444940,MT,Star density varies,5749
37523,991,1341445000,RT,Turkey sandwich is classic simplicity,5750
74920,420228,1341445060,RE,Cheer formations are precise,5751
50285,39074,1341445120,MT,DAO governance empowers communities,5752
189146,54223,1341445180,RT,Administrative decisions implement laws,5753
44183,22240,1341445240,MT,AI in marketing personalizes campaigns,5754
85423,423897,1341445300,RE,Editors,5755
13912,55242,1341445360,MT,Collision warning,5756
118744,41655,1341445420,RT,Traveling transforms,5757
14602,4304,1341445480,RE,iPhone magnifier enlarges,5758
221458,56426,1341445540,RE,Globular clusters orbit,5759
13139,47184,1341445600,MT,Veggie pizza is colorful joy,5760
51472,965,1341445660,RT,Lacrosse passes are quick,5761
52905,91546,1341445720,RE,Layer 2 scaling reduces congestion,5762
2915,93,1341445780,RT,Bureaucratic processes manage governance,5763
5280,547,1341445840,MT,AI in healthcare assists doctors,5764
81723,12342,1341445900,MT,Sound,5765
110177,20919,1341445960,MT,Adaptive lighting,5766
1277,12767,1341446020,MT,Traveling inspires,5767
1138,995,1341446080,MT,iPhone voice control operates,5768
27034,15291,1341446140,RE,Open clusters dissolve,5769
268,39464,1341446200,MT,Cinnamon oatmeal is cozy mornings,5770
30323,64547,1341446260,MT,Rugby tackles are intense,5771
55519,204197,1341446320,RE,Cross-chain bridges enhance interoperability,5772
20421,15261,1341446380,RT,Regulatory agencies enforce rules,5773
23125,42064,1341446440,RT,AI in education adapts learning,5774
2567,12505,1341446500,RT,Composers,5775
20919,16708,1341446560,RE,Head-up display,5776
209321,21007,1341446620,MT,Traveling educates,5777
157724,32098,1341446680,MT,iPhone hearing aids connect,5778
212194,34809,1341446740,RT,Milky Way metallicity gradient,5779
8970,129211,1341446800,RE,Cranberry scones are tart and sweet,5780
23813,39666,1341446860,RT,Cricket batting is strategic,5781
71277,295879,1341446920,RT,Privacy technologies protect users,5782
208502,36065,1341446980,RT,Policy evaluation measures impact,5783
18104,23769,1341447040,RE,AI in games enhances experiences,5784
108275,16516,1341447100,RE,Production design,5785
49701,96022,1341447160,MT,Digital dashboards,5786
32438,74375,1341447220,MT,Traveling connects,5787
29805,33831,1341447280,RT,iPhone braille displays compatible,5788
8757,7937,1341447340,MT,Alpha elements distribution,5789
138412,36841,1341447400,RT,Chicken pot pie is comfort in a crust,5790
122438,2042,1341447460,RT,Horse gallops are freedom,5791
171,2247,1341447520,RE,Smart contract audits prevent exploits,5792
93062,40608,1341447580,MT,Public administration ensures services,5793
50200,105731,1341447640,MT,AI in cybersecurity detects threats,5794
45004,90752,1341447700,MT,Costumes,5795
375095,21585,1341447760,RE,Infotainment,5796
50052,248648,1341447820,RT,Traveling delights,5797
23956,109178,1341447880,RE,iPhone shortcuts automate,5798
11346,2849,1341447940,MT,Iron abundance mapped,5799
106825,2143,1341448000,MT,Shrimp tacos are oceanic delight,5800
3259,178088,1341448060,RE,Bowling spares are satisfying,5801
67712,62125,1341448120,RE,Wallet security is crucial,5802
198004,759,1341448180,MT,Government transparency promotes trust,5803
689,998,1341448240,RT,AI in privacy preserves data,5804
2994,4599,1341448300,RT,Makeup,5805
977,16304,1341448360,RE,Smartphone apps,5806
164883,165970,1341448420,RT,Traveling entertains,5807
9914,19009,1341448480,RE,iPhone automation simplifies,5808
73319,2594,1341448540,MT,Milky Way structure complex,5809
114224,56042,1341448600,RT,Avocado salad is creamy freshness,5810
101502,20752,1341448660,MT,Sailing tacks are sharp,5811
718,36093,1341448720,RT,Hardware wallets store keys safely,5812
137247,11072,1341448780,RT,Ethical governance prevents misconduct,5813
171600,66791,1341448840,MT,AI in cloud computing scales resources,5814
80257,22236,1341448900,RT,Visual effects,5815
36558,59529,1341448960,RE,Voice control,5816
68278,261489,1341449020,RT,Traveling rejuvenates,5817
18168,7234,1341449080,MT,iPhone widgets show,5818
33386,1270,1341449140,RT,"Disk, bulge, halo",5819
67637,202609,1341449200,RE,Cheese fondue is communal indulgence,5820
295412,27723,1341449260,RT,Kayak strokes are rhythmic,5821
40326,6050,1341449320,RE,Cold storage secures assets,5822
277615,39071,1341449380,MT,Accountability mechanisms enforce standards,5823
65380,217388,1341449440,MT,AI in edge computing processes locally,5824
36079,21686,1341449500,MT,Practical effects,5825
53930,36312,1341449560,RE,Gesture control,5826
27184,363,1341449620,RT,Traveling amazes,5827
59542,27311,1341449680,RT,iPhone live text recognizes,5828
79783,12999,1341449740,MT,Spiral arms traced,5829
22349,250519,1341449800,RT,Spinach quiche is light and tasty,5830
21314,527,1341449860,RT,Skating jumps are beautiful,5831
4368,2010,1341449920,MT,Multi-sig wallets increase safety,5832
287121,13233,1341449980,RT,Conflict resolution maintains stability,5833
220156,124257,1341450040,RT,AI in IoT connects devices,5834
38377,177746,1341450100,MT,Stunts,5835
131668,87761,1341450160,RE,Wireless updates,5836
12270,10574,1341450220,MT,Traveling challenges,5837
13938,2564,1341450280,RT,iPhone visual lookup identifies,5838
6940,170689,1341450340,MT,Bar elongated,5839
2143,33383,1341450400,RE,Clam linguine is a seafood feast,5840
14615,317497,1341450460,RT,Handball throws are fast,5841
68313,16131,1341450520,RT,Digital ownership empowers creators,5842
4428,14160,1341450580,MT,Negotiation skills facilitate agreements,5843
52474,89495,1341450640,RE,AI in social media moderates content,5844
57122,81150,1341450700,RE,Camera movement,5845
74036,11443,1341450760,RE,Over-the-air,5846
2911,36436,1341450820,RT,Traveling excites,5847
56453,43516,1341450880,RE,iPhone focus mode blocks,5848
92693,54486,1341450940,RT,Warped disk,5849
7533,195528,1341451000,RE,Pasta primavera is spring on a plate,5850
14551,12648,1341451060,RT,Water polo passes are precise,5851
149796,979,1341451120,RT,NFT marketplaces connect buyers and sellers,5852
3239,54223,1341451180,RT,Diplomatic channels enable dialogue,5853
60627,1553,1341451240,RT,AI in customer service responds,5854
77579,17939,1341451300,RE,Lighting,5855
236,84112,1341451360,MT,Cybersecurity,5856
60686,310776,1341451420,RE,Traveling thrills,5857
218218,23694,1341451480,RE,iPhone notifications filter,5858
52882,7819,1341451540,RT,Flaring outer disk,5859
36841,102477,1341451600,RT,Greek salad is crisp and bright,5860
14241,3361,1341451660,MT,Speed skating sprints are intense,5861
12005,178263,1341451720,MT,DeFi protocols innovate finance,5862
16496,33274,1341451780,RE,International cooperation addresses global issues,5863
57916,137451,1341451840,RE,AI in virtual assistants aids users,5864
5628,177746,1341451900,MT,Color grading,5865
90495,190207,1341451960,RE,Privacy,5866
405665,30231,1341452020,RT,Traveling calms,5867
12945,8208,1341452080,MT,iPhone privacy features protect,5868
106925,58961,1341452140,MT,Disk thickness measured,5869
34264,30298,1341452200,MT,Tomato basil soup is simple perfection,5870
329707,38226,1341452260,RT,Kickboxing defenses are smart,5871
33461,67712,1341452320,RT,Metaverse assets create digital property,5872
328882,216369,1341452380,RE,Treaties formalize international commitments,5873
71591,202703,1341452440,RT,AI in chatbots interacts naturally,5874
206229,3374,1341452500,MT,Film festivals,5875
11960,327,1341452560,RE,Driver monitoring,5876
11337,2746,1341452620,RT,Traveling restores,5877
91840,10033,1341452680,RT,iPhone location services control,5878
17332,44086,1341452740,RE,Milky Way halo extended,5879
29864,349931,1341452800,RT,Garlic butter shrimp is savory magic,5880
129441,16938,1341452860,RE,CrossFit lifts are challenging,5881
9917,2673,1341452920,RE,Blockchain adoption expands globally,5882
42947,170665,1341452980,RT,Peacekeeping maintains security,5883
34810,90474,1341453040,RE,AI in translation bridges languages,5884
7245,105143,1341453100,MT,Indie films,5885
82150,8201,1341453160,RE,Attention assist,5886
44456,93313,1341453220,RE,Traveling surprises,5887
85960,37221,1341453280,RE,iPhone app tracking transparency,5888
33569,37502,1341453340,RT,Stellar streams observed,5889
144204,12253,1341453400,RE,Zucchini noodles are guilt-free fun,5890
121433,317497,1341453460,MT,Obstacle climbing is demanding,5891
8005,64320,1341453520,RT,Crypto education spreads knowledge,5892
146381,106758,1341453580,RT,Sanctions influence behavior,5893
220156,28872,1341453640,RT,AI in recommendation engines suggests products,5894
253928,1834,1341453700,RE,Blockbusters,5895
56725,152360,1341453760,RE,Lane keeping,5896
20246,323578,1341453820,MT,Traveling enlightens,5897
62358,14604,1341453880,RE,iPhone camera modes vary,5898
533,114631,1341453940,RE,Satellite accretion history,5899
93688,15499,1341454000,MT,Margherita pizza is Italian perfection,5900
36304,80861,1341454060,RE,Mountain biking jumps are thrilling,5901
74779,28063,1341454120,MT,Innovation drives markets,5902
265704,2813,1341454180,RT,Foreign aid supports development,5903
64993,8268,1341454240,MT,AI in predictive maintenance prevents failures,5904
81150,22642,1341454300,RE,Documentaries,5905
385,44969,1341454360,MT,Traffic sign recognition,5906
74187,29264,1341454420,MT,Traveling opens eyes,5907
75721,149327,1341454480,RE,iPhone portrait mode blurs,5908
131506,61753,1341454540,MT,Milky Way archaeology,5909
375668,289427,1341454600,MT,Beef bourguignon is rich and hearty,5910
30478,282758,1341454660,RE,Trail running endurance is tested,5911
13816,113373,1341454720,RT,Security ensures trust,5912
50910,64550,1341454780,RE,Global summits set agendas,5913
23517,10392,1341454840,RE,AI in forecasting anticipates demand,5914
980,1348,1341454900,RT,Biopics,5915
309612,92049,1341454960,MT,Adaptive cruise,5916
130816,32564,1341455020,RT,Traveling broadens horizons,5917
63931,71020,1341455080,RE,iPhone night mode illuminates,5918
59654,12272,1341455140,RE,Milky Way observation challenges,5919
2157,68132,1341455200,RT,Pumpkin soup is velvety warmth,5920
132195,206726,1341455260,RT,Freestyle skiing jumps are daring,5921
140003,45144,1341455320,MT,Regulation clarifies rules,5922
14926,10179,1341455380,MT,Multilateral organizations coordinate policy,5923
39124,129069,1341455440,RT,AI in simulation tests scenarios,5924
19366,140190,1341455500,MT,Historical films,5925
13275,96775,1341455560,MT,Blind spot monitoring,5926
55,42836,1341455620,RT,Traveling embraces diversity,5927
14604,68869,1341455680,RE,iPhone cinematic mode films,5928
209641,79054,1341455740,RE,Interstellar extinction,5929
110370,16547,1341455800,MT,Lobster rolls are luxury in a bun,5930
38790,13141,1341455860,MT,Yoga stretches are mindful,5931
227066,61138,1341455920,RT,Market volatility creates opportunities,5932
277615,35707,1341455980,MT,Non-governmental actors influence outcomes,5933
177652,62205,1341456040,MT,AI in robotics optimizes control,5934
17004,184615,1341456100,RT,Romantic films,5935
31887,7783,1341456160,RT,Parking assistance,5936
12767,37562,1341456220,RE,Traveling fosters empathy,5937
74346,28667,1341456280,RT,iPhone slo-mo records,5938
16003,319196,1341456340,MT,Light absorption,5939
61211,134595,1341456400,RT,Caramel flan is silky sweetness,5940
37510,6072,1341456460,RT,Pilates routines are controlled,5941
6373,67032,1341456520,RT,Long-term holding builds value,5942
67624,14160,1341456580,RE,Policy advocacy shapes legislation,5943
81674,54200,1341456640,RT,AI in healthcare monitors vitals,5944
86845,12276,1341456700,RT,Action films,5945
285185,31624,1341456760,RT,Rear cross-traffic alert,5946
33713,50209,1341456820,RE,Traveling builds confidence,5947
50865,7383,1341456880,RE,iPhone time-lapse captures,5948
9905,145851,1341456940,RE,Scattering by dust,5949
93529,93688,1341457000,MT,Roasted Brussels sprouts are crisp and flavorful,5950
4602,166765,1341457060,RE,Parkour flips are daring,5951
19944,13076,1341457120,MT,HODL strategies reward patience,5952
189146,104474,1341457180,MT,Political campaigns mobilize communities,5953
50698,17045,1341457240,RE,AI in finance detects fraud,5954
473,146922,1341457300,RT,Comedy films,5955
11149,24751,1341457360,RT,Emergency steering,5956
314122,178,1341457420,RE,Traveling encourages curiosity,5957
14604,409056,1341457480,RE,iPhone panoramic photos expand,5958
34247,171180,1341457540,RE,Infrared observations,5959
65,252801,1341457600,RE,BBQ ribs are messy perfection,5960
6607,51334,1341457660,RT,Beach volleyball serves are strong,5961
335,2178,1341457720,RE,Altcoin seasons excite traders,5962
24676,85727,1341457780,RE,Voter engagement strengthens democracy,5963
14887,12748,1341457840,MT,AI in marketing targets ads,5964
30230,80879,1341457900,MT,Horror films,5965
53930,327,1341457960,RT,Night vision,5966
50297,23635,1341458020,RT,Traveling sparks imagination,5967
1795,95510,1341458080,RT,iPhone macro shots close,5968
3972,19879,1341458140,MT,Radio astronomy,5969
2671,20011,1341458200,RE,Peach cobbler is fruit heaven,5970
30039,20192,1341458260,RE,Marathon pacing is important,5971
9951,50249,1341458320,RE,NFTs create unique ownership,5972
88392,120179,1341458380,RE,Election monitoring ensures fairness,5973
22774,220058,1341458440,RE,AI in autonomous vehicles drives safely,5974
9210,10287,1341458500,MT,Sci-fi films,5975
43677,88804,1341458560,MT,Tire pressure monitoring,5976
18097,62619,1341458620,RE,Traveling satisfies wanderlust,5977
8252,59542,1341458680,RT,iPhone ultra wide lens captures,5978
73933,17012,1341458740,MT,Gamma-ray astronomy,5979
132118,20287,1341458800,MT,Chili con carne is spicy comfort,5980
67382,59141,1341458860,RT,Sprint acceleration is explosive,5981
50267,192260,1341458920,MT,Gaming NFTs incentivize engagement,5982
7057,60525,1341458980,RT,Electoral commissions oversee processes,5983
3726,104613,1341459040,RT,AI in drones manages deliveries,5984
106226,59945,1341459100,MT,Fantasy films,5985
2218,57958,1341459160,RE,Fuel efficiency,5986
153717,27135,1341459220,RE,Traveling creates memories,5987
57541,96291,1341459280,MT,iPhone telephoto lens zooms,5988
10154,5160,1341459340,RE,X-ray astronomy,5989
241984,73305,1341459400,MT,Quinoa salad is healthy satisfaction,5990
82643,38695,1341459460,RE,Relay teamwork is crucial,5991
154584,60021,1341459520,RT,Metaverse integrates blockchain,5992
42172,2813,1341459580,MT,Political parties organize candidates,5993
8889,36392,1341459640,RE,AI in computer vision interprets scenes,5994
101981,443811,1341459700,RE,Mystery films,5995
46825,14575,1341459760,RT,Driving modes,5996
41740,74783,1341459820,RE,Traveling shapes character,5997
11891,16746,1341459880,RE,iPhone optical zoom magnifies,5998
17460,21832,1341459940,RT,Optical telescopes,5999
52200,9850,1341460000,RE,Chicken fajitas are sizzling goodness,6000
10446,380767,1341460060,MT,Judo holds are firm,6001
44446,105315,1341460120,RT,Tokenomics drive ecosystems,6002
93,16537,1341460180,MT,Party conventions nominate leaders,6003
171153,5375,1341460240,RT,AI in NLP understands text,6004
240806,60365,1341460300,RE,Thriller films,6005
107766,35376,1341460360,RT,Eco mode,6006
26171,2911,1341460420,MT,Traveling enhances perspective,6007
25006,57754,1341460480,MT,iPhone digital zoom enlarges,6008
139746,17573,1341460540,RE,Space telescopes,6009
4564,117539,1341460600,RT,Egg salad sandwiches are simple delights,6010
2042,30323,1341460660,MT,Karate sparring is intense,6011
2866,2288,1341460720,RT,Staking and yield farming reward participation,6012
181626,37685,1341460780,RT,Primary elections select nominees,6013
100924,84375,1341460840,RE,AI in speech recognition transcribes audio,6014
89515,9881,1341460900,RE,Adventure films,6015
94918,14677,1341460960,RT,Sport mode,6016
73638,16441,1341461020,MT,Traveling enriches life,6017
81427,40558,1341461080,RT,iPhone HDR enhances,6018
49694,59998,1341461140,RT,Hubble observations,6019
18506,2175,1341461200,RE,Maple glazed ham is holiday magic,6020
25339,36304,1341461260,RT,Taekwondo sparring is quick,6021
40326,7644,1341461320,MT,DAO governance decentralizes decisions,6022
15741,70102,1341461380,RT,General elections determine officeholders,6023
27037,46112,1341461440,MT,AI in GANs generates realistic images,6024
21686,49179,1341461500,RE,War films,6025
87761,41808,1341461560,RE,Comfort mode,6026
58736,1416,1341461620,RE,Traveling is an adventure,6027
54301,176473,1341461680,RT,iPhone panorama stitching,6028
6974,70690,1341461740,RE,Gaia mission,6029
26677,7801,1341461800,MT,Baked ziti is cheesy joy,6030
102591,421847,1341461860,RE,Kickball throws are fast,6031
33105,100127,1341461920,RE,Smart contract audits prevent exploits,6032
50282,42170,1341461980,MT,Referenda allow direct voting,6033
42064,201103,1341462040,MT,AI in LLMs understands language,6034
59012,188384,1341462100,RE,Crime films,6035
55242,109647,1341462160,MT,Individual mode,6036
58736,119333,1341462220,RE,Traveling is a journey,6037
10914,24898,1341462280,RE,iPhone photo editing edits,6038
15291,47499,1341462340,RT,Stellar parallaxes,6039
106558,2143,1341462400,RE,Seafood paella is festive flavor,6040
6660,386123,1341462460,RT,Softball pitching is skillful,6041
113223,70518,1341462520,RT,Layer 2 solutions improve speed,6042
24031,7790,1341462580,RE,Citizen participation drives legitimacy,6043
62391,123417,1341462640,MT,AI in transformers processes sequences,6044
228,307771,1341462700,MT,Musicals,6045
13820,75640,1341462760,RT,Engine start-stop,6046
57026,48920,1341462820,MT,Traveling is a story,6047
56453,90227,1341462880,MT,iPhone filters apply,6048
79911,4994,1341462940,RE,Proper motions,6049
180135,281077,1341463000,RE,Grilled salmon is smoky perfection,6050
189839,67159,1341463060,RT,Ping pong rallies are fast,6051
45144,40326,1341463120,MT,Cross-chain bridges enhance connectivity,6052
4446,86066,1341463180,RE,Civic education informs public,6053
15310,141739,1341463240,RE,AI in reinforcement learning trains agents,6054
349884,96820,1341463300,RE,Animated films,6055
128768,87993,1341463360,RT,Regenerative braking,6056
2839,7569,1341463420,MT,Traveling is learning,6057
462,33831,1341463480,RE,iPhone live photos move,6058
207170,86822,1341463540,MT,3D mapping,6059
25855,36368,1341463600,RT,Fettuccine Alfredo is creamy indulgence,6060
59141,69417,1341463660,RT,Dodgeball throws are strategic,6061
286739,73034,1341463720,RE,Privacy coins protect transactions,6062
124940,18143,1341463780,RT,Political literacy encourages involvement,6063
51704,48073,1341463840,RE,AI in supervised learning uses labels,6064
30075,4957,1341463900,RT,Stop-motion,6065
7783,89807,1341463960,RT,Energy management,6066
32652,85586,1341464020,MT,Traveling is fun,6067
34629,56453,1341464080,MT,iPhone memories create,6068
12698,111325,1341464140,RT,Stellar velocities,6069
7898,195807,1341464200,RT,Stuffed bell peppers are colorful bites,6070
124861,7404,1341464260,RE,Table football matches are quick,6071
13816,40326,1341464320,RE,Education informs participants,6072
180496,201077,1341464380,MT,Grassroots activism promotes change,6073
24669,23123,1341464440,RE,AI in unsupervised learning finds patterns,6074
329401,157238,1341464500,RE,CGI,6075
91948,162402,1341464560,RT,Charging apps,6076
28973,131116,1341464620,RE,Traveling is joy,6077
121179,74346,1341464680,MT,iPhone albums organize,6078
292088,46985,1341464740,MT,Galactic dynamics,6079
67581,9021,1341464800,RT,Beef stroganoff is classic comfort,6080
43914,43742,1341464860,MT,Rowing synchronization is key,6081
370,14609,1341464920,RE,Digital scarcity drives value,6082
19118,106758,1341464980,MT,Civil society strengthens democracy,6083
236994,121058,1341465040,RT,AI in semi-supervised learning combines approaches,6084
244219,24755,1341465100,MT,Motion capture,6085
43722,82150,1341465160,MT,Range estimators,6086
5041,58991,1341465220,RT,Traveling is discovery,6087
11876,95510,1341465280,RE,iPhone shared albums collaborate,6088
32502,26139,1341465340,MT,Mass distribution,6089
608,102477,1341465400,RT,Caesar salad is crisp delight,6090
11597,119097,1341465460,RE,Speed climbing timing is critical,6091
16131,323711,1341465520,MT,Digital assets redefine markets,6092
93266,5500,1341465580,RT,Advocacy groups influence policy,6093
85479,6693,1341465640,RE,AI in generative models creates content,6094
157147,2567,1341465700,RT,Voice acting,6095
490,234284,1341465760,RT,Trip planners,6096
58074,73638,1341465820,MT,Traveling is freedom,6097
1577,162152,1341465880,RT,iPhone photo library stores,6098
8920,77555,1341465940,MT,Dark matter detection,6099
12253,119425,1341466000,MT,Vegetable curry is aromatic magic,6100
216,4905,1341466060,MT,Powerlifting totals are impressive,6101
12005,93314,1341466120,RE,Crypto adoption grows daily,6102
17468,6958,1341466180,RT,Lobbying efforts shape legislation,6103
4,8602,1341466240,RT,AI ethics guides responsible use,6104
51757,24357,1341466300,MT,Editing,6105
162402,53930,1341466360,RE,Navigation traffic,6106
251706,2349,1341466420,RE,Traveling is connection,6107
16746,479,1341466480,RE,iPhone iCloud Photos syncs,6108
21949,144338,1341466540,RT,Gravitational effects,6109
135110,180890,1341466600,RT,Shrimp fried rice is quick satisfaction,6110
80507,135355,1341466660,MT,Trail biking technicals are tricky,6111
127975,47794,1341466720,MT,Innovation advances technology,6112
13603,104057,1341466780,RT,Think tanks conduct research,6113
44183,7259,1341466840,MT,AI bias requires careful analysis,6114
253928,54488,1341466900,MT,Montages,6115
57024,1002,1341466960,RE,Maintenance alerts,6116
439,7313,1341467020,RE,Traveling is culture,6117
310048,10482,1341467080,RT,iPhone storage optimization frees,6118
38672,39782,1341467140,RE,Rotation curve anomaly,6119
111494,3807,1341467200,RE,Sweet potato fries are golden treats,6120
30478,8902,1341467260,MT,Obstacle racing endurance is tested,6121
7717,340987,1341467320,RE,Security protocols safeguard assets,6122
50228,126308,1341467380,MT,Policy analysis informs debate,6123
154193,9020,1341467440,MT,AI transparency improves trust,6124
2572,88716,1341467500,RE,Flashbacks,6125
105460,31624,1341467560,RE,Diagnostic tools,6126
47631,154350,1341467620,RT,Traveling is nature,6127
42916,16242,1341467680,MT,iPhone photo backup protects,6128
109379,125337,1341467740,RE,MOND theories,6129
12344,104508,1341467800,RT,Minestrone soup is hearty and healthy,6130
167245,16822,1341467860,MT,Skydiving formations are beautiful,6131
8839,309611,1341467920,RE,Regulation shapes compliance,6132
6408,42380,1341467980,RT,Expert testimony guides lawmakers,6133
7962,11998,1341468040,RT,AI explainability clarifies decisions,6134
378013,69628,1341468100,MT,Foreshadowing,6135
14575,55401,1341468160,RT,Service reminders,6136
54207,138856,1341468220,RT,Traveling is art,6137
40558,4570,1341468280,RT,iPhone video editing edits,6138
255249,247440,1341468340,RE,Galaxy modeling,6139
22380,15294,1341468400,MT,Pulled pork sandwiches are messy and delicious,6140
41828,233483,1341468460,MT,BMX tricks are daring,6141
141384,72108,1341468520,MT,Market volatility provides opportunities,6142
248,50228,1341468580,RE,Political strategy maximizes influence,6143
67792,28072,1341468640,RE,AI datasets must be diverse,6144
21062,3369,1341468700,MT,Chekhov's gun,6145
53930,50218,1341468760,RE,Parts replacement,6146
50052,11710,1341468820,RT,Traveling is history,6147
367035,16460,1341468880,RE,iPhone clips create,6148
136493,336573,1341468940,RE,Simulation results,6149
7401,100921,1341469000,MT,Spinach and feta omelette is morning goodness,6150
89408,22816,1341469060,RE,Triathlon transitions are smooth,6151
22451,60818,1341469120,MT,Long-term holding builds wealth,6152
20751,12058,1341469180,MT,Messaging campaigns persuade voters,6153
103439,208846,1341469240,RT,AI models learn from data,6154
6968,10287,1341469300,MT,Character arcs,6155
68400,226183,1341469360,RE,Fluid levels,6156
221,310776,1341469420,RE,Traveling is food,6157
28715,8073,1341469480,RE,iPhone iMovie edits,6158
166106,218995,1341469540,RT,Milky Way formation,6159
9707,196276,1341469600,RT,Chocolate soufflé is airy indulgence,6160
58032,119097,1341469660,MT,Ironman finish lines are triumphant,6161
227066,8005,1341469720,MT,HODL strategies reward patience,6162
14085,280909,1341469780,RT,Media relations manage coverage,6163
22779,89928,1341469840,RT,AI adapts to new information,6164
22642,43440,1341469900,RT,Motivation,6165
30652,8201,1341469960,RE,Tire rotation,6166
216018,8835,1341470020,RT,Traveling is music,6167
7340,87948,1341470080,MT,iPhone Live Photos animate,6168
22788,32274,1341470140,RT,Hierarchical merging,6169
408,14577,1341470200,RE,Tuna salad is simple elegance,6170
132832,89408,1341470260,RT,Soccer dribbles are slick,6171
55539,141384,1341470320,MT,Speculative assets attract interest,6172
60525,33833,1341470380,RT,Public relations shape perception,6173
57289,18717,1341470440,RT,AI improves efficiency,6174
34802,90752,1341470500,MT,Conflict,6175
46282,4433,1341470560,MT,Brake inspection,6176
3020,26352,1341470620,MT,Traveling is language,6177
54863,7691,1341470680,RT,iPhone HEIF compresses,6178
51886,198079,1341470740,RE,Initial mass function,6179
117539,35344,1341470800,RE,Chicken tikka masala is rich and spicy,6180
56262,9851,1341470860,RE,Basketball assists are clever,6181
2312,39511,1341470920,MT,FOMO drives market activity,6182
35365,6958,1341470980,RT,Debate performance impacts opinion,6183
133894,92785,1341471040,RT,AI reduces human error,6184
7785,16216,1341471100,RT,Resolution,6185
108150,226183,1341471160,MT,Battery check,6186
14725,405665,1341471220,MT,Traveling is people,6187
156686,4412,1341471280,MT,iPhone HEVC encodes,6188
303217,87681,1341471340,MT,Star formation history,6189
433454,160629,1341471400,MT,Beef kebabs are grilled perfection,6190
102591,16822,1341471460,RE,Football tackles are precise,6191
221484,173407,1341471520,RE,FUD induces caution,6192
9868,97805,1341471580,RE,Campaign advertising attracts attention,6193
2360,1984,1341471640,RE,AI accelerates research,6194
21643,27748,1341471700,RT,Themes,6195
41692,97197,1341471760,MT,Coolant flush,6196
4134,186332,1341471820,RE,Traveling is experiences,6197
2127,16333,1341471880,RT,iPhone frame rates vary,6198
157176,57654,1341471940,MT,Chemical evolution,6199
75458,58159,1341472000,MT,Mushroom soup is creamy warmth,6200
66495,15039,1341472060,RE,Baseball catches are skilled,6201
80926,45421,1341472120,RT,Institutional adoption increases legitimacy,6202
54209,138766,1341472180,RE,Endorsements signal support,6203
68079,38225,1341472240,MT,AI supports decision-making,6204
157147,140190,1341472300,RT,Symbolism,6205
43643,57958,1341472360,RE,Air filter replacement,6206
363,2237,1341472420,MT,Traveling is memories,6207
4929,8073,1341472480,RE,iPhone 4K records,6208
89805,24197,1341472540,MT,Stellar populations,6209
180890,14415,1341472600,RE,Apple pie is classic sweetness,6210
6585,8398,1341472660,RT,Hockey saves are crucial,6211
7480,4485,1341472720,MT,Retail traders expand participation,6212
659,6618,1341472780,RE,Political branding builds recognition,6213
42112,103862,1341472840,RE,AI enhances creativity,6214
191083,158358,1341472900,RE,Irony,6215
356,19872,1341472960,RE,Timing belt,6216
1286,20636,1341473020,RT,Traveling is life,6217
2372,428447,1341473080,RT,iPhone 1080p records,6218
17332,120347,1341473140,RT,Population synthesis,6219
452453,94,1341473200,RE,Chocolate chip pancakes are morning joy,6220
2042,10264,1341473260,MT,Tennis rallies are intense,6221
303072,217264,1341473320,RT,Exchange liquidity facilitates trading,6222
2194,154107,1341473380,RT,Candidate image affects popularity,6223
141739,212004,1341473440,RE,AI personalizes experiences,6224
6982,8984,1341473500,MT,Subtext,6225
323,75441,1341473560,RT,Transmission service,6226
18319,53504,1341473620,MT,Traveling is transformation,6227
63931,130562,1341473680,MT,iPhone 720p records,6228
6080,145624,1341473740,RE,Milky Way age,6229
47626,9964,1341473800,MT,Roasted chicken is golden perfection,6230
6643,30750,1341473860,RE,Golf swings are precise,6231
6948,3243,1341473920,MT,Partnerships extend networks,6232
67299,42947,1341473980,RT,Policy positions define platforms,6233
78773,10093,1341474040,RE,AI is the future of technology,6234
92781,82063,1341474100,RE,Dialogue,6235
19922,72280,1341474160,MT,Suspension inspection,6236
242386,39371,1341474220,RE,Traveling is exploration,6237
9106,184805,1341474280,RE,iPhone slo-mo 120fps,6238
33787,47499,1341474340,RE,Cosmological context,6239
8399,6069,1341474400,RT,Avocado toast with eggs is breakfast power,6240
3482,9974,1341474460,RT,Boxing rings are battlefields,6241
35726,376,1341474520,RT,Protocol upgrades improve functionality,6242
9254,70199,1341474580,RE,Legislative priorities guide action,6243
5375,58847,1341474640,RE,Artificial intelligence transforms technology,6244
1881,77579,1341474700,MT,Monologues,6245
37503,8201,1341474760,RT,Vehicle inspection,6246
83957,251638,1341474820,RE,Traveling is inspiration,6247
118480,24384,1341474880,MT,iPhone slo-mo 240fps,6248
34809,7937,1341474940,RT,Local group dynamics,6249
35344,58095,1341475000,RT,Pasta carbonara is creamy delight,6250
25931,29477,1341475060,RE,Swimming lanes are freedom,6251
78114,14589,1341475120,MT,Community engagement strengthens ecosystems,6252
118527,28664,1341475180,MT,Executive agendas set focus,6253
8294,5375,1341475240,MT,Machine learning powers AI systems,6254
5464,350982,1341475300,RE,Voice-over,6255
35481,6350,1341475360,RT,Detailing,6256
36436,361661,1341475420,MT,Traveling is wonder,6257
106089,8964,1341475480,RE,iPhone cinematic recording films,6258
139746,26149,1341475540,RT,Andromeda approach,6259
28458,39888,1341475600,MT,Fried shrimp is crispy happiness,6260
8442,56860,1341475660,RE,Gymnastics mats are artistry,6261
81183,19609,1341475720,RT,Digital scarcity increases asset value,6262
118527,52471,1341475780,MT,Government initiatives address needs,6263
208846,80,1341475840,RE,Deep learning mimics the human brain,6264
142050,1988,1341475900,RE,Exposition,6265
13685,3642,1341475960,MT,Car wash,6266
14431,14725,1341476020,RE,Traveling is growth,6267
89814,2266,1341476080,RT,iPhone audio zoom focuses,6268
142114,51288,1341476140,RT,Triangulum influence,6269
75448,53019,1341476200,MT,Tomato mozzarella salad is fresh and simple,6270
28250,50967,1341476260,MT,Diving boards are stage,6271
100127,300860,1341476320,MT,DeFi protocols evolve finance,6272
21296,5143,1341476380,MT,Policy implementation ensures delivery,6273
132649,202703,1341476440,RE,Neural networks process complex data,6274
92781,4427,1341476500,MT,Subplots,6275
9149,3193,1341476560,MT,Waxing,6276
4059,101118,1341476620,MT,Traveling is happiness,6277
3994,65187,1341476680,MT,iPhone noise reduction clears,6278
31602,815,1341476740,RT,Satellite orbits,6279
383668,26677,1341476800,RE,Grilled cheese with tomato soup is classic comfort,6280
170806,283683,1341476860,MT,Skate parks are creative,6281
33150,128973,1341476920,RE,NFTs create digital ownership,6282
16533,79232,1341476980,RE,Administrative oversight monitors compliance,6283
98203,14887,1341477040,RT,AI automates repetitive tasks,6284
14134,51757,1341477100,RT,Pacing,6285
6231,92049,1341477160,RT,Polishing,6286
58051,2258,1341477220,RT,Traveling is fulfillment,6287
41382,26755,1341477280,RE,iPhone spatial audio immerses,6288
32706,29230,1341477340,RT,Magellanic Clouds,6289
7801,122469,1341477400,MT,Banana pancakes are sweet mornings,6290
16959,130814,1341477460,RE,Surfing beaches are playgrounds,6291
59427,376,1341477520,RE,Metaverse projects expand economies,6292
12058,8135,1341477580,MT,Bureaucratic efficiency improves services,6293
72174,23648,1341477640,RT,Natural language processing understands text,6294
39523,10287,1341477700,RT,Climax,6295
3193,59905,1341477760,MT,Interior cleaning,6296
80006,382034,1341477820,RT,Traveling is excitement,6297
66417,358393,1341477880,MT,iPhone Dolby Vision supports,6298
35352,2342,1341477940,RE,Sagittarius stream,6299
306742,991,1341478000,RE,Baked salmon with herbs is healthy and tasty,6300
19323,57942,1341478060,MT,Mountain summits are rewarding,6301
71277,170159,1341478120,RT,Tokenomics incentivize users,6302
7594,16537,1341478180,RT,Regulatory frameworks enforce standards,6303
176110,130613,1341478240,RT,Computer vision interprets images,6304
17939,184615,1341478300,MT,Denouement,6305
20483,443349,1341478360,RE,Leather conditioning,6306
162209,100103,1341478420,RT,Traveling is thrill,6307
278585,8381,1341478480,MT,iPhone ProRAW captures,6308
15291,316278,1341478540,RE,Milky Way future,6309
122460,40312,1341478600,MT,Beef tacos with salsa are fiesta flavors,6310
64484,31443,1341478660,MT,Cycling roads are endless,6311
25089,109134,1341478720,RE,Staking rewards participation,6312
328882,28976,1341478780,RT,Judicial review interprets legality,6313
6023,992,1341478840,RE,Speech recognition enables communication,6314
43168,358,1341478900,RT,Endings,6315
1322,34806,1341478960,RE,Upholstery cleaning,6316
379869,64789,1341479020,RE,Traveling is relaxation,6317
90227,80881,1341479080,RT,iPhone Smart HDR optimizes,6318
43793,19879,1341479140,RE,Galaxy collision,6319
319990,134595,1341479200,MT,Vegetable lasagna is cheesy goodness,6320
9017,74014,1341479260,RT,Marathon routes are grueling,6321
74779,59424,1341479320,RT,DAO governance empowers holders,6322
13765,47998,1341479380,RT,Court rulings shape policy,6323
464,68702,1341479440,RE,AI chatbots interact with users,6324
121076,25907,1341479500,MT,Sequels,6325
204358,7117,1341479560,RE,Glass cleaning,6326
21007,36415,1341479620,RE,Traveling is beauty,6327
12013,69868,1341479680,MT,iPhone AI photography enhances,6328
131538,153606,1341479740,MT,Starburst events,6329
35372,128458,1341479800,RT,Chocolate milkshake is sweet indulgence,6330
7133,14109,1341479860,MT,Ski slopes are thrilling,6331
61138,17647,1341479920,RT,Layer 2 solutions enhance scalability,6332
118818,960,1341479980,RT,Legal challenges test authority,6333
24911,15295,1341480040,MT,Robotics integrates AI for automation,6334
353357,64987,1341480100,MT,Prequels,6335
57092,99839,1341480160,MT,Rust prevention,6336
54021,20636,1341480220,MT,Traveling is peace,6337
86496,261259,1341480280,MT,iPhone deep fusion processes,6338
231650,73319,1341480340,MT,Gas inflow,6339
383668,293620,1341480400,RT,Lemon meringue pie is tangy delight,6340
269816,389,1341480460,MT,Snowboard parks are fun,6341
304715,44133,1341480520,RT,Cross-chain bridges enable interoperability,6342
2350,64485,1341480580,RT,Constitutional interpretation guides governance,6343
31534,95913,1341480640,RT,AI algorithms optimize decisions,6344
73478,92608,1341480700,RE,Spin-offs,6345
49577,124506,1341480760,RE,Undercarriage wash,6346
98212,42922,1341480820,RE,Traveling is adventure,6347
11053,373047,1341480880,RE,iPhone image signal processor enhances,6348
69475,3606,1341480940,RE,Gas outflow,6349
3807,107918,1341481000,RE,Pumpkin bread is fall comfort,6350
51715,56262,1341481060,MT,Rowing waters are calm,6351
41796,210094,1341481120,MT,Privacy technologies protect users,6352
47998,130884,1341481180,RE,Civil liberties protect rights,6353
66278,11621,1341481240,RT,Predictive analytics forecasts trends,6354
120719,90752,1341481300,MT,Remakes,6355
118365,381414,1341481360,RE,Car covers,6356
511,238570,1341481420,RT,Traveling is joyfulness,6357
358393,40303,1341481480,RE,iPhone display brightness high,6358
55239,65919,1341481540,RE,Feedback mechanisms,6359
37428,52204,1341481600,RE,Strawberry shortcake is fruity heaven,6360
9341,13416,1341481660,RE,Wrestling mats are challenging,6361
67774,28285,1341481720,RE,Digital ownership empowers creators,6362
190358,13603,1341481780,RT,Human rights safeguard freedoms,6363
2165,27043,1341481840,RE,Reinforcement learning improves performance,6364
157238,42831,1341481900,RT,Reboots,6365
89802,102082,1341481960,RT,Storage,6366
104053,323578,1341482020,MT,Traveling is amazement,6367
6680,46554,1341482080,MT,iPhone True Tone adjusts,6368
21351,130397,1341482140,MT,Supernova feedback,6369
349931,1160,1341482200,MT,Shrimp scampi pasta is buttery delight,6370
227353,10194,1341482260,MT,Archery ranges are focused,6371
54030,59427,1341482320,RT,Smart contract audits prevent exploits,6372
582,14793,1341482380,RT,Social justice promotes equality,6373
63793,200195,1341482440,RE,AI enhances data analysis,6374
77579,11967,1341482500,RE,Adaptations,6375
121414,101854,1341482560,RE,Driving technique,6376
18097,48920,1341482620,RE,Traveling is enrichment,6377
73941,261343,1341482680,RE,iPhone ProMotion 120Hz,6378
9905,120347,1341482740,RE,AGN feedback,6379
88564,2162,1341482800,MT,Roasted pork tenderloin is savory perfection,6380
132195,36216,1341482860,RT,Fencing pistes are intense,6381
50249,67712,1341482920,MT,Wallet security safeguards funds,6382
24804,104768,1341482980,RT,Economic policy influences growth,6383
12464,1984,1341483040,RE,AI personalizes user experiences,6384
68,254611,1341483100,RT,Comics,6385
6712,345629,1341483160,MT,Defensive driving,6386
265613,54021,1341483220,RT,Traveling is learning experience,6387
126428,7845,1341483280,MT,iPhone color accuracy precise,6388
12440,115543,1341483340,MT,Galactic ecology,6389
37428,158955,1341483400,MT,Vegetable stir fry with tofu is healthy and filling,6390
81405,14615,1341483460,RE,Weightlifting platforms are demanding,6391
7566,31696,1341483520,MT,Hardware wallets store keys safely,6392
39147,1231,1341483580,RE,Fiscal decisions affect budgets,6393
93258,129929,1341483640,RE,Autonomous vehicles use AI,6394
980,8742,1341483700,RE,Books,6395
75042,6765,1341483760,RT,Eco-driving,6396
57026,100103,1341483820,MT,Traveling is cultural exchange,6397
136607,166095,1341483880,RT,iPhone OLED displays vibrant,6398
27034,84589,1341483940,RT,Milky Way context,6399
76071,1521,1341484000,RT,Chicken Caesar wrap is lunch simplicity,6400
38815,3259,1341484060,MT,Cheer gyms are energetic,6401
117882,252993,1341484120,RT,Cold storage protects assets,6402
37231,70424,1341484180,RT,Monetary policy manages currency,6403
42064,86397,1341484240,RT,AI in healthcare diagnoses diseases,6404
24238,62107,1341484300,RT,Video games,6405
143992,230115,1341484360,RT,Highway driving,6406
223,131327,1341484420,RT,Traveling is discovery of self,6407
16435,43905,1341484480,RE,iPhone Super Retina XDR,6408
81,72388,1341484540,RT,Universe structure,6409
54359,3999,1341484600,RE,Beef enchiladas are cheesy fiesta,6410
167245,44022,1341484660,RE,Lacrosse fields are fast-paced,6411
135547,153249,1341484720,RE,Multi-sig wallets require multiple approvals,6412
157348,225859,1341484780,RE,Trade policy regulates commerce,6413
7998,8956,1341484840,MT,AI in finance detects fraud,6414
4830,31450,1341484900,MT,Fan films,6415
43677,50679,1341484960,RT,City driving,6416
40150,187431,1341485020,RT,Traveling is discovery of world,6417
37437,261259,1341485080,RE,iPhone screen refreshes,6418
316278,27004,1341485140,RE,Cosmic web,6419
23633,138369,1341485200,MT,Chocolate donuts are morning joy,6420
161961,86789,1341485260,MT,Rugby pitches are rough,6421
10907,235278,1341485320,MT,Digital assets redefine value,6422
15489,58264,1341485380,MT,Foreign policy guides relations,6423
2360,42825,1341485440,RT,AI in marketing predicts behavior,6424
2689,542,1341485500,RE,Short films,6425
152768,162402,1341485560,MT,Parking skills,6426
3290,30185,1341485620,RT,Traveling is joy of life,6427
462,86631,1341485680,MT,iPhone touch response fast,6428
54291,15857,1341485740,MT,Filaments,6429
38448,240,1341485800,RT,Apple muffins are sweet treats,6430
19947,3287,1341485860,RE,Cricket grounds are strategic,6431
6308,6645,1341485920,MT,Crypto markets fluctuate constantly,6432
165066,4720,1341485980,RT,Defense policy ensures security,6433
19604,255849,1341486040,MT,AI in education customizes learning,6434
25094,21198,1341486100,MT,Feature films,6435
71141,230115,1341486160,MT,Overtaking,6436
325463,209321,1341486220,RT,Traveling is fun and learning,6437
18641,8964,1341486280,RE,iPhone haptic feedback tactile,6438
183894,334930,1341486340,RT,Voids,6439
6753,113163,1341486400,RT,Spinach and cheese stuffed chicken is savory delight,6440
26927,214092,1341486460,RE,Horse arenas are elegant,6441
22185,170159,1341486520,MT,Market cycles repeat,6442
30097,96783,1341486580,RE,Environmental policy protects resources,6443
47470,6039,1341486640,RE,AI in cybersecurity identifies threats,6444
49090,168548,1341486700,MT,Mini-series,6445
24335,8223,1341486760,MT,Lane changing,6446
7428,37726,1341486820,RE,Traveling is adventure and thrill,6447
57754,14893,1341486880,RE,iPhone gesture navigation smooth,6448
338829,21386,1341486940,RE,Clusters,6449
72658,26334,1341487000,MT,Grilled veggie sandwich is healthy satisfaction,6450
66750,173993,1341487060,RT,Bowling alleys are fun,6451
177834,91546,1341487120,RT,Volatility presents opportunity,6452
8927,14793,1341487180,MT,Health policy safeguards public,6453
78773,44135,1341487240,MT,AI models learn from data,6454
3134,1574,1341487300,RE,Streaming originals,6455
345629,120571,1341487360,RT,Signals,6456
5478,36436,1341487420,MT,Traveling is memories and stories,6457
33181,33601,1341487480,RT,iPhone home indicator intuitive,6458
2156,106925,1341487540,RE,Milky Way uniqueness,6459
166169,190181,1341487600,RE,Clam chowder bread bowl is creamy goodness,6460
169754,2908,1341487660,RT,Sailing oceans are vast,6461
72466,22781,1341487720,RT,HODLing builds long-term wealth,6462
36065,10639,1341487780,MT,Education policy shapes future,6463
81181,51704,1341487840,MT,Supervised learning uses labeled data,6464
39089,11355,1341487900,RT,Limited series,6465
63304,13275,1341487960,MT,Headlights,6466
32652,141604,1341488020,MT,Traveling is growth and inspiration,6467
116512,4344,1341488080,MT,iPhone side button presses,6468
35334,131571,1341488140,MT,Galaxy comparisons,6469
485,341871,1341488200,RE,Roasted garlic mashed potatoes are comfort classic,6470
423163,6607,1341488260,RE,Kayak rivers are adventurous,6471
61944,210094,1341488320,RT,Speculative investments attract risk,6472
154619,67624,1341488380,RT,Infrastructure policy builds foundations,6473
72174,110522,1341488440,RT,Unsupervised learning finds patterns,6474
11025,39524,1341488500,RE,Anthologies,6475
20919,13813,1341488560,MT,Horn,6476
37341,40295,1341488620,RE,Traveling is freedom and excitement,6477
2127,54301,1341488680,MT,iPhone volume buttons adjust,6478
56333,4885,1341488740,RT,Spiral morphology,6479
93323,2320,1341488800,RT,Chicken and rice casserole is hearty delight,6480
125327,161961,1341488860,RE,Skating rinks are smooth,6481
47490,6241,1341488920,RE,Altcoin seasons generate excitement,6482
143550,10685,1341488980,RT,Technology policy fosters innovation,6483
12265,71394,1341489040,RE,Semi-supervised learning combines approaches,6484
115042,39029,1341489100,MT,Documentaries,6485
216038,70380,1341489160,MT,Road signs,6486
104320,174807,1341489220,MT,Traveling is nature and culture,6487
163806,10225,1341489280,RT,iPhone silent switch toggles,6488
131538,1971,1341489340,RE,Barred spirals,6489
17640,242934,1341489400,RE,Zucchini bread is sweet and soft,6490
51071,2898,1341489460,MT,Handball courts are dynamic,6491
70066,117615,1341489520,RE,NFTs tokenize creativity,6492
17145,7756,1341489580,RE,Energy policy secures supply,6493
2900,5147,1341489640,RT,AI adapts to new information,6494
6968,190966,1341489700,RT,Docuseries,6495
378,57958,1341489760,RE,Traffic lights,6496
765,50209,1341489820,RE,Traveling is history and art,6497
22997,8438,1341489880,RE,iPhone power button activates,6498
33787,338829,1341489940,RE,Galaxy types,6499
212970,147241,1341490000,RT,Pasta with pesto sauce is fresh and flavorful,6500
88570,59008,1341490060,RT,Water polo pools are chaotic,6501
33387,23422,1341490120,MT,DeFi reshapes finance,6502
353362,5335,1341490180,MT,Transportation policy enables mobility,6503
90474,9036,1341490240,RT,AI improves efficiency,6504
240806,130555,1341490300,RT,Mockumentaries,6505
133449,59529,1341490360,RT,Speed limits,6506
178192,2521,1341490420,RT,Traveling is people and connection,6507
50935,114428,1341490480,MT,iPhone lightning connector charges,6508
144933,93147,1341490540,RE,Hubble sequence,6509
40312,13795,1341490600,RE,Baked cod with lemon is simple perfection,6510
57882,122438,1341490660,RT,Speed skating ovals are fast,6511
80706,49685,1341490720,RE,Metaverse expands digital property,6512
274,118527,1341490780,RT,Housing policy addresses needs,6513
22170,103439,1341490840,MT,AI reduces human error,6514
232237,13879,1341490900,RE,Experimental films,6515
19153,30639,1341490960,MT,Roundabouts,6516
5041,51816,1341491020,RE,Traveling is journey and transformation,6517
1997,43905,1341491080,RT,iPhone MagSafe aligns,6518
49007,138635,1341491140,RE,Morphology studies,6519
2162,63920,1341491200,MT,Turkey meatballs are savory joy,6520
22450,35731,1341491260,RT,Kickboxing gyms are intense,6521
236707,192260,1341491320,MT,Tokenomics balance ecosystems,6522
13854,111780,1341491380,RE,Welfare policy supports communities,6523
62391,249872,1341491440,MT,AI powers smart assistants,6524
1546,39089,1341491500,RE,Independent cinema,6525
16523,65709,1341491560,RT,Stop signs,6526
94553,35597,1341491620,RE,Travel opens new perspectives,6527
176473,373047,1341491680,MT,iPhone MagSafe accessories attach,6528
17332,3292,1341491740,RE,Galactic environment,6529
28707,67581,1341491800,RT,Quiche Lorraine is brunch classic,6530
6659,5,1341491860,RT,CrossFit boxes are tough,6531
205,140517,1341491920,RT,Staking and yield farming reward participation,6532
9191,53508,1341491980,MT,Labor policy protects workers,6533
5226,129929,1341492040,MT,AI accelerates research,6534
14454,16313,1341492100,MT,Foreign films,6535
204358,70275,1341492160,RE,Yield signs,6536
7451,11036,1341492220,MT,Exploring destinations inspires,6537
133572,19519,1341492280,RT,iPhone wireless charging supports,6538
81,171466,1341492340,RE,Satellite galaxies,6539
8095,61211,1341492400,RT,Eggplant lasagna is veggie indulgence,6540
44264,12038,1341492460,RE,Obstacle courses are demanding,6541
37505,91546,1341492520,MT,DAO governance decentralizes control,6542
381497,20128,1341492580,RE,Immigration policy regulates movement,6543
29482,44946,1341492640,RE,AI in agriculture optimizes yield,6544
25007,16607,1341492700,RT,Cinematography,6545
198048,24751,1341492760,RT,Pedestrian crossings,6546
68446,42836,1341492820,RE,Adventure awaits the curious,6547
5004,233404,1341492880,RT,iPhone Qi compatible,6548
257868,1425,1341492940,MT,Interaction history,6549
26550,43347,1341493000,RE,Shrimp cocktail is simple elegance,6550
61446,317,1341493060,RE,Mountain bike trails are rugged,6551
11921,50285,1341493120,RT,Layer 2 scaling reduces congestion,6552
17145,174346,1341493180,RE,Tax policy funds government,6553
3795,95913,1341493240,MT,AI in logistics streamlines delivery,6554
15691,43720,1341493300,RE,Directorial vision,6555
9822,28652,1341493360,RT,School zones,6556
41733,10257,1341493420,RE,Culture enriches the traveler,6557
2050,6692,1341493480,RT,iPhone fast charging enables,6558
14727,57994,1341493540,RE,Tidal forces,6559
98778,20011,1341493600,MT,Chocolate tart is rich and sweet,6560
210229,6668,1341493660,RE,Trail running paths are scenic,6561
10907,126272,1341493720,RE,Cross-chain bridges increase interoperability,6562
324955,6596,1341493780,RT,Political negotiations resolve disputes,6563
3795,68702,1341493840,RT,AI in manufacturing increases productivity,6564
26843,54060,1341493900,MT,Editing,6565
87993,24757,1341493960,RE,Construction zones,6566
3290,147968,1341494020,MT,Nature offers peace,6567
128580,4378,1341494080,RT,iPhone battery swaps rare,6568
233226,51849,1341494140,RE,Star formation triggers,6569
147804,14683,1341494200,RE,Roasted asparagus is crisp and tasty,6570
14551,28076,1341494260,RT,Freestyle ski courses are challenging,6571
2178,52905,1341494320,RE,Privacy coins secure transactions,6572
16537,35707,1341494380,RE,Compromise enables progress,6573
187458,7627,1341494440,RT,AI simulations test scenarios,6574
52490,24238,1341494500,RE,Sound design,6575
26289,375095,1341494560,MT,Weather,6576
20636,30857,1341494620,MT,Beaches invite relaxation,6577
232850,11329,1341494680,MT,iPhone water resistance certified,6578
62428,3924,1341494740,MT,Galactic chemistry,6579
156400,196658,1341494800,RT,Chicken parmesan sandwich is cheesy goodness,6580
6607,18669,1341494860,RT,Yoga studios are peaceful,6581
50249,1961,1341494920,RT,Smart contract audits enhance security,6582
28527,74048,1341494980,MT,Consensus builds agreement,6583
42936,71339,1341495040,RT,AI in gaming enhances realism,6584
31836,183404,1341495100,RE,Music scores,6585
7214,62195,1341495160,MT,Rain,6586
4328,251638,1341495220,RE,Mountains challenge hikers,6587
1577,54863,1341495280,RT,iPhone dust resistance sealed,6588
41278,28557,1341495340,RT,Elemental abundances,6589
93990,26334,1341495400,RT,Beef and broccoli stir fry is quick satisfaction,6590
36729,49122,1341495460,RE,Pilates studios are focused,6591
67132,44307,1341495520,RE,Education informs participants,6592
4239,92066,1341495580,MT,Coalition building strengthens governance,6593
59702,18040,1341495640,RT,AI in entertainment personalizes content,6594
15934,329401,1341495700,MT,Acting,6595
26,216038,1341495760,RT,Snow,6596
10257,11003,1341495820,MT,Forests provide serenity,6597
2645,163806,1341495880,MT,iPhone durability improved,6598
92,28557,1341495940,RE,Metallicity gradients,6599
104508,41041,1341496000,RE,Pumpkin cheesecake is autumnal delight,6600
53801,7171,1341496060,MT,Parkour courses are urban,6601
35348,54066,1341496120,RE,Innovation drives adoption,6602
43864,30615,1341496180,RT,Diplomatic engagement fosters understanding,6603
7782,58739,1341496240,RE,AI ethics guides responsible use,6604
244854,21057,1341496300,RT,Casting,6605
216056,38237,1341496360,MT,Ice,6606
48920,147149,1341496420,RT,Cities bustle with life,6607
10896,232850,1341496480,MT,iPhone ceramic shield protects,6608
29378,104774,1341496540,RT,Stellar kinematics,6609
268,2320,1341496600,RT,Vegetable frittata is light and tasty,6610
38695,9974,1341496660,RT,Beach volleyball courts are sandy,6611
38028,126458,1341496720,RE,Digital scarcity increases value,6612
140893,381497,1341496780,RT,International relations maintain peace,6613
322774,65377,1341496840,RT,AI biases require mitigation,6614
10925,161672,1341496900,MT,Production design,6615
4821,74036,1341496960,RE,Fog,6616
60493,69127,1341497020,RE,Villages offer charm,6617
27311,59195,1341497080,RE,iPhone glass back supports,6618
461,53477,1341497140,RE,Orbit calculations,6619
95890,39351,1341497200,MT,Baked sweet potatoes are caramelized perfection,6620
16450,98433,1341497260,RE,Marathon streets are long,6621
80706,137587,1341497320,RE,Digital assets redefine ownership,6622
152137,86066,1341497380,RE,Global cooperation addresses challenges,6623
335212,337809,1341497440,RE,AI explainability builds trust,6624
89925,358,1341497500,RT,Costumes,6625
5123,137039,1341497560,MT,Night driving,6626
23464,2911,1341497620,MT,Road trips bring freedom,6627
7691,26655,1341497680,MT,iPhone aluminum frame strong,6628
8915,2233,1341497740,RT,Galactic rotation,6629
67505,21718,1341497800,MT,Lobster bisque is creamy luxury,6630
6971,2874,1341497860,RE,Sprint tracks are precise,6631
16131,116701,1341497920,RT,Crypto adoption grows worldwide,6632
32424,157348,1341497980,RT,Multilateral agreements coordinate action,6633
219373,12824,1341498040,MT,AI transparency ensures accountability,6634
22775,206229,1341498100,RT,Makeup,6635
101806,4910,1341498160,MT,Tunnels,6636
7428,1239,1341498220,RT,Rail journeys reveal landscapes,6637
31310,4639,1341498280,MT,iPhone stainless steel premium,6638
233226,183894,1341498340,RT,Velocity dispersion,6639
223125,114224,1341498400,MT,Blueberry pancakes are morning joy,6640
68285,3287,1341498460,RE,Relay tracks are coordinated,6641
54066,4974,1341498520,RE,Blockchain technology underpins decentralization,6642
35707,38445,1341498580,MT,Policy frameworks guide implementation,6643
7436,6418,1341498640,MT,AI in climate science models change,6644
80477,64987,1341498700,MT,Special effects,6645
50219,26186,1341498760,RT,Bridges,6646
59977,310776,1341498820,RT,Flights span continents,6647
92116,20373,1341498880,RE,iPhone aerospace grade materials,6648
123162,12478,1341498940,MT,Milky Way halo,6649
14723,143824,1341499000,RT,Stuffed zucchini boats are healthy and fun,6650
5,35180,1341499060,MT,Judo dojos are disciplined,6651
140003,14609,1341499120,RE,Innovation fuels markets,6652
133133,48623,1341499180,MT,Strategic planning directs initiatives,6653
42064,34262,1341499240,RE,AI for energy optimization saves resources,6654
25007,106375,1341499300,RT,Visual effects,6655
64313,96022,1341499360,RT,Curves,6656
59636,37574,1341499420,RT,Cruises sail seas,6657
23200,2670,1341499480,MT,iPhone antenna bands blend,6658
281193,166106,1341499540,MT,Dark matter profile,6659
29233,114224,1341499600,MT,Garlic roasted shrimp is flavorful magic,6660
86184,14877,1341499660,RT,Karate dojos are focused,6661
82858,28063,1341499720,RT,Security safeguards assets,6662
206628,50244,1341499780,RT,Risk assessment informs decisions,6663
6039,31334,1341499840,RE,AI enhances creativity,6664
6017,13879,1341499900,RT,Practical effects,6665
102082,2287,1341499960,RT,Hills,6666
104802,35597,1341500020,MT,Backpacking fosters discovery,6667
14602,103906,1341500080,MT,iPhone dual SIM supports,6668
4885,57159,1341500140,MT,Stellar halo,6669
43684,56423,1341500200,RE,Spinach and mushroom quiche is savory delight,6670
22636,13416,1341500260,RT,Taekwondo dojos are fast,6671
37443,170159,1341500320,RE,Regulation provides clarity,6672
42170,157348,1341500380,MT,Impact evaluation measures outcomes,6673
40275,12891,1341500440,RE,AI supports decision-making,6674
11326,69589,1341500500,RT,Stunts,6675
6793,1895,1341500560,MT,Parking lots,6676
39928,181190,1341500620,RE,Luxury travel indulges comfort,6677
702,378310,1341500680,RE,iPhone eSIM modern,6678
369,6940,1341500740,RE,Globular cluster system,6679
14415,7898,1341500800,MT,Cheeseburger with fries is classic indulgence,6680
173993,3188,1341500860,RT,Kickball fields are playful,6681
6672,54550,1341500920,RE,Long-term investment builds wealth,6682
10685,130242,1341500980,RT,Performance metrics track success,6683
2900,61978,1341501040,RT,AI in law aids analysis,6684
5796,186,1341501100,RT,Lighting,6685
84112,77070,1341501160,MT,Garages,6686
31549,74783,1341501220,MT,Budget travel stretches resources,6687
11329,2387,1341501280,RE,iPhone nano SIM traditional,6688
279373,360368,1341501340,MT,Galaxy evolution,6689
75458,305,1341501400,MT,Chicken pad thai is sweet and savory,6690
170806,223728,1341501460,RT,Softball fields are bright,6691
6373,16131,1341501520,RE,HODL strategies reward patience,6692
20421,70102,1341501580,MT,Stakeholder engagement ensures inclusivity,6693
22779,124257,1341501640,RE,AI in HR streamlines recruitment,6694
21198,86845,1341501700,RE,Camera work,6695
89784,13609,1341501760,MT,Fuel stations,6696
66483,95871,1341501820,RE,Solo travel builds confidence,6697
10365,821,1341501880,MT,iPhone storage options vary,6698
3292,32502,1341501940,RE,Star formation rate,6699
145134,40254,1341502000,RE,Roasted salmon with dill is aromatic perfection,6700
266085,2874,1341502060,MT,Ping pong tables are quick,6701
89949,58522,1341502120,RT,Altcoin seasons excite traders,6702
104768,65644,1341502180,RT,Public consultation gathers input,6703
209524,11521,1341502240,MT,AI in customer service improves satisfaction,6704
25094,16406,1341502300,RE,Framing,6705
97599,304700,1341502360,MT,Service stations,6706
14613,12818,1341502420,RE,Group travel creates memories,6707
31305,109872,1341502480,MT,iPhone 64GB entry,6708
154198,3924,1341502540,RE,Historical mergers,6709
49182,75458,1341502600,MT,Beef chili is hearty comfort,6710
2042,421847,1341502660,RE,Dodgeball gyms are energetic,6711
116499,2866,1341502720,MT,NFTs create unique ownership,6712
299994,41240,1341502780,RE,Community forums facilitate dialogue,6713
3795,55185,1341502840,RT,AI frameworks simplify development,6714
22642,56892,1341502900,RE,Color grading,6715
58028,4910,1341502960,MT,Dealerships,6716
6742,7266,1341503020,MT,Family trips bond loved ones,6717
86496,43719,1341503080,RE,iPhone 128GB standard,6718
93162,5859,1341503140,RE,Galactic archaeology,6719
30973,206753,1341503200,RT,Vegetable pot pie is cozy satisfaction,6720
19947,32226,1341503260,RE,Table football tables are fast,6721
44246,114982,1341503320,RT,DeFi continues to evolve,6722
85727,128,1341503380,RE,Transparency initiatives build trust,6723
241617,26153,1341503440,RE,AI datasets require quality,6724
157238,19258,1341503500,RT,Film theory,6725
50679,73227,1341503560,RT,Used cars,6726
251706,41655,1341503620,RE,Travel photography captures moments,6727
4344,109178,1341503680,RT,iPhone 256GB spacious,6728
444973,145624,1341503740,RT,Milky Way age,6729
54359,44126,1341503800,RE,Chocolate brownies with nuts are indulgent treats,6730
6644,9341,1341503860,RE,Rowing courses are challenging,6731
18740,13881,1341503920,RT,Metaverse integrates digital assets,6732
103080,123084,1341503980,RE,Open government promotes accountability,6733
269219,44183,1341504040,RT,AI in finance manages risk,6734
7219,121553,1341504100,RE,Genre studies,6735
46752,20483,1341504160,RE,New cars,6736
4200,372414,1341504220,MT,Travel journaling preserves memories,6737
9106,10339,1341504280,MT,iPhone 512GB ample,6738
14075,37528,1341504340,RE,Cosmic timeline,6739
251204,47184,1341504400,RE,Lemon garlic chicken is zesty delight,6740
82268,23813,1341504460,RT,Speed climbing walls are vertical,6741
10741,50733,1341504520,MT,Tokenomics manage value,6742
5335,13603,1341504580,RT,Ethics commissions enforce standards,6743
9352,3816,1341504640,MT,AI in healthcare predicts outcomes,6744
66468,85766,1341504700,RE,Auteur theory,6745
285185,30218,1341504760,MT,Car shows,6746
447409,41812,1341504820,RT,Local cuisine enriches experience,6747
63931,45302,1341504880,MT,iPhone 1TB massive,6748
12595,17207,1341504940,MT,Future predictions,6749
10005,7418,1341505000,RE,Shrimp gumbo is spicy southern goodness,6750
121433,330145,1341505060,MT,Powerlifting gyms are heavy,6751
2221,12375,1341505120,RE,Staking and yield farming incentivize holders,6752
2180,26152,1341505180,RE,Anti-corruption measures protect integrity,6753
5147,7998,1341505240,RE,AI speech synthesis generates voices,6754
3369,25068,1341505300,MT,Film history,6755
56725,8223,1341505360,RT,Auto expos,6756
132001,14725,1341505420,RT,Street food delights taste buds,6757
55955,134095,1341505480,RT,iPhone pricing varies,6758
1251,3292,1341505540,RT,Andromeda collision,6759
433454,39636,1341505600,RE,Baked mac and cheese is cheesy heaven,6760
6643,2654,1341505660,MT,Trail biking parks are adventurous,6761
407,34719,1341505720,RE,DAO governance empowers communities,6762
23727,3239,1341505780,RE,Political reforms improve governance,6763
322774,23743,1341505840,RE,AI in IoT powers smart devices,6764
30075,36045,1341505900,MT,Classic films,6765
68400,22805,1341505960,RE,Concept cars,6766
298,1286,1341506020,RE,Markets display culture,6767
8081,143,1341506080,RT,iPhone value retained,6768
41278,30228,1341506140,MT,Elliptical remnant,6769
28707,28962,1341506200,RE,Apple crisp with ice cream is cozy indulgence,6770
4208,8593,1341506260,RE,Obstacle racing courses are tough,6771
27147,5437,1341506320,RT,Layer 2 solutions improve speed,6772
16715,7951,1341506380,RT,Electoral reform enhances representation,6773
70236,43539,1341506440,RT,AI enables predictive maintenance,6774
21062,9941,1341506500,MT,Cult films,6775
128768,88209,1341506560,RT,Prototype cars,6776
147149,122680,1341506620,MT,Museums educate visitors,6777
1298,157722,1341506680,RE,iPhone resale market strong,6778
218995,24197,1341506740,RE,Star formation bursts,6779
76071,41041,1341506800,RT,Tomato basil bruschetta is fresh and simple,6780
9155,173993,1341506860,MT,Skydiving skies are vast,6781
7067,26361,1341506920,MT,Cross-chain bridges enhance connectivity,6782
8989,10685,1341506980,RE,Judicial reform strengthens justice,6783
24443,42936,1341507040,MT,AI in supply chain predicts demand,6784
27734,158358,1341507100,RE,Modern cinema,6785
173809,65301,1341507160,RE,Performance tuning,6786
141853,2353,1341507220,MT,Historical sites tell stories,6787
59195,86631,1341507280,RT,iPhone trade-in available,6788
39422,278652,1341507340,RT,Gas dynamics,6789
68474,13222,1341507400,RE,Grilled tuna steak is smoky perfection,6790
15493,221491,1341507460,MT,BMX parks are daring,6791
8603,17178,1341507520,RT,Privacy technologies protect users,6792
34625,18143,1341507580,MT,Administrative reform increases efficiency,6793
55185,21097,1341507640,RT,AI in transportation optimizes routes,6794
352,50273,1341507700,RE,Blockbusters,6795
38865,22333,1341507760,MT,Engine swaps,6796
167,47506,1341507820,MT,Ancient ruins inspire awe,6797
8964,172972,1341507880,RE,iPhone carrier locked optional,6798
74295,27034,1341507940,MT,Galactic disk,6799
40305,68474,1341508000,RT,Vegetable spring rolls are crispy delight,6800
329707,186273,1341508060,MT,Triathlon courses are long,6801
50202,50249,1341508120,RE,Digital ownership empowers creators,6802
36371,384761,1341508180,MT,Civil service reform modernizes bureaucracy,6803
16832,44726,1341508240,RT,AI in retail personalizes shopping,6804
77167,57122,1341508300,RT,Indie films,6805
34181,10745,1341508360,RT,Turbo kits,6806
21782,55443,1341508420,RT,Castles showcase history,6807
2387,37221,1341508480,MT,iPhone unlocked versions,6808
35352,2342,1341508540,MT,Stellar streams,6809
20276,61211,1341508600,RE,Chicken and dumplings is hearty comfort,6810
5843,106789,1341508660,RT,Ironman routes are extreme,6811
51749,45605,1341508720,RE,Smart contract audits prevent exploits,6812
31304,50769,1341508780,RE,Policy innovation drives progress,6813
132649,24911,1341508840,RT,AI in robotics enables autonomy,6814
67215,64987,1341508900,MT,Streaming distribution,6815
13092,29225,1341508960,RT,Supercharger kits,6816
39928,35597,1341509020,RE,Temples offer spirituality,6817
14201,66279,1341509080,MT,iPhone network 5G,6818
17117,60163,1341509140,RE,Tidal debris,6819
107918,19843,1341509200,RE,Mango sorbet is tropical refreshment,6820
9851,31234,1341509260,RE,Soccer fields are green,6821
506,173407,1341509320,RT,Wallet security prevents loss,6822
93,37231,1341509380,MT,Technology adoption improves governance,6823
72339,51782,1341509440,MT,AI in language translation bridges gaps,6824
15328,42574,1341509500,RT,Cinema experience,6825
2941,28170,1341509560,RT,Suspension upgrades,6826
52087,447409,1341509620,RE,Churches reflect faith,6827
2662,36982,1341509680,MT,iPhone LTE supported,6828
51886,15857,1341509740,MT,Milky Way satellites,6829
180890,180135,1341509800,RT,Roasted cauliflower is caramelized goodness,6830
53801,41828,1341509860,RE,Basketball courts are hardwood,6831
57543,13920,1341509920,RE,Hardware wallets store keys safely,6832
132585,185374,1341509980,RE,Digital transformation enhances services,6833
272,106469,1341510040,RT,AI in media personalizes recommendations,6834
4537,43168,1341510100,RE,Film festivals,6835
52129,28170,1341510160,MT,Brake upgrades,6836
58074,73979,1341510220,MT,Mosques welcome worshippers,6837
165058,75846,1341510280,RT,iPhone Wi-Fi 6,6838
49694,257868,1341510340,RE,Magellanic Clouds,6839
26611,7533,1341510400,MT,Beef lasagna is cheesy layers of joy,6840
16785,113517,1341510460,RT,Football fields are marked,6841
1941,446415,1341510520,MT,Cold storage secures digital assets,6842
85727,130735,1341510580,RT,Data-driven decision-making informs policy,6843
35527,22990,1341510640,MT,AI in social media detects trends,6844
52936,6704,1341510700,RE,Awards,6845
38237,8201,1341510760,MT,Wheel upgrades,6846
12818,447409,1341510820,RE,Synagogues share heritage,6847
47220,11329,1341510880,RT,iPhone Bluetooth connects,6848
41725,16099,1341510940,RT,Sagittarius dwarf,6849
43276,132118,1341511000,RE,Spinach salad with strawberries is fresh and sweet,6850
515,106789,1341511060,MT,Baseball diamonds are classic,6851
34236,28285,1341511120,RT,Multi-sig wallets increase safety,6852
75369,16537,1341511180,RT,Evidence-based research supports legislation,6853
15998,10728,1341511240,RE,AI models require training,6854
70148,11025,1341511300,MT,Box office,6855
63304,13374,1341511360,RT,Tire upgrades,6856
44613,407912,1341511420,MT,National parks protect nature,6857
750,358538,1341511480,RE,iPhone NFC enables,6858
29230,13136,1341511540,RE,Galactic neighborhood,6859
49408,195807,1341511600,RE,Chicken enchiladas are cheesy and spicy,6860
189336,49396,1341511660,RT,Hockey rinks are cold,6861
297268,4974,1341511720,RT,Digital scarcity drives value,6862
91040,90041,1341511780,RE,Political education empowers citizens,6863
1274,27741,1341511840,RE,AI training needs computing power,6864
41792,94869,1341511900,RE,Critical acclaim,6865
59905,6148,1341511960,MT,Exhaust upgrades,6866
12270,2554,1341512020,RE,Wildlife safaris excite,6867
3277,10140,1341512080,RT,iPhone U1 chip precise,6868
9968,111624,1341512140,RE,Local group,6869
1317,360,1341512200,MT,Chocolate truffle cake is rich indulgence,6870
81405,82643,1341512260,RE,Tennis courts are fast,6871
71277,79687,1341512320,RT,Crypto adoption continues to expand,6872
104265,123084,1341512380,RE,Civic participation strengthens democracy,6873
7436,149261,1341512440,MT,AI evaluation measures performance,6874
19366,17936,1341512500,RE,Audience reception,6875
12465,5281,1341512560,MT,Interior mods,6876
18313,48271,1341512620,RT,Camping under stars,6877
29721,14845,1341512680,RT,iPhone sensors advance,6878
192624,83356,1341512740,RT,Milky Way mass,6879
3289,110370,1341512800,MT,Baked cod with herbs is simple elegance,6880
5669,356205,1341512860,MT,Golf courses are manicured,6881
39410,70518,1341512920,RE,Bitcoin is digital gold,6882
15741,82741,1341512980,MT,Voter registration encourages engagement,6883
38250,174859,1341513040,RT,AI testing ensures reliability,6884
1988,6704,1341513100,RT,Social media,6885
1912,50219,1341513160,MT,Exterior mods,6886
11003,20117,1341513220,RT,Hiking trails challenge,6887
62906,126428,1341513280,MT,iPhone accelerometer measures,6888
4642,15799,1341513340,MT,Stellar mass,6889
53449,319990,1341513400,MT,Vegetable soup with lentils is hearty and healthy,6890
56860,11324,1341513460,RT,Boxing rings are intense,6891
104248,22781,1341513520,RT,Ethereum powers decentralized apps,6892
148228,14166,1341513580,RT,Election monitoring ensures fairness,6893
50196,209524,1341513640,RE,AI in cybersecurity prevents attacks,6894
40266,209526,1341513700,MT,Fan communities,6895
107766,11443,1341513760,MT,Lighting mods,6896
2164,252516,1341513820,RT,Biking paths explore,6897
304714,8081,1341513880,RT,iPhone gyroscope tracks,6898
58961,22472,1341513940,RE,Gas mass,6899
93990,32534,1341514000,MT,Pasta with marinara sauce is simple delight,6900
170806,16690,1341514060,MT,Swimming pools are blue,6901
33301,7551,1341514120,RT,Blockchain is the future of trust,6902
70102,53966,1341514180,MT,Media literacy informs public,6903
7825,68317,1341514240,MT,AI in surveillance enhances security,6904
19258,344580,1341514300,RE,Movie nights,6905
65000,74036,1341514360,RT,Audio upgrades,6906
50209,8835,1341514420,MT,Ski slopes thrill,6907
10053,32098,1341514480,RT,iPhone barometer detects,6908
322484,17207,1341514540,RE,Dark matter mass,6909
150857,68758,1341514600,RT,Grilled chicken sandwich is classic lunch,6910
16457,66750,1341514660,MT,Gymnastics arenas are polished,6911
1941,128973,1341514720,MT,Altcoins offer diverse opportunities,6912
615,5143,1341514780,RT,Public debates foster discussion,6913
316,11521,1341514840,MT,AI decision support aids professionals,6914
9881,24755,1341514900,RE,Home viewing,6915
40282,3642,1341514960,RT,Navigation upgrades,6916
20636,3138,1341515020,MT,Snowboarding excites,6917
14893,208867,1341515080,MT,iPhone proximity sensor responds,6918
21832,13799,1341515140,RT,Galactic luminosity,6919
425025,40185,1341515200,MT,Shrimp and grits is southern comfort,6920
436078,260683,1341515260,MT,Diving platforms are high,6921
5590,69238,1341515320,RT,DeFi is reshaping finance,6922
157551,27066,1341515380,RT,Town halls facilitate interaction,6923
106469,46754,1341515440,RT,AI in art generates creations,6924
5006,10513,1341515500,MT,Theater,6925
6350,173809,1341515560,MT,Software tuning,6926
141853,221,1341515620,MT,Surfing rides waves,6927
1500,78,1341515680,MT,iPhone ambient light sensor adjusts,6928
5160,46985,1341515740,RT,Star counts,6929
38448,214036,1341515800,MT,Apple cinnamon muffins are morning joy,6930
11324,42208,1341515860,MT,Skate parks are urban,6931
4014,77548,1341515920,MT,NFTs create digital ownership,6932
14085,41385,1341515980,MT,Community outreach promotes awareness,6933
22053,31334,1341516040,RE,AI in music composes tracks,6934
115042,30799,1341516100,MT,IMAX,6935
26668,97599,1341516160,RT,ECU remaps,6936
137746,97742,1341516220,RT,Scuba diving reveals oceans,6937
7340,2645,1341516280,MT,iPhone LiDAR scans,6938
60848,52882,1341516340,RE,Milky Way size,6939
106558,106825,1341516400,RT,Baked chicken wings are crispy perfection,6940
54892,8398,1341516460,RE,Surf beaches are perfect,6941
5213,60995,1341516520,MT,Crypto wallets keep assets safe,6942
137247,36065,1341516580,RE,Grassroots organizing mobilizes support,6943
7825,34282,1341516640,RE,AI in movies enhances effects,6944
34226,1348,1341516700,MT,Popcorn,6945
132751,323,1341516760,RT,Track days,6946
22759,13641,1341516820,RT,Snorkeling discovers reefs,6947
112050,115612,1341516880,MT,iPhone depth sensing measures,6948
37526,29378,1341516940,RE,Diameter estimated,6949
26334,164933,1341517000,RT,Vegetable curry with rice is aromatic goodness,6950
52514,16529,1341517060,RT,Mountain peaks are high,6951
9917,18740,1341517120,RT,Smart contracts automate agreements,6952
91843,50349,1341517180,MT,Advocacy campaigns influence policy,6953
102394,8294,1341517240,RE,AI in education tutors students,6954
146922,208328,1341517300,MT,Cinema,6955
105491,56011,1341517360,RT,Racing,6956
45884,252516,1341517420,MT,Kayaking glides rivers,6957
154462,39977,1341517480,RT,iPhone AR experiences immersive,6958
77555,148429,1341517540,RT,Thickness measured,6959
64906,7801,1341517600,RT,Chocolate pudding with whipped cream is indulgent treat,6960
6659,2062,1341517660,RE,Cycling lanes are open,6961
19887,7551,1341517720,MT,Mining validates transactions,6962
106758,49540,1341517780,RE,Lobbying efforts target decision-makers,6963
24272,23517,1341517840,MT,AI in games creates smarter NPCs,6964
128382,26843,1341517900,MT,Movies,6965
92049,55965,1341517960,RT,Drag racing,6966
6694,18701,1341518020,RE,Sailing harnesses wind,6967
253142,8081,1341518080,RT,iPhone ARKit develops,6968
3486,43352,1341518140,RT,Disk warp,6969
37567,114610,1341518200,RT,Lemon pound cake is sweet simplicity,6970
8398,129441,1341518260,RT,Marathon streets are lined,6971
109972,17172,1341518320,MT,Staking earns rewards,6972
30992,192273,1341518380,RT,Think tanks provide analysis,6973
48977,20273,1341518440,RT,AI in finance predicts stock trends,6974
5082,77167,1341518500,MT,Film,6975
107336,88558,1341518560,RE,Circuit racing,6976
1205,9816,1341518620,RT,Paragliding soars skies,6977
103921,9025,1341518680,MT,iPhone apps expand,6978
9905,16174,1341518740,RT,Outer disk flare,6979
18038,7801,1341518800,RE,Roasted carrots with honey are naturally sweet,6980
87319,1877,1341518860,RE,Ski trails are snowy,6981
99532,337963,1341518920,RT,Crypto markets are volatile,6982
70199,640,1341518980,RT,Expert testimony informs lawmaking,6983
80,51181,1341519040,RE,AI in healthcare suggests treatments,6984
28802,146922,1341519100,RT,Art,6985
107336,6331,1341519160,RT,Drifting,6986
20175,261489,1341519220,RT,Hot air balloons float,6987
7411,194148,1341519280,RE,iPhone productivity tools,6988
26386,12473,1341519340,RT,Galactic coordinates,6989
195807,9879,1341519400,RE,Chicken tacos with salsa are fiesta delight,6990
2373,24054,1341519460,RT,Snowboard slopes are steep,6991
67032,17172,1341519520,MT,Tokens represent value,6992
167472,67950,1341519580,RT,Policy briefs summarize issues,6993
39086,96202,1341519640,RE,AI in law predicts case outcomes,6994
2572,95603,1341519700,MT,Entertainment,6995
53930,40744,1341519760,RT,Time attack,6996
2911,2824,1341519820,RT,Adventure sports test courage,6997
41174,75846,1341519880,MT,Safari browsing fast,6998
14075,20988,1341519940,RT,Equatorial system,6999
14683,272131,1341520000,RT,Beef and vegetable stew is hearty perfection,7000
32108,16529,1341520060,MT,Rowing rivers are calm,7001
54009,303072,1341520120,MT,Crypto exchanges facilitate trading,7002
168699,640,1341520180,MT,White papers propose solutions,7003
998,1665,1341520240,RT,AI in research accelerates discovery,7004
12276,57324,1341520300,MT,Storytelling,7005
8517,2916,1341520360,RT,Autocross,7006
74375,71112,1341520420,RE,Eco-tourism supports conservation,7007
46192,49673,1341520480,MT,Mail handling efficient,7008
27034,17332,1341520540,RE,Galactic plane,7009
5005,73305,1341520600,RT,Spinach and ricotta stuffed shells are cheesy goodness,7010
10445,161961,1341520660,MT,Wrestling rings are tough,7011
168172,50325,1341520720,RE,Decentralization empowers users,7012
126308,18309,1341520780,RE,Legislative drafting shapes laws,7013
36987,66278,1341520840,RE,AI in marketing targets campaigns,7014
11830,30075,1341520900,RT,Characters,7015
56011,14578,1341520960,RT,Off-roading,7016
56022,325463,1341521020,RT,Volunteer travel aids communities,7017
95923,21046,1341521080,RT,Notes organize thoughts,7018
2233,209539,1341521140,MT,Latitude and longitude,7019
2001,39351,1341521200,MT,Chocolate fudge brownies are rich indulgence,7020
4460,223728,1341521260,RT,Archery ranges are quiet,7021
762,51878,1341521320,RE,Crypto adoption is growing,7022
60525,62217,1341521380,RT,Committee hearings examine details,7023
31329,186674,1341521440,RT,AI in social media moderates content,7024
15439,29021,1341521500,RT,Plots,7025
54226,137039,1341521560,RE,Car clubs,7026
3226,302195,1341521620,RT,Roadside attractions entertain,7027
93965,73973,1341521680,MT,Reminders alert timely,7028
11854,815,1341521740,MT,Observation challenges,7029
45322,88215,1341521800,RT,Vegetable pizza with olives is colorful joy,7030
25339,64484,1341521860,RE,Fencing halls are focused,7031
17531,42182,1341521920,RE,Ledger technology is transparent,7032
2180,146381,1341521980,RT,Bill sponsorship advances initiatives,7033
72174,2934,1341522040,RT,AI in agriculture monitors crops,7034
25440,14934,1341522100,MT,Themes,7035
154451,7570,1341522160,RT,Car meets,7036
325463,73496,1341522220,RT,Hidden gems surprise,7037
41174,59195,1341522280,MT,Calendar schedules events,7038
16711,273,1341522340,RE,Dust obscuration,7039
359115,133868,1341522400,RT,Shrimp stir fry with vegetables is healthy and flavorful,7040
121293,1999,1341522460,RT,Weightlifting platforms are heavy,7041
100127,116924,1341522520,RT,Bitcoin halving impacts supply,7042
19118,132394,1341522580,MT,Floor votes determine passage,7043
12464,42169,1341522640,RT,AI in space exploration navigates probes,7044
14682,3369,1341522700,RT,Symbolism,7045
137242,29027,1341522760,RT,Car photography,7046
45587,380375,1341522820,RE,Local festivals celebrate,7047
136607,37221,1341522880,RE,Contacts manage relationships,7048
281193,52882,1341522940,RE,Extinction mapping,7049
2175,133868,1341523000,RE,Baked chicken thighs with rosemary are savory and golden,7050
167882,63327,1341523060,RE,Cheerleading mats are colorful,7051
204197,170159,1341523120,MT,Crypto liquidity is crucial,7052
243397,143550,1341523180,RE,Executive approval enforces law,7053
65377,257094,1341523240,MT,AI in weather prediction forecasts storms,7054
3369,11355,1341523300,RT,Film medium,7055
74012,142148,1341523360,RE,Car videos,7056
95896,4652,1341523420,RE,Music festivals energize,7057
451236,13797,1341523480,RE,Clock alarms timely,7058
118729,14070,1341523540,MT,Infrared surveys,7059
8786,68474,1341523600,MT,Pumpkin spice latte is autumn warmth,7060
64547,276767,1341523660,MT,Lacrosse pitches are fast,7061
33387,105315,1341523720,RT,Gas fees affect Ethereum transactions,7062
3360,7057,1341523780,RT,Regulatory implementation ensures compliance,7063
100924,54039,1341523840,RE,AI in energy predicts consumption,7064
18364,84219,1341523900,RT,Movies transport us to other worlds,7065
735,48702,1341523960,RT,Automotive journalism,7066
45884,44613,1341524020,RE,Film festivals showcase,7067
40279,20560,1341524080,RE,Timers manage tasks,7068
56449,187844,1341524140,RT,Radio surveys,7069
9351,80101,1341524200,RT,Apple cinnamon oatmeal is cozy breakfast,7070
181286,8398,1341524260,MT,Rugby fields are rough,7071
2673,114982,1341524320,RE,Layer 2 solutions scale networks,7072
47015,74604,1341524380,RT,Administrative oversight monitors execution,7073
106871,180857,1341524440,RT,AI in environment models ecosystems,7074
40266,15210,1341524500,RT,Cinema captures human emotion,7075
69815,490,1341524560,RE,Magazines,7076
42836,55443,1341524620,MT,Art festivals inspire,7077
28253,108134,1341524680,RT,Stopwatch tracks activity,7078
97478,31681,1341524740,RE,X-ray surveys,7079
296637,196658,1341524800,MT,Beef tacos with guacamole are flavorful bites,7080
2188,20982,1341524860,MT,Cricket pitches are strategic,7081
27,18771,1341524920,MT,Crypto security is essential,7082
118818,20152,1341524980,RT,Judicial review interprets legality,7083
96202,102394,1341525040,RT,AI in defense enhances strategy,7084
230370,473,1341525100,MT,Film tells powerful stories,7085
14813,30218,1341525160,RT,Websites,7086
59977,33480,1341525220,RT,Cultural events teach,7087
42902,141501,1341525280,MT,Calculator computes numbers,7088
279316,1373,1341525340,RT,Gamma-ray surveys,7089
360,361415,1341525400,RE,Grilled cheese with ham is cheesy comfort,7090
16140,75797,1341525460,RE,Horse tracks are elegant,7091
7067,15724,1341525520,RE,Public keys are identifiers,7092
206628,149163,1341525580,RE,Civil society monitors accountability,7093
20971,11714,1341525640,RT,AI in transportation improves safety,7094
423897,51757,1341525700,RE,Directors shape visions,7095
105460,69815,1341525760,MT,Forums,7096
6742,298,1341525820,RE,Parades display tradition,7097
3994,3277,1341525880,RT,Weather forecasts updates,7098
279373,111325,1341525940,MT,Optical surveys,7099
3807,5005,1341526000,MT,Vegetable fried rice is simple and tasty,7100
56262,105416,1341526060,MT,Bowling lanes are shiny,7101
27147,40326,1341526120,RE,Private keys are secrets,7102
9868,8321,1341526180,RE,NGOs advocate for change,7103
5508,177812,1341526240,RT,AI in construction optimizes planning,7104
14611,17122,1341526300,RE,Actors bring characters to life,7105
116808,14289,1341526360,RT,Social media,7106
223,32438,1341526420,RE,Religious ceremonies respect,7107
272862,38382,1341526480,MT,Stocks monitor markets,7108
6534,54856,1341526540,RE,Space telescopes,7109
97191,8786,1341526600,RE,Chicken and broccoli alfredo is creamy delight,7110
78133,95921,1341526660,MT,Sailing harbors are windy,7111
27982,78114,1341526720,RE,Cold storage protects assets,7112
318856,314,1341526780,MT,Political movements mobilize citizens,7113
22170,1597,1341526840,MT,AI in manufacturing predicts failures,7114
50276,141656,1341526900,RE,Screenplays craft narratives,7115
309547,118226,1341526960,RE,Car culture,7116
41812,7451,1341527020,RT,Architectural wonders impress,7117
16746,31564,1341527080,MT,News informs users,7118
2676,59654,1341527140,RT,Hubble images,7119
38602,144204,1341527200,MT,Chocolate chip banana bread is sweet and soft,7120
8593,14889,1341527260,MT,Kayak waters are flowing,7121
76165,77548,1341527320,RT,Hot wallets are convenient,7122
124459,123517,1341527380,RE,Social activism promotes justice,7123
27043,71339,1341527440,RE,AI in logistics improves efficiency,7124
3134,8742,1341527500,MT,Cinematography frames beauty,7125
658,64643,1341527560,RE,Car collections,7126
80006,323578,1341527620,RE,Bridges connect,7127
14602,28951,1341527680,RE,Podcasts entertain listeners,7128
19879,35352,1341527740,RT,Gaia catalog,7129
920,195807,1341527800,RT,Roasted Brussels sprouts with balsamic are flavorful perfection,7130
73461,113517,1341527860,MT,Skating rinks are smooth,7131
166174,154584,1341527920,RE,Crypto portfolios require strategy,7132
36065,4199,1341527980,RE,Peaceful protests express dissent,7133
33847,71545,1341528040,RT,AI in retail recommends products,7134
62666,19366,1341528100,RT,Editing controls pacing,7135
17382,9822,1341528160,RT,Classic restoration,7136
16455,29264,1341528220,MT,Skyscrapers define skyline,7137
13584,23395,1341528280,RE,Music plays tunes,7138
79911,57738,1341528340,RT,Stellar parallax,7139
22380,85424,1341528400,RE,Shrimp tacos with lime crema are fresh and tasty,7140
43742,98433,1341528460,RE,Handball courts are fast,7141
140629,5633,1341528520,MT,Yield farming grows assets,7142
91843,182825,1341528580,RT,Civil disobedience challenges policies,7143
196613,412404,1341528640,RE,AI in entertainment customizes experiences,7144
203863,548,1341528700,RE,Soundtracks enhance mood,7145
65000,245,1341528760,RE,Hot rods,7146
4561,50052,1341528820,MT,Lighthouses guide,7147
50308,47518,1341528880,RE,Apple Music streams,7148
17207,255249,1341528940,RT,Proper motion,7149
27744,4259,1341529000,MT,Baked ziti with sausage is hearty comfort,7150
16450,9974,1341529060,RE,Water polo pools are dynamic,7151
5018,291294,1341529120,MT,Tokenomics drive ecosystems,7152
176243,13122,1341529180,MT,Petitions gather signatures,7153
22053,6674,1341529240,RE,AI in music recommends songs,7154
80257,387,1341529300,RE,Visual effects create wonder,7155
266547,16225,1341529360,MT,Custom cars,7156
42,31337,1341529420,RT,Parks relax,7157
103986,11329,1341529480,MT,TV shows view,7158
20187,369,1341529540,RT,Radial velocity,7159
29864,93990,1341529600,RE,Vegetable stir fry with garlic sauce is aromatic and healthy,7160
38164,128779,1341529660,MT,Speed skating ovals are slick,7161
254556,6373,1341529720,RT,Crypto news moves markets,7162
180496,9191,1341529780,RT,Community engagement informs decisions,7163
58210,6679,1341529840,RT,AI in video games personalizes play,7164
36079,64541,1341529900,RE,Movie premieres excite fans,7165
41808,62195,1341529960,MT,Tuning,7166
89020,128855,1341530020,RE,Gardens bloom,7167
15538,2372,1341530080,RE,Movies watch,7168
21017,69648,1341530140,MT,3D mapping,7169
6969,43723,1341530200,RE,Chicken quesadilla with salsa is cheesy delight,7170
3287,80431,1341530260,RE,Kickboxing rings are intense,7171
108383,43952,1341530320,RT,Market caps reflect size,7172
17468,374,1341530380,RE,Political rallies energize supporters,7173
15507,412404,1341530440,RT,AI in communication translates languages,7174
66977,352,1341530500,MT,Film festivals showcase talent,7175
12324,2765,1341530560,RT,Automotive engineering,7176
11213,30231,1341530620,MT,Botanical gardens enchant,7177
50901,15538,1341530680,MT,Books read,7178
176994,8920,1341530740,RE,Galactic structure,7179
3237,7418,1341530800,RT,Beef and cheese burritos are filling and flavorful,7180
282758,2697,1341530860,MT,CrossFit boxes are challenging,7181
77548,9704,1341530920,MT,Trading pairs enable swaps,7182
451156,13518,1341530980,RT,Campaign events connect voters,7183
7436,70037,1341531040,RE,AI in healthcare monitors patients,7184
39524,4427,1341531100,RE,Indie films reveal innovation,7185
11555,2080,1341531160,RE,Safety innovations,7186
3752,16452,1341531220,RT,Zoos entertain,7187
88419,75846,1341531280,RT,App Store downloads,7188
38672,153606,1341531340,RT,"Disk, bulge, halo",7189
11620,47626,1341531400,RT,Spinach and mushroom omelette is breakfast joy,7190
147362,31234,1341531460,MT,Obstacle race tracks are tough,7191
5590,23812,1341531520,RT,Crypto charts track trends,7192
80087,43864,1341531580,MT,Candidate speeches inspire action,7193
61320,33485,1341531640,RT,AI in finance detects anomalies,7194
79647,17004,1341531700,RT,Blockbusters draw crowds,7195
9149,78827,1341531760,RT,Efficiency improvements,7196
302964,204654,1341531820,MT,Aquariums fascinate,7197
49464,109872,1341531880,RT,iCloud syncs,7198
58534,144933,1341531940,MT,Spiral arms,7199
88215,113163,1341532000,MT,Chocolate lava cake with ice cream is indulgent dessert,7200
158400,128559,1341532060,RE,Mountain biking trails are thrilling,7201
2312,55466,1341532120,MT,FOMO drives buying,7202
4199,49540,1341532180,MT,Debate performance impacts perception,7203
2900,48780,1341532240,MT,AI in marketing analyzes trends,7204
8806,186,1341532300,RT,Animated films spark imagination,7205
37162,87761,1341532360,RT,Design trends,7206
3138,70550,1341532420,MT,Historical tours enlighten,7207
11792,208867,1341532480,RT,Backup protects,7208
56,90979,1341532540,MT,Bar structure,7209
49592,243553,1341532600,RT,Roasted sweet potatoes with cinnamon are cozy and sweet,7210
171734,50675,1341532660,RT,Trail running paths are scenic,7211
316275,12983,1341532720,RT,FUD drives selling,7212
134836,58737,1341532780,MT,Media interviews shape image,7213
44183,9108,1341532840,RE,AI in education evaluates performance,7214
337192,56303,1341532900,RT,Documentaries inform and inspire,7215
55242,86465,1341532960,RT,Market demand,7216
57026,14588,1341533020,MT,Guided tours inform,7217
85960,83127,1341533080,MT,Find My locates,7218
86368,61130,1341533140,RE,Warped disk,7219
214036,68399,1341533200,RE,Shrimp fried rice with vegetables is quick satisfaction,7220
1880,64484,1341533260,MT,Freestyle ski parks are fun,7221
13778,6050,1341533320,RT,HODL builds wealth,7222
157551,31957,1341533380,RT,Press releases communicate policy,7223
6166,26158,1341533440,RE,AI in robotics automates factories,7224
297,38277,1341533500,RE,Biopics honor real lives,7225
118226,6148,1341533560,RT,Manufacturers,7226
484,4904,1341533620,RT,Self-guided tours explore,7227
35242,750,1341533680,RT,Settings customize,7228
132182,58534,1341533740,RE,Flaring disk,7229
28458,55151,1341533800,RT,Vegetable lasagna with béchamel is cheesy goodness,7230
75493,265784,1341533860,RT,Yoga rooms are calm,7231
323711,14609,1341533920,RT,Pump and dump are risky,7232
266400,40274,1341533980,MT,Social media engages audiences,7233
23125,220156,1341534040,RT,AI in surveillance detects anomalies,7234
24357,183404,1341534100,RE,Historical films teach lessons,7235
31171,8747,1341534160,MT,Brands,7236
35426,106282,1341534220,RT,Walking tours reveal details,7237
6658,59542,1341534280,RT,Battery health informs,7238
160541,34227,1341534340,RT,Stellar streams,7239
10789,39636,1341534400,RT,Baked salmon with garlic and herbs is flavorful perfection,7240
386123,34798,1341534460,MT,Pilates studios are focused,7241
192260,33514,1341534520,RT,Crypto influencers shape opinion,7242
11342,154107,1341534580,RE,Digital campaigns reach voters,7243
5813,19604,1341534640,RT,AI in customer service responds quickly,7244
11095,74369,1341534700,RE,Romantic movies touch hearts,7245
152768,1722,1341534760,RE,Loyalty,7246
26900,42510,1341534820,MT,City tours navigate streets,7247
116512,101738,1341534880,MT,Low Power Mode saves,7248
24873,7937,1341534940,RT,Tidal remnants,7249
53019,6753,1341535000,RT,Chicken tikka wrap is spicy and tasty,7250
15493,16938,1341535060,MT,Parkour urban courses are daring,7251
13816,199015,1341535120,RE,Regulations impact markets,7252
9192,57138,1341535180,RE,Political advertisements persuade opinion,7253
242244,42936,1341535240,RE,AI in social media curates content,7254
115042,96820,1341535300,RE,Action films thrill audiences,7255
77562,175211,1341535360,MT,Advertising,7256
765,31549,1341535420,MT,Heritage tours preserve culture,7257
108134,20395,1341535480,MT,Airplane Mode disconnects,7258
9968,160541,1341535540,RT,Milky Way dynamics,7259
144099,21397,1341535600,RT,Beef and vegetable stir fry with rice is hearty meal,7260
120063,210229,1341535660,RT,Beach volleyball sands are soft,7261
68313,295879,1341535720,RE,Crypto taxes must be tracked,7262
248,54796,1341535780,RE,Endorsements enhance credibility,7263
12748,56756,1341535840,RT,AI in agriculture optimizes irrigation,7264
39524,116683,1341535900,MT,Comedy films spark laughter,7265
12465,11444,1341535960,MT,Marketing,7266
20636,74375,1341536020,RT,Food tours taste local,7267
17902,25661,1341536080,MT,Do Not Disturb silences,7268
334930,33386,1341536140,RT,Rotation curve,7269
98138,6753,1341536200,RE,Chocolate mousse with berries is rich indulgence,7270
28067,20192,1341536260,RE,Marathon paths are long,7271
34719,271995,1341536320,RT,Decentralized exchanges are permissionless,7272
74604,1292,1341536380,RT,Coalition support strengthens position,7273
5793,92785,1341536440,RE,AI in energy manages grids,7274
387,130555,1341536500,RE,Horror movies evoke fear,7275
2045,5438,1341536560,RE,Consumer reviews,7276
2919,242386,1341536620,MT,Wine tours savor flavors,7277
10365,10914,1341536680,RT,Screen Time monitors,7278
37502,59324,1341536740,MT,Dark matter influence,7279
39351,25855,1341536800,RT,Vegetable soup with noodles is comforting and healthy,7280
2898,52122,1341536860,RE,Sprint lanes are short,7281
33514,6661,1341536920,RE,Centralized exchanges offer liquidity,7282
73505,31957,1341536980,MT,Partisan alignment influences votes,7283
3232,13878,1341537040,RE,AI in transport predicts traffic,7284
81723,78220,1341537100,RE,Sci-fi films explore possibilities,7285
235,385,1341537160,RE,Ownership,7286
111728,8835,1341537220,RT,Beer tours enjoy brews,7287
6761,14845,1341537280,MT,Parental Controls manage,7288
17012,497,1341537340,RT,Stellar orbits,7289
76455,84134,1341537400,MT,Grilled chicken with lemon and herbs is simple and tasty,7290
66750,28076,1341537460,RE,Relay zones are precise,7291
59027,192260,1341537520,RT,Crypto lending earns interest,7292
28976,50228,1341537580,RE,Bipartisan collaboration fosters compromise,7293
171153,12891,1341537640,RT,AI in defense identifies threats,7294
113372,390301,1341537700,RT,Fantasy movies build worlds,7295
129960,20295,1341537760,RE,Insurance,7296
407912,132521,1341537820,RE,Coffee tours energize,7297
162152,272862,1341537880,RT,Accessibility options support,7298
3292,106925,1341537940,RE,Galactic potential,7299
78800,13139,1341538000,MT,Apple pie with caramel drizzle is sweet indulgence,7300
43914,99029,1341538060,RT,Judo mats are firm,7301
14838,109972,1341538120,RT,Margin trading increases risk,7302
7756,9191,1341538180,MT,Cross-party negotiations solve issues,7303
141739,186674,1341538240,MT,AI in environment models climate,7304
27734,50816,1341538300,RT,Mystery films create suspense,7305
137242,51,1341538360,RT,Registration,7306
128915,14549,1341538420,MT,Cooking classes teach,7307
37221,134095,1341538480,MT,Magnifier enlarges,7308
12440,77583,1341538540,MT,Gravitational effects,7309
6753,76667,1341538600,RT,Pumpkin bread with cream cheese frosting is autumnal delight,7310
53801,14551,1341538660,RT,Karate rings are clean,7311
50325,44371,1341538720,MT,Crypto derivatives hedge exposure,7312
9323,16496,1341538780,RE,Legislative compromise passes bills,7313
58210,29296,1341538840,MT,AI in science analyzes data,7314
62107,37451,1341538900,RT,Thrillers keep viewers on edge,7315
658,2218,1341538960,RT,Taxes,7316
265301,138800,1341539020,RT,Language classes enhance travel,7317
11053,358538,1341539080,RT,Voice Control operates,7318
24007,287085,1341539140,RT,Mass distribution,7319
64906,9798,1341539200,RT,Shrimp scampi with linguine is buttery perfection,7320
265784,7639,1341539260,RT,Taekwondo spaces are agile,7321
109972,236269,1341539320,RE,Stablecoins reduce volatility,7322
23727,28976,1341539380,MT,Executive orders guide action,7323
26538,69642,1341539440,MT,AI in research accelerates insights,7324
29743,50273,1341539500,RT,Adventure movies ignite excitement,7325
26186,37001,1341539560,MT,Road maintenance,7326
58411,22759,1341539620,MT,Travel apps assist,7327
157724,304714,1341539680,RE,Hearing aids connect,7328
4479,225087,1341539740,RT,Galaxy modeling,7329
196658,147804,1341539800,MT,Vegetable quiche with cheddar is savory breakfast,7330
6971,2687,1341539860,RT,Kickball diamonds are nostalgic,7331
364386,41796,1341539920,RE,Wrapped tokens bridge networks,7332
24703,120684,1341539980,MT,Cabinet appointments manage departments,7333
18665,63808,1341540040,MT,AI in law assists review,7334
980,13239,1341540100,MT,War films depict courage,7335
13374,75042,1341540160,MT,Licenses,7336
248648,7646,1341540220,MT,Maps guide,7337
232,52836,1341540280,RE,Braille displays compatible,7338
39362,43352,1341540340,MT,Simulation results,7339
365,550,1341540400,RE,Baked chicken with rosemary and thyme is golden perfection,7340
387522,81405,1341540460,MT,Softball diamonds are bright,7341
69597,22781,1341540520,RE,Cross-chain swaps connect blockchains,7342
3298,24099,1341540580,MT,Administrative decisions implement law,7343
4336,16832,1341540640,MT,AI in HR analyzes resumes,7344
124957,21686,1341540700,RE,Crime films unravel plots,7345
29027,735,1341540760,RT,Education,7346
52030,104802,1341540820,RT,GPS navigates,7347
16011,220557,1341540880,RE,Shortcuts automate,7348
410219,168870,1341540940,RT,Milky Way formation,7349
308781,383668,1341541000,RT,Chocolate chip cookies with walnuts are classic treats,7350
106789,269816,1341541060,MT,Ping pong arenas are fast,7351
16681,27982,1341541120,RE,Governance tokens enable voting,7352
267269,238225,1341541180,RT,Bureaucratic processes ensure function,7353
20273,171153,1341541240,RE,AI in recruitment identifies talent,7354
49351,51731,1341541300,MT,Musicals combine song and story,7355
11443,116191,1341541360,RE,Recalls,7356
41740,95020,1341541420,RE,Public transport connects,7357
7340,31966,1341541480,RT,Automation simplifies,7358
14600,3398,1341541540,RE,Hierarchical assembly,7359
8895,138369,1341541600,RE,Roasted carrots with thyme and honey are sweet and savory,7360
41179,122438,1341541660,MT,Dodgeball courts are playful,7361
6661,50202,1341541720,RE,DAO communities are decentralized,7362
97805,199340,1341541780,MT,Regulatory enforcement maintains standards,7363
59266,4365,1341541840,MT,AI in manufacturing improves quality,7364
4957,36840,1341541900,RT,Film scores enhance emotion,7365
31290,850,1341541960,RT,Warranty,7366
4076,128709,1341542020,MT,Trains run efficiently,7367
47518,367035,1341542080,RT,Widgets show info,7368
17332,336573,1341542140,RT,Initial mass function,7369
3571,226,1341542200,MT,Chicken parmesan with spaghetti is cheesy delight,7370
8425,167882,1341542260,RE,Table football arenas are quick,7371
35713,79687,1341542320,RT,Crypto airdrops reward users,7372
355057,9192,1341542380,MT,Policy evaluation measures effectiveness,7373
186674,38225,1341542440,MT,AI in logistics tracks shipments,7374
90243,12183,1341542500,RE,Cinemas provide shared experiences,7375
16304,65000,1341542560,RT,Financing,7376
54207,174807,1341542620,RT,Buses reach everywhere,7377
8964,52836,1341542680,RE,Live Text recognizes,7378
26386,2594,1341542740,RE,Star formation history,7379
18038,38040,1341542800,RE,Beef lasagna with ricotta is hearty and comforting,7380
440981,16457,1341542860,RT,Rowing courses are smooth,7381
19609,73085,1341542920,MT,Token burns reduce supply,7382
32424,116323,1341542980,RT,Public administration delivers services,7383
316,14887,1341543040,MT,AI in healthcare diagnoses conditions,7384
356981,489,1341543100,MT,Streaming platforms bring access,7385
3642,110606,1341543160,RT,Leasing,7386
325463,11213,1341543220,RT,Subways speed commute,7387
8073,1548,1341543280,RT,Visual Lookup identifies,7388
21017,1284,1341543340,MT,Chemical evolution,7389
54135,121422,1341543400,RT,Vegetable stir fry with tofu and soy sauce is healthy and flavorful,7390
20752,423163,1341543460,RE,Speed climbing walls are vertical,7391
49089,12389,1341543520,MT,Crypto forks create new chains,7392
190358,11901,1341543580,MT,Ethical governance maintains integrity,7393
174859,42643,1341543640,MT,AI in finance predicts markets,7394
108275,12606,1341543700,RE,Movie nights create memories,7395
101806,71141,1341543760,MT,Rental,7396
23587,55443,1341543820,RE,Trams glide streets,7397
61101,16460,1341543880,RT,Focus mode filters,7398
33476,1373,1341543940,MT,Stellar populations,7399
23633,98138,1341544000,RT,Shrimp tacos with avocado salsa are fresh and vibrant,7400
14603,52150,1341544060,RT,Powerlifting platforms are heavy,7401
19837,12005,1341544120,RT,Hard forks reset rules,7402
11362,58744,1341544180,MT,Accountability mechanisms monitor performance,7403
64993,61978,1341544240,RT,AI in retail forecasts demand,7404
245594,66468,1341544300,MT,Film critics analyze works,7405
32526,3472,1341544360,MT,Car sharing,7406
7646,21280,1341544420,RT,Taxis provide service,7407
57754,12513,1341544480,MT,Privacy features protect,7408
14075,15788,1341544540,MT,Population synthesis,7409
12416,51168,1341544600,RT,Baked ziti with mozzarella and marinara is cheesy goodness,7410
32226,9017,1341544660,RE,Trail biking parks are exciting,7411
217199,44446,1341544720,RT,Soft forks tweak consensus,7412
18450,86903,1341544780,RE,Conflict resolution maintains stability,7413
186674,6674,1341544840,RT,AI in media personalizes viewing,7414
5464,23975,1341544900,RT,Box office measures success,7415
13506,14124,1341544960,RT,Ride-hailing,7416
3226,70550,1341545020,RE,Rideshares offer convenience,7417
144403,2050,1341545080,MT,Location services control,7418
54856,17871,1341545140,RE,Age estimates,7419
29417,77194,1341545200,RE,Spinach and mushroom stuffed chicken breast is savory and delicious,7420
51729,5843,1341545260,MT,Obstacle courses are challenging,7421
2866,19609,1341545320,RE,Proof of Work secures networks,7422
143550,21296,1341545380,MT,Negotiation skills facilitate agreements,7423
57289,27436,1341545440,RE,AI in entertainment tailors experiences,7424
11967,350982,1341545500,RE,Film franchises continue stories,7425
28652,21979,1341545560,RT,Autonomous ride,7426
8,11710,1341545620,RE,Car rentals allow freedom,7427
4412,23410,1341545680,MT,App Tracking Transparency informs,7428
21832,17175,1341545740,MT,Cosmological context,7429
466,196130,1341545800,RE,Chocolate brownie sundae is rich indulgence,7430
15769,26927,1341545860,RE,Skydiving skies are clear,7431
67712,66897,1341545920,MT,Proof of Stake saves energy,7432
453313,40973,1341545980,RE,Diplomatic channels enable dialogue,7433
64816,31334,1341546040,RE,AI in music generates compositions,7434
244854,106226,1341546100,MT,Sequels expand worlds,7435
2045,52846,1341546160,RE,EV charging,7436
50305,48039,1341546220,RE,Bikes offer flexibility,7437
33442,223014,1341546280,RT,Camera modes vary,7438
71311,86822,1341546340,RT,Local group dynamics,7439
95890,121422,1341546400,RT,Vegetable pizza with peppers and onions is colorful joy,7440
106789,38226,1341546460,RT,BMX parks are adventurous,7441
91546,49089,1341546520,RE,Delegated staking empowers voters,7442
79651,24676,1341546580,RE,International cooperation addresses global challenges,7443
13278,82566,1341546640,RE,AI in video games creates dynamic worlds,7444
57233,12606,1341546700,RE,Prequels explore origins,7445
24335,33313,1341546760,MT,Battery technology,7446
100103,288604,1341546820,RT,Scooters zip,7447
263490,383,1341546880,RT,Portrait mode blurs background,7448
3836,44086,1341546940,RE,Andromeda approach,7449
349,15294,1341547000,RT,Roasted salmon with dill and lemon is aromatic perfection,7450
167882,124356,1341547060,RE,Triathlon courses are diverse,7451
52905,7551,1341547120,MT,Validator nodes maintain chains,7452
211,96963,1341547180,RT,Treaties formalize commitments,7453
301250,51889,1341547240,RT,AI in communication interprets speech,7454
80257,292109,1341547300,RT,Spin-offs focus on side stories,7455
226183,385,1341547360,RT,Range anxiety,7456
27071,55443,1341547420,MT,Ferries cross waters,7457
31949,9106,1341547480,MT,Night mode illuminates,7458
122634,148429,1341547540,RE,Triangulum influence,7459
90718,401447,1341547600,RE,Chicken pad thai with peanuts is sweet and savory,7460
40225,1854,1341547660,MT,Ironman paths are extreme,7461
12899,10741,1341547720,RE,Crypto memecoins are speculative,7462
73077,211,1341547780,MT,Peacekeeping preserves security,7463
82566,122155,1341547840,MT,AI in language translation bridges barriers,7464
51757,25440,1341547900,RT,Character arcs develop depth,7465
8282,64643,1341547960,MT,Charging speed,7466
281202,39371,1341548020,RT,Flights connect cities,7467
98204,10053,1341548080,MT,Cinematic mode films,7468
334930,196143,1341548140,MT,Satellite orbits,7469
296637,76071,1341548200,MT,Apple cinnamon pancakes are cozy morning treats,7470
40297,3027,1341548260,MT,Soccer stadiums are loud,7471
101872,57105,1341548320,RE,Liquidity pools provide capital,7472
104474,73505,1341548380,RE,Sanctions enforce compliance,7473
229447,3319,1341548440,RE,AI in IoT connects devices,7474
15210,30799,1341548500,RT,Plot twists surprise audiences,7475
17564,43677,1341548560,RE,Wireless charging,7476
418109,9816,1341548620,MT,Airports busy hubs,7477
7234,149212,1341548680,RT,Slo-mo records action,7478
95702,92,1341548740,MT,Milky Way future,7479
412350,21705,1341548800,RE,Baked chicken wings with barbecue sauce are sticky and delicious,7480
9481,1343,1341548860,RE,Basketball arenas are thrilling,7481
354973,74043,1341548920,MT,Impermanent loss is a risk,7482
41385,13603,1341548980,RE,Foreign aid supports development,7483
2934,93308,1341549040,RE,AI in autonomous vehicles navigates roads,7484
1348,387,1341549100,RE,Special effects wow viewers,7485
8395,355296,1341549160,MT,Grid integration,7486
32652,33642,1341549220,RT,Travel agencies plan,7487
7845,4304,1341549280,RT,Time-lapse captures,7488
23866,360368,1341549340,RE,Galaxy collision,7489
68474,477,1341549400,RE,Vegetable curry with coconut milk is creamy and flavorful,7490
56797,75493,1341549460,MT,Football stadiums are exciting,7491
50233,35375,1341549520,MT,Crypto bridges link ecosystems,7492
74604,100067,1341549580,RT,Global summits coordinate initiatives,7493
27037,72174,1341549640,MT,AI in drones manages flights,7494
37451,4875,1341549700,RT,CGI expands possibilities,7495
16523,258580,1341549760,MT,Vehicle-to-grid,7496
51746,55,1341549820,MT,Itineraries organize,7497
160989,76901,1341549880,RE,Panorama photos expand,7498
14355,28174,1341549940,RT,Starburst events,7499
505,1503,1341550000,MT,Chocolate fudge cake with chocolate ganache is indulgent dessert,7500
10340,70120,1341550060,MT,Baseball stadiums are classic,7501
153249,44371,1341550120,MT,Layer 1 chains are foundational,7502
93,61271,1341550180,MT,Multilateral organizations manage issues,7503
31698,236994,1341550240,RT,AI in robotics improves dexterity,7504
4708,4907,1341550300,RE,Practical effects add realism,7505
8223,43643,1341550360,RT,Smart cars,7506
439,2786,1341550420,MT,Travel blogs inspire,7507
11956,2347,1341550480,MT,Macro shots close-up,7508
12999,41725,1341550540,MT,Gas inflow,7509
164933,37009,1341550600,MT,Lemon garlic roasted shrimp is zesty and savory,7510
11588,41179,1341550660,MT,Hockey arenas are chilly,7511
104791,78114,1341550720,MT,Layer 2 chains scale solutions,7512
130242,18012,1341550780,RE,Non-governmental actors influence policy,7513
36572,3816,1341550840,RT,AI in vision systems recognizes objects,7514
88695,297,1341550900,MT,Costume design defines style,7515
65099,120571,1341550960,RE,Connected vehicles,7516
59636,86851,1341551020,RT,Travel vlogs capture experience,7517
126028,121179,1341551080,RE,Ultra wide lens captures,7518
164483,44125,1341551140,MT,Gas outflow,7519
196228,114027,1341551200,RT,Spinach and ricotta stuffed shells with marinara are cheesy delight,7520
79105,167245,1341551260,RE,Tennis stadiums are tense,7521
7689,169521,1341551320,RE,Sidechains extend functionality,7522
190358,69567,1341551380,MT,Policy advocacy drives legislation,7523
44726,216246,1341551440,RE,AI in NLP understands context,7524
16406,36079,1341551500,RT,Set design creates immersion,7525
503,129960,1341551560,MT,V2V,7526
204768,132521,1341551620,RT,Social media shares trips,7527
176104,90235,1341551680,RE,Telephoto lens zooms,7528
24599,349771,1341551740,RT,Feedback processes,7529
26694,6136,1341551800,MT,Beef and broccoli with garlic sauce is hearty and satisfying,7530
64640,2874,1341551860,MT,Golf courses are scenic,7531
9100,9919,1341551920,RT,Blockchain explorers track data,7532
13122,124459,1341551980,RE,Political campaigns mobilize communities,7533
68702,6418,1341552040,MT,AI in speech recognition transcribes audio,7534
10513,34305,1341552100,RE,Makeup transforms actors,7535
40398,190207,1341552160,RE,V2I,7536
85586,2258,1341552220,RT,Travel forums advise,7537
18641,6951,1341552280,RT,Optical zoom magnifies,7538
334930,20187,1341552340,RE,Supernova feedback,7539
344696,2143,1341552400,MT,Chocolate chip banana muffins are soft and sweet,7540
103181,181286,1341552460,MT,Boxing arenas are intense,7541
2161,31231,1341552520,RT,Crypto oracles provide real-world info,7542
74604,5516,1341552580,RT,Voter engagement ensures democracy,7543
42825,1478,1341552640,MT,AI in predictive analytics forecasts outcomes,7544
49090,49086,1341552700,RE,Lighting sets mood,7545
1134,24932,1341552760,RE,AI in cars,7546
50947,93032,1341552820,RE,Travel reviews guide,7547
90227,33181,1341552880,RE,Digital zoom enlarges,7548
87681,69475,1341552940,RT,AGN feedback,7549
2700,9991,1341553000,MT,Roasted sweet potatoes with rosemary are earthy and flavorful,7550
69643,4208,1341553060,RT,Swimming arenas are bright,7551
29327,51059,1341553120,RE,Decentralized apps solve problems,7552
32424,12058,1341553180,MT,Election monitoring maintains fairness,7553
90474,174859,1341553240,MT,AI in reinforcement learning trains agents,7554
25180,177572,1341553300,RT,Camera angles influence perception,7555
39372,36854,1341553360,RE,ADAS,7556
8021,11118,1341553420,RT,Packing efficiently saves stress,7557
8438,76290,1341553480,RT,HDR enhances images,7558
1858,216655,1341553540,RT,Galactic ecology,7559
38448,133864,1341553600,RT,Chicken enchiladas with cheese and salsa are cheesy and spicy,7560
1880,12648,1341553660,MT,Gymnastics halls are polished,7561
2312,171,1341553720,RT,Web3 enables a new internet,7562
7269,134836,1341553780,RE,Electoral commissions oversee voting,7563
124257,301250,1341553840,RT,AI in supervised learning learns labels,7564
322327,11326,1341553900,RE,Editing shapes narrative flow,7565
64313,4177,1341553960,MT,Traffic prediction,7566
72217,134304,1341554020,RE,Luggage carries essentials,7567
108134,12513,1341554080,MT,Panorama stitching combines,7568
15488,255249,1341554140,RE,Cosmic web,7569
78800,286570,1341554200,MT,Vegetable fried rice with eggs is simple and tasty,7570
16822,22450,1341554260,RE,Diving arenas are elevated,7571
12456,9704,1341554320,MT,Crypto adoption is global,7572
7594,14628,1341554380,MT,Political parties organize candidates,7573
20922,42064,1341554440,RE,AI in unsupervised learning finds structure,7574
99403,5796,1341554500,RE,Sound design enriches experience,7575
26,138860,1341554560,MT,Navigation,7576
1205,12259,1341554620,RT,Backpacks are versatile,7577
91840,278797,1341554680,RE,Photo editing adjusts,7578
2594,136490,1341554740,RT,Filaments,7579
129211,28962,1341554800,RT,Shrimp and vegetable stir fry with soy sauce is quick and healthy,7580
276767,27875,1341554860,MT,Skate parks are creative,7581
114312,67032,1341554920,RE,Bitcoin dominance fluctuates,7582
43709,128,1341554980,RE,Party conventions nominate leaders,7583
93066,209524,1341555040,MT,AI in semi-supervised learning combines methods,7584
146922,67998,1341555100,MT,Voice acting conveys emotion,7585
30486,32297,1341555160,RE,Predictive maintenance,7586
45082,40295,1341555220,RE,Suitcases roll,7587
103986,166095,1341555280,MT,Filters apply,7588
18487,18901,1341555340,RT,Voids,7589
67505,113163,1341555400,RE,Baked cod with lemon and herbs is light and flavorful,7590
107231,6659,1341555460,MT,Surf beaches are thrilling,7591
70491,32979,1341555520,RT,Altcoin season excites traders,7592
4239,40608,1341555580,MT,Primary elections select nominees,7593
4,60512,1341555640,RE,AI in generative models creates content,7594
183404,6551,1341555700,RE,Motion capture captures performance,7595
88209,141049,1341555760,RT,Fleet management,7596
24055,146359,1341555820,RT,Duffel bags flexible,7597
43516,98204,1341555880,RE,Live Photos animate,7598
77555,184606,1341555940,MT,Clusters,7599
136594,49592,1341556000,RE,Spinach salad with strawberries and almonds is fresh and sweet,7600
6668,38695,1341556060,MT,Mountain climbing peaks are rewarding,7601
37561,13881,1341556120,RE,Crypto trends change fast,7602
93266,86066,1341556180,RT,General elections determine officeholders,7603
267168,90325,1341556240,RT,AI in GANs generates realistic images,7604
22642,12505,1341556300,RE,Stunt choreography thrills viewers,7605
41808,33313,1341556360,RE,Logistics,7606
50209,8293,1341556420,MT,Travel accessories helpful,7607
189670,16333,1341556480,RE,Memories create albums,7608
55239,106574,1341556540,MT,Milky Way uniqueness,7609
2175,22339,1341556600,MT,Chocolate tart with raspberry coulis is rich and tangy,7610
81405,12928,1341556660,RT,Cycling trails are long,7611
271995,97881,1341556720,MT,Token swaps are common,7612
12498,147421,1341556780,RT,Referenda enable direct decision-making,7613
57289,6418,1341556840,RE,AI in transformers powers NLP,7614
97179,66977,1341556900,RE,Movie posters attract attention,7615
7570,21979,1341556960,RE,Trucking,7616
52476,58736,1341557020,RE,Travel insurance protects,7617
106299,130562,1341557080,RE,Shared albums collaborate,7618
77692,12463,1341557140,RT,Galaxy morphology,7619
73305,901,1341557200,RT,Vegetable pot pie with puff pastry is cozy and savory,7620
8614,9851,1341557260,RE,Marathon routes are tough,7621
30225,718,1341557320,RT,Crypto charts reveal patterns,7622
28516,88392,1341557380,MT,Citizen participation legitimizes governance,7623
27518,17507,1341557440,RT,AI in LLMs understands language,7624
75830,118274,1341557500,RE,Trailers build anticipation,7625
77574,13685,1341557560,MT,Public transport,7626
144615,23464,1341557620,RT,Health precautions matter,7627
33601,218218,1341557680,RE,Photo library stores,7628
6080,73933,1341557740,RE,Barred spiral,7629
365,10726,1341557800,RE,Chicken and dumplings with vegetables is hearty comfort,7630
49108,3361,1341557860,MT,Ski resorts are snowy,7631
4535,28476,1341557920,RT,Candle charts show sentiment,7632
10942,11342,1341557980,RE,Civic education informs electorate,7633
93337,10159,1341558040,RT,AI in robotics simulates movement,7634
22775,68,1341558100,MT,Film marketing engages fans,7635
159599,816,1341558160,MT,Carpooling,7636
26681,33034,1341558220,MT,Vaccinations prevent illness,7637
34746,13797,1341558280,RT,iCloud Photos syncs,7638
86368,15488,1341558340,MT,Hubble classification,7639
281077,2351,1341558400,RT,Apple crisp with cinnamon and nuts is sweet and cozy,7640
113517,6695,1341558460,MT,Snowboard parks are exciting,7641
16681,61944,1341558520,RT,Volume indicates interest,7642
91843,7698,1341558580,RE,Political literacy encourages involvement,7643
38677,35150,1341558640,RT,AI in autonomous systems drives cars,7644
106226,1574,1341558700,MT,Merchandising extends experience,7645
50218,56011,1341558760,MT,Mobility as service,7646
330,265613,1341558820,RE,Visas enable entry,7647
36982,107449,1341558880,RE,Storage optimization frees space,7648
31444,20187,1341558940,RE,Galactic environment,7649
7279,8391,1341559000,RT,Shrimp gumbo with rice is spicy southern goodness,7650
86789,208863,1341559060,MT,Rowing waters are calm,7651
5018,2673,1341559120,MT,Market depth shows liquidity,7652
65904,20244,1341559180,RT,Grassroots activism drives reform,7653
6545,13878,1341559240,RT,AI in ethics ensures responsible use,7654
26753,14134,1341559300,MT,Cultural impact shapes society,7655
13506,2916,1341559360,RE,Sustainable vehicles,7656
251241,17655,1341559420,RE,Passports identify,7657
6651,109175,1341559480,RE,Photo backup protects,7658
7819,32502,1341559540,RE,Satellite galaxies,7659
15451,312038,1341559600,RT,Baked macaroni and cheese with breadcrumbs is cheesy heaven,7660
63327,16822,1341559660,MT,Wrestling arenas are intense,7661
34852,38711,1341559720,MT,Crypto signals guide trades,7662
11991,88838,1341559780,RE,Civil society strengthens institutions,7663
26153,24272,1341559840,MT,AI bias requires careful analysis,7664
133418,61508,1341559900,MT,Movies reflect social issues,7665
29225,176111,1341559960,RE,Alternative fuels,7666
2138,33713,1341560020,RT,Customs check regulations,7667
16242,400,1341560080,RE,Video editing edits,7668
6648,15291,1341560140,RE,Interactions,7669
319990,31955,1341560200,MT,Lemon pound cake with glaze is sweet and moist,7670
53876,148702,1341560260,RE,Archery ranges are silent,7671
59162,832,1341560320,RT,Stop losses protect capital,7672
355057,219683,1341560380,RE,Advocacy groups influence legislation,7673
22990,18104,1341560440,RE,AI transparency improves trust,7674
244854,5464,1341560500,MT,Films inspire change,7675
36312,30714,1341560560,RT,Hydrogen fuel,7676
5041,31549,1341560620,RE,Security ensures safety,7677
10819,4378,1341560680,RT,Clips create content,7678
16174,50964,1341560740,RE,Tidal forces,7679
199877,121422,1341560800,MT,Roasted cauliflower with Parmesan is crisp and savory,7680
10264,403,1341560860,RT,Fencing halls are competitive,7681
40326,9919,1341560920,MT,Take profits secure gains,7682
40274,35707,1341560980,MT,Lobbying impacts lawmaking,7683
22990,42643,1341561040,RE,AI explainability clarifies decisions,7684
25094,47175,1341561100,RE,Cinema preserves history,7685
243,16523,1341561160,RT,Biofuels,7686
182708,716,1341561220,RE,Language skills communicate,7687
74346,15458,1341561280,MT,iMovie edits films,7688
115447,4885,1341561340,RE,Star formation triggers,7689
54135,133864,1341561400,RT,Beef tacos with salsa and guacamole are fiesta perfection,7690
125327,23813,1341561460,RT,Weightlifting arenas are challenging,7691
45144,30400,1341561520,RT,Trading bots execute strategies,7692
577,39106,1341561580,RE,Think tanks research policies,7693
215675,33719,1341561640,RE,AI datasets must be diverse,7694
16143,74234,1341561700,RT,Film archives store heritage,7695
37503,29461,1341561760,RE,Hybrid systems,7696
27872,150297,1341561820,RT,Currency exchange allows spending,7697
250087,6707,1341561880,MT,Live Photos animate,7698
278652,4994,1341561940,RE,Chemical abundance,7699
435809,126091,1341562000,RT,Vegetable pizza with mozzarella and basil is colorful and cheesy,7700
99029,38234,1341562060,MT,Cheerleading gyms are vibrant,7701
95910,30400,1341562120,MT,Crypto indexes track performance,7702
140402,15489,1341562180,MT,Policy analysis informs debate,7703
141691,66278,1341562240,RE,AI data preprocessing cleans information,7704
29100,157147,1341562300,RE,Classic films endure,7705
2907,60496,1341562360,MT,Regulations,7706
83957,83432,1341562420,RE,Budgeting manages expenses,7707
31564,821,1341562480,RT,HEIF compresses files,7708
369,74270,1341562540,RE,Metallicity gradients,7709
138,20276,1341562600,RE,Chicken quesadilla with sour cream is cheesy and tasty,7710
50275,75797,1341562660,RT,Lacrosse stadiums are dynamic,7711
36618,23752,1341562720,RT,Liquidity mining earns rewards,7712
11364,146284,1341562780,RE,Expert testimony guides lawmakers,7713
23125,54200,1341562840,MT,AI feature engineering improves performance,7714
81723,57233,1341562900,RE,Cult films gain devoted fans,7715
31222,11555,1341562960,MT,Emission standards,7716
1205,178192,1341563020,RE,Travel deals save,7717
73941,213,1341563080,RE,HEVC encodes video,7718
53477,30228,1341563140,RT,Kinematics,7719
9879,138369,1341563200,RE,Chocolate truffle cake with whipped cream is rich and indulgent,7720
2898,43,1341563260,RE,Rugby stadiums are rough,7721
263505,11921,1341563320,MT,Token staking compounds gains,7722
248,74604,1341563380,MT,Political strategy maximizes influence,7723
27037,47470,1341563440,RT,AI hyperparameter tuning optimizes models,7724
59012,70958,1341563500,RE,Indie films push boundaries,7725
30218,60496,1341563560,RE,Safety standards,7726
204654,3138,1341563620,RE,Discounts attract,7727
7791,3453,1341563680,MT,Frame rates vary,7728
59654,278652,1341563740,MT,Orbit calculations,7729
28458,126231,1341563800,MT,Baked chicken thighs with garlic and herbs are golden and flavorful,7730
173124,7639,1341563860,MT,Cricket stadiums are strategic,7731
70066,4515,1341563920,RT,NFTs represent digital art,7732
26691,33274,1341563980,RT,Messaging campaigns persuade,7733
6693,1665,1341564040,MT,AI model evaluation measures success,7734
41792,146922,1341564100,MT,Experimental cinema challenges norms,7735
245,3976,1341564160,MT,Crash tests,7736
165970,88999,1341564220,RE,Rewards programs benefit,7737
52908,14584,1341564280,MT,4K records ultra,7738
106925,24773,1341564340,RT,Stellar velocities,7739
49182,195528,1341564400,MT,Pumpkin spice bread with cream cheese frosting is autumnal treat,7740
122123,9155,1341564460,RE,Horse arenas are grand,7741
27982,101872,1341564520,MT,Utility tokens offer access,7742
52941,239867,1341564580,RE,Media relations manage public perception,7743
16204,39885,1341564640,RT,AI cross-validation prevents overfitting,7744
28980,253928,1341564700,MT,Film genres diversify,7745
324281,16211,1341564760,RE,Consumer safety,7746
93313,58051,1341564820,RE,Frequent flyer miles accumulate,7747
82988,98204,1341564880,MT,1080p records full HD,7748
338829,3836,1341564940,MT,Rotation,7749
190181,194092,1341565000,MT,Vegetable stir fry with tofu and ginger is healthy and aromatic,7750
104785,86789,1341565060,RE,Bowling alleys are fun,7751
7274,116701,1341565120,RE,Security tokens are regulated,7752
5500,144026,1341565180,RE,Public relations shape opinion,7753
9475,9108,1341565240,RE,AI in cloud computing scales solutions,7754
1546,40298,1341565300,MT,Cross-genre films innovate,7755
375095,11677,1341565360,MT,Environmental impact,7756
5716,147968,1341565420,MT,Hotel stays comfort,7757
6951,16335,1341565480,RT,720p records HD,7758
15214,153606,1341565540,RT,Dispersion,7759
168820,32351,1341565600,RE,Shrimp tacos with lime crema and cabbage are fresh and tasty,7760
91,7477,1341565660,RE,Sailing seas are open,7761
46669,5213,1341565720,RT,Crypto collectibles are unique,7762
42947,40608,1341565780,RE,Debate performance sways voters,7763
77656,53733,1341565840,MT,AI edge computing reduces latency,7764
85735,169977,1341565900,RT,Remakes revisit classics,7765
51247,16304,1341565960,RT,Recycling,7766
4904,5112,1341566020,MT,Hostels budget-friendly,7767
116388,20056,1341566080,MT,Slo-mo 120fps,7768
225087,12473,1341566140,MT,Halo stars,7769
920,13027,1341566200,RE,Baked ziti with sausage and mozzarella is hearty comfort,7770
31576,75797,1341566260,MT,Kayak rivers are exciting,7771
22185,74779,1341566320,MT,Metaverse integrates blockchain,7772
25091,329706,1341566380,RT,Campaign advertising attracts attention,7773
53965,267168,1341566440,RE,AI federated learning preserves privacy,7774
75054,121553,1341566500,RE,Reboots refresh stories,7775
59520,13092,1341566560,RE,Manufacturing,7776
52476,302505,1341566620,RT,Airbnb provides options,7777
11956,57766,1341566680,RT,Slo-mo 240fps,7778
63856,1270,1341566740,RT,Globular clusters,7779
281077,98138,1341566800,MT,Spinach and mushroom omelette with cheese is breakfast joy,7780
31240,33302,1341566860,MT,Skating rinks are smooth,7781
377965,50325,1341566920,RE,Crypto gaming rewards play,7782
615,168699,1341566980,RE,Endorsements signal support,7783
29519,27518,1341567040,MT,AI in quantum computing explores new methods,7784
245594,247514,1341567100,RE,Adaptations translate literature,7785
43371,151460,1341567160,MT,Lightweight materials,7786
105173,14306,1341567220,RE,Resorts pamper,7787
529,33450,1341567280,RE,Cinematic recording films,7788
9932,3924,1341567340,RT,Milky Way evolution,7789
466,20363,1341567400,RT,Chocolate lava cake with vanilla ice cream is decadent indulgence,7790
166765,36875,1341567460,RT,Handball courts are energetic,7791
26687,53920,1341567520,RE,Virtual real estate is scarce,7792
12058,58744,1341567580,RT,Political branding builds recognition,7793
3637,93258,1341567640,MT,AI in augmented reality enhances experience,7794
57886,39029,1341567700,MT,Comics inspire movies,7795
13820,16323,1341567760,MT,Carbon fiber,7796
30946,132650,1341567820,RE,Boutique hotels unique,7797
48190,154462,1341567880,RT,Audio zoom focuses,7798
106574,79783,1341567940,RE,Star formation rate,7799
85424,32373,1341568000,RE,Roasted sweet potatoes with honey and cinnamon are sweet and cozy,7800
223728,31576,1341568060,MT,Water polo arenas are chaotic,7801
114982,24514,1341568120,MT,Blockchain social media empowers users,7802
24676,58264,1341568180,MT,Candidate image affects popularity,7803
23648,1984,1341568240,RT,AI in virtual reality simulates worlds,7804
1546,35434,1341568300,RE,Video games become films,7805
1959,26,1341568360,RE,Aluminum,7806
2237,11003,1341568420,RE,Camping connects nature,7807
14201,3994,1341568480,RE,Noise reduction clears sound,7808
15788,62045,1341568540,RT,Mergers history,7809
124340,54135,1341568600,MT,Shrimp fried rice with vegetables and soy sauce is quick and delicious,7810
275600,249,1341568660,RT,Speed skating arenas are fast,7811
35713,100127,1341568720,MT,Crypto analytics reveal insights,7812
138464,2194,1341568780,MT,Policy positions define platforms,7813
7271,93066,1341568840,RE,AI in human-computer interaction improves usability,7814
151207,57257,1341568900,MT,Fan films celebrate passion,7815
116191,816,1341568960,MT,Steel,7816
62619,44456,1341569020,MT,Glamping combines comfort,7817
27864,3603,1341569080,RE,Spatial audio immerses,7818
81,111624,1341569140,MT,Galactic archaeology,7819
101238,17640,1341569200,RE,Vegetable lasagna with ricotta and mozzarella is cheesy and satisfying,7820
37510,6607,1341569260,RE,Kickboxing gyms are tough,7821
4509,59343,1341569320,RE,On-chain data tracks behavior,7822
195048,15489,1341569380,MT,Legislative priorities guide action,7823
44135,42112,1341569440,MT,AI in robotics perception senses environment,7824
288958,26753,1341569500,MT,Short films condense storytelling,7825
20295,237343,1341569560,RE,Chassis,7826
4059,85586,1341569620,MT,Homestays enrich,7827
11152,63143,1341569680,RE,Dolby Vision supports,7828
6080,124398,1341569740,MT,Age,7829
98728,361415,1341569800,RE,Baked salmon with garlic and herbs and lemon is flavorful perfection,7830
20073,41179,1341569860,MT,CrossFit gyms are intense,7831
13881,37443,1341569920,RE,Wallet activity shows adoption,7832
70786,12965,1341569980,RT,Executive agendas set focus,7833
27436,13278,1341570040,RT,AI in AI planning optimizes actions,7834
17004,1431,1341570100,RT,Feature films immerse fully,7835
2795,64313,1341570160,RT,Frame,7836
11365,50297,1341570220,MT,Travel communities support,7837
66778,39673,1341570280,RT,ProRAW captures,7838
186184,14070,1341570340,RT,Timeline,7839
10853,196228,1341570400,RE,Chicken tikka wrap with chutney is spicy and tasty,7840
52122,10264,1341570460,MT,Obstacle race courses are rigorous,7841
55539,6948,1341570520,RT,Gas optimization saves fees,7842
32424,195232,1341570580,RT,Government initiatives address needs,7843
10159,89495,1341570640,RE,AI in multi-agent systems coordinates agents,7844
51731,4599,1341570700,MT,Mini-series explore depth,7845
153964,40285,1341570760,RT,Aerodynamics,7846
104053,4561,1341570820,RT,Local guides assist,7847
224711,271558,1341570880,RT,Smart HDR optimizes,7848
137246,89805,1341570940,RT,Future predictions,7849
3289,50742,1341571000,MT,Beef and vegetable stir fry with rice and soy sauce is hearty and filling,7850
14551,189336,1341571060,RE,Mountain biking paths are rugged,7851
77279,2668,1341571120,MT,Token approvals grant access,7852
891,16715,1341571180,MT,Policy implementation ensures delivery,7853
12687,180857,1341571240,MT,AI in reinforcement learning trains policies,7854
16143,5628,1341571300,RT,Streaming series reach audiences,7855
280,2907,1341571360,MT,Wind tunnels,7856
14431,299898,1341571420,MT,Cultural exchange educates,7857
56304,5307,1341571480,RT,AI photography enhances,7858
77583,52882,1341571540,RE,Galaxy collision,7859
35372,8786,1341571600,RT,Chocolate mousse with whipped cream and berries is rich indulgence,7860
38164,282758,1341571660,RE,Trail running tracks are scenic,7861
7414,2922,1341571720,RT,Crypto scams require caution,7862
2194,86066,1341571780,MT,Administrative oversight monitors compliance,7863
53733,35527,1341571840,RE,AI in imitation learning mimics behavior,7864
9881,6945,1341571900,RT,Box office hits dominate,7865
59177,282515,1341571960,RE,CFD,7866
30241,30185,1341572020,MT,Language immersion improves,7867
20373,55521,1341572080,RT,Deep Fusion processes,7868
322484,90145,1341572140,RE,Elliptical remnant,7869
9850,38040,1341572200,RE,Vegetable soup with noodles and herbs is comforting and healthy,7870
69611,42034,1341572260,RT,Freestyle skiing slopes are challenging,7871
37505,80706,1341572320,RT,Rug pulls are dangerous,7872
61271,37803,1341572380,RT,Bureaucratic efficiency improves services,7873
26807,269824,1341572440,RT,AI in transfer learning adapts knowledge,7874
34226,89515,1341572500,RT,Independent films shine,7875
234284,61515,1341572560,RT,Interior,7876
50297,98931,1341572620,MT,Music and dance inspire,7877
259849,94713,1341572680,RE,Image signal processor enhances,7878
19844,12462,1341572740,MT,Starburst,7879
88355,166548,1341572800,RE,Grilled chicken with lemon and herbs and garlic is simple and tasty,7880
86184,128932,1341572860,MT,Yoga studios are serene,7881
26687,19887,1341572920,MT,Phishing attacks steal assets,7882
206628,22734,1341572980,RT,Regulatory frameworks enforce standards,7883
689,2165,1341573040,MT,AI in self-supervised learning reduces labels,7884
32445,92608,1341573100,RT,Foreign films broaden perspective,7885
59529,89802,1341573160,MT,Seats,7886
11139,6525,1341573220,MT,Art galleries display,7887
4639,37221,1341573280,RE,Display brightness high,7888
144933,21386,1341573340,MT,Gas dynamics,7889
136594,4259,1341573400,RT,Apple pie with caramel drizzle and whipped cream is sweet indulgence,7890
101837,44264,1341573460,MT,Pilates gyms are focused,7891
27982,44133,1341573520,MT,Crypto insurance mitigates risk,7892
73077,3360,1341573580,RT,Judicial review interprets legality,7893
102394,176488,1341573640,MT,AI in anomaly detection finds outliers,7894
120553,94869,1341573700,RE,Subtitles enable understanding,7895
503,24932,1341573760,MT,Controls,7896
235593,13892,1341573820,RT,Theaters entertain,7897
10225,75798,1341573880,RE,True Tone adjusts,7898
49007,279316,1341573940,RE,Disk structure,7899
119425,38040,1341574000,RE,Pumpkin bread with cream cheese frosting and nuts is autumnal delight,7900
75797,965,1341574060,RE,Parkour urban tracks are daring,7901
18827,9951,1341574120,MT,Layer 2 rollups reduce congestion,7902
267269,640,1341574180,MT,Court rulings shape policy,7903
16801,81674,1341574240,MT,AI in time series predicts sequences,7904
677,41792,1341574300,MT,Dubbing localizes content,7905
13912,92774,1341574360,RE,Visibility,7906
53331,73979,1341574420,MT,Libraries enlighten,7907
358538,32207,1341574480,MT,ProMotion 120Hz refresh,7908
279316,18901,1341574540,RT,Stellar streams,7909
206753,68307,1341574600,RE,Shrimp scampi with linguine and garlic butter is buttery perfection,7910
33302,77432,1341574660,RE,Beach volleyball courts are sunny,7911
8005,18561,1341574720,RE,Sharding scales networks,7912
243397,28493,1341574780,MT,Legal challenges test authority,7913
48977,48780,1341574840,RT,AI in recommendation systems personalizes content,7914
66977,22512,1341574900,RE,Film festivals celebrate artistry,7915
309612,37001,1341574960,MT,Mirrors,7916
20117,128855,1341575020,MT,Historical archives preserve,7917
12466,4380,1341575080,MT,Color accuracy precise,7918
8757,12595,1341575140,RE,Tidal debris,7919
199020,53449,1341575200,RE,Vegetable quiche with cheddar and spinach is savory breakfast,7920
7404,133011,1341575260,RE,Marathon streets are filled,7921
11611,19944,1341575320,MT,Lightning network speeds Bitcoin,7922
8209,74421,1341575380,RE,Constitutional interpretation guides governance,7923
9101,187458,1341575440,MT,AI in knowledge graphs structures data,7924
120553,1988,1341575500,RT,Awards recognize excellence,7925
22804,12266,1341575560,RT,Sensors,7926
62619,26900,1341575620,RT,Monuments commemorate,7927
36982,325,1341575680,MT,OLED displays vibrant,7928
31444,3972,1341575740,RE,Satellites,7929
38040,1037,1341575800,RT,Baked chicken with rosemary thyme and garlic is golden perfection,7930
6897,63741,1341575860,RT,Sprint lanes are short,7931
127975,18231,1341575920,MT,Sidechains expand functionality,7932
176243,124459,1341575980,MT,Civil liberties protect rights,7933
16801,27037,1341576040,RT,AI in sentiment analysis gauges opinions,7934
253928,13239,1341576100,RE,Oscars honor achievement,7935
57958,5123,1341576160,RE,Cameras,7936
18313,32438,1341576220,RT,Plaques educate,7937
5253,22740,1341576280,RT,Super Retina XDR,7938
281193,33569,1341576340,RT,Magellanic Clouds,7939
12483,65008,1341576400,MT,Chocolate chip cookies with walnuts and sea salt are classic treats,7940
22450,66750,1341576460,MT,Relay tracks are coordinated,7941
30400,82858,1341576520,RT,Crypto DAOs govern collectively,7942
73505,20012,1341576580,RE,Human rights safeguard freedoms,7943
39183,29296,1341576640,RT,AI in computer vision identifies objects,7944
191083,191790,1341576700,RT,Golden Globes highlight talent,7945
30513,75640,1341576760,RT,Radar,7946
42,70080,1341576820,MT,Signage informs,7947
39673,1795,1341576880,RT,Screen refreshes fast,7948
131538,26078,1341576940,MT,Sagittarius dwarf,7949
194092,148272,1341577000,RE,Roasted carrots with thyme honey and garlic are sweet and savory,7950
30525,3300,1341577060,RE,Judo dojos are disciplined,7951
2673,54222,1341577120,MT,Crypto voting is decentralized,7952
7057,29978,1341577180,MT,Social justice promotes equality,7953
18104,297144,1341577240,RE,AI in NLP summarizes texts,7954
36079,114837,1341577300,RT,Cannes celebrates international cinema,7955
94918,32972,1341577360,MT,Lidar,7956
1416,204768,1341577420,RE,Tourist offices help,7957
8208,20533,1341577480,RT,Touch response quick,7958
106574,46527,1341577540,RE,Neighborhood,7959
76667,50408,1341577600,MT,Chicken parmesan with spaghetti and marinara is cheesy delight,7960
3027,2874,1341577660,RT,Karate dojos are focused,7961
59427,4123,1341577720,MT,Token issuance funds projects,7962
114461,165066,1341577780,RT,Economic policy influences growth,7963
66278,58739,1341577840,MT,AI in question answering responds,7964
143185,19650,1341577900,MT,Sundance supports indie filmmakers,7965
121551,2795,1341577960,MT,Ultrasonics,7966
3424,4076,1341578020,RT,Souvenir shops offer memories,7967
3214,16344,1341578080,RE,Haptic feedback tactile,7968
13501,3024,1341578140,RT,Local group,7969
3479,425025,1341578200,RT,Beef lasagna with ricotta mozzarella and marinara is hearty comforting,7970
166765,26004,1341578260,RE,Taekwondo dojos are agile,7971
137321,198081,1341578320,MT,Crypto fundraising is innovative,7972
2915,15261,1341578380,RT,Fiscal decisions affect budgets,7973
126181,176110,1341578440,MT,AI in speech synthesis generates voices,7974
86845,4830,1341578500,MT,Critics influence perception,7975
19253,108150,1341578560,RE,Braking,7976
68446,9816,1341578620,RT,Markets sell crafts,7977
1548,492,1341578680,RE,Gesture navigation smooth,7978
197478,51886,1341578740,RE,Mass,7979
94,95017,1341578800,MT,Vegetable stir fry with tofu soy sauce and ginger is healthy flavorful,7980
105416,37271,1341578860,RT,Kickball fields are nostalgic,7981
27705,53831,1341578920,MT,Initial Coin Offerings launch tokens,7982
15261,67299,1341578980,RE,Monetary policy manages currency,7983
35950,42936,1341579040,MT,AI in text-to-speech converts words,7984
129456,64541,1341579100,MT,Reviews guide viewers,7985
21979,108272,1341579160,RE,Collision warning,7986
154350,53575,1341579220,RE,Street vendors provide snacks,7987
31917,4309,1341579280,RE,Home indicator intuitive,7988
80247,125337,1341579340,RT,Luminosity,7989
112746,45322,1341579400,RE,Shrimp tacos with avocado salsa lime crema are fresh vibrant,7990
134560,107231,1341579460,MT,Softball fields are cheerful,7991
91115,396,1341579520,RE,Security audits protect protocols,7992
133133,96783,1341579580,RE,Trade policy regulates commerce,7993
11521,38224,1341579640,MT,AI in image recognition classifies pictures,7994
292109,228,1341579700,RT,Audience reactions matter,7995
21996,12324,1341579760,RE,Adaptive lighting,7996
1276,147252,1341579820,RT,Festivals energize,7997
157724,2266,1341579880,MT,Side button presses,7998
38672,89010,1341579940,RE,Size,7999
199020,170103,1341580000,RE,Baked ziti with mozzarella marinara and basil is cheesy goodness,8000
169754,265784,1341580060,RE,Ping pong tables are fast,8001
304715,117882,1341580120,RE,Crypto whitepapers outline vision,8002
582,2160,1341580180,RE,Foreign policy guides relations,8003
33488,129929,1341580240,RE,AI in object detection locates items,8004
220,48982,1341580300,RE,Social media spreads buzz,8005
13074,5281,1341580360,RT,HUD,8006
60695,30179,1341580420,RT,Events entertain,8007
233404,3547,1341580480,RE,Volume buttons adjust,8008
85314,30790,1341580540,RT,Diameter,8009
26611,56423,1341580600,MT,Spinach mushroom stuffed chicken breast with cheese is savory delicious,8010
959,25312,1341580660,RT,Dodgeball gyms are lively,8011
50233,173407,1341580720,RT,Community engagement drives growth,8012
6703,9191,1341580780,RE,Defense policy ensures security,8013
56756,6039,1341580840,RT,AI in image segmentation separates regions,8014
39029,50276,1341580900,RE,Film blogs share insight,8015
37162,9910,1341580960,MT,Dashboards,8016
58051,16452,1341581020,RT,Workshops teach,8017
185437,23159,1341581080,MT,Silent switch toggles,8018
815,50927,1341581140,MT,Thickness,8019
92575,6969,1341581200,MT,Chocolate brownie sundae with chocolate sauce is rich indulgence,8020
7599,46819,1341581260,RT,Table football arenas are quick,8021
6672,99038,1341581320,RT,Token distribution impacts fairness,8022
12469,67950,1341581380,MT,Environmental policy protects resources,8023
998,80864,1341581440,RT,AI in pose estimation tracks movement,8024
3115,179483,1341581500,MT,Podcasts discuss cinema,8025
32972,7214,1341581560,MT,Infotainment,8026
14650,361661,1341581620,RT,Classes skill,8027
85795,75798,1341581680,RE,Power button activates,8028
36417,24599,1341581740,RT,Warp,8029
40305,23633,1341581800,MT,Vegetable pizza peppers onions and olives is colorful joy,8030
177272,95124,1341581860,RE,Rowing lanes are smooth,8031
309611,806,1341581920,RT,Crypto partnerships expand reach,8032
37964,3604,1341581980,RT,Health policy safeguards public,8033
44863,59702,1341582040,RE,AI in facial recognition identifies individuals,8034
19150,88695,1341582100,MT,Interviews reveal process,8035
75640,121414,1341582160,MT,Apps,8036
62904,5980,1341582220,MT,Local encounters inspire,8037
90227,62358,1341582280,MT,Lightning connector charges,8038
12440,50290,1341582340,RT,Flare,8039
272131,107918,1341582400,RE,Roasted salmon dill lemon garlic is aromatic perfection,8040
959,50275,1341582460,RE,Speed climbing walls are vertical,8041
217264,69597,1341582520,MT,Exchange listings boost liquidity,8042
17155,7269,1341582580,RT,Education policy shapes future,8043
67792,24272,1341582640,RE,AI in autonomous driving navigates roads,8044
16216,36681,1341582700,RT,Behind-the-scenes show craft,8045
6406,2941,1341582760,RE,Voice control,8046
251706,141853,1341582820,RT,People share stories,8047
106299,20367,1341582880,RE,MagSafe aligns,8048
47759,233226,1341582940,RT,Coordinates,8049
21537,136594,1341583000,RT,Chicken pad thai peanuts lime is sweet savory,8050
12751,73556,1341583060,MT,Powerlifting platforms are heavy,8051
9363,126242,1341583120,RE,Market sentiment guides strategy,8052
280909,891,1341583180,RE,Infrastructure policy builds foundations,8053
48073,58210,1341583240,RE,AI in drones optimizes flight paths,8054
40797,106226,1341583300,MT,Documentaries on filmmaking educate,8055
43677,105460,1341583360,RT,Gesture control,8056
24224,181190,1341583420,RT,Friendships form,8057
14604,27864,1341583480,MT,MagSafe accessories attach,8058
12922,12440,1341583540,RE,Galactic plane,8059
28261,92250,1341583600,MT,Apple cinnamon pancakes syrup is cozy morning treats,8060
3372,36304,1341583660,MT,Trail biking parks are thrilling,8061
35713,37505,1341583720,RE,Blockchain interoperability connects networks,8062
40274,577,1341583780,RT,Technology policy fosters innovation,8063
69883,34262,1341583840,RE,AI in robotics automates tasks,8064
37582,24238,1341583900,MT,Movie trivia entertains fans,8065
114163,36558,1341583960,RT,Software updates,8066
23587,23979,1341584020,RE,Memories last,8067
4349,65003,1341584080,RE,Wireless charging supports,8068
30228,50265,1341584140,MT,Latitude,8069
184761,138412,1341584200,MT,Baked chicken wings barbecue sauce sticky delicious,8070
101151,8385,1341584260,RE,Obstacle racing courses are intense,8071
55466,3164,1341584320,MT,Decentralized identity empowers users,8072
248,86066,1341584380,RT,Energy policy secures supply,8073
35950,176488,1341584440,MT,AI in supply chain predicts logistics,8074
12183,85599,1341584500,RE,Easter eggs delight viewers,8075
63304,62168,1341584560,RE,Cybersecurity,8076
147252,31337,1341584620,MT,Experiences shape,8077
89814,7383,1341584680,MT,Qi compatible,8078
62045,57688,1341584740,MT,Longitude,8079
195528,59159,1341584800,RT,Vegetable curry coconut milk creamy flavorful,8080
8425,88951,1341584860,RT,Skydiving skies are vast,8081
54214,29906,1341584920,RT,Privacy coins protect transactions,8082
101718,70340,1341584980,RE,Transportation policy enables mobility,8083
65377,154581,1341585040,RE,AI in finance automates trading,8084
3693,35434,1341585100,RT,Cameos surprise audiences,8085
120571,151460,1341585160,MT,Privacy,8086
36436,5041,1341585220,RT,Photography captures,8087
126028,20367,1341585280,RE,Fast charging enables,8088
14805,322,1341585340,RT,Observation,8089
50742,206753,1341585400,RE,Chocolate fudge cake ganache indulgent dessert,8090
8498,210229,1341585460,RT,BMX parks are daring,8091
263930,34797,1341585520,RE,Confidential transactions hide data,8092
1253,18450,1341585580,RT,Housing policy addresses needs,8093
127681,272,1341585640,MT,AI in marketing personalizes campaigns,8094
22555,220468,1341585700,RE,Directorial style defines film,8095
10745,175211,1341585760,RT,Driver monitoring,8096
154350,7451,1341585820,MT,Videography preserves,8097
75798,14604,1341585880,RT,Battery swaps rare,8098
71311,16174,1341585940,RE,Extinction,8099
6969,3125,1341586000,RT,Lemon garlic roasted shrimp zesty savory,8100
2696,98762,1341586060,RE,Triathlon courses are tough,8101
50267,44133,1341586120,RT,Zero-knowledge proofs ensure privacy,8102
101718,451156,1341586180,RE,Welfare policy supports communities,8103
223200,11103,1341586240,RT,AI in healthcare assists doctors,8104
7694,1988,1341586300,RT,Auteur theory emphasizes vision,8105
378,9162,1341586360,RT,Attention assist,8106
10257,2839,1341586420,MT,Writing journals documents,8107
55955,106089,1341586480,MT,Water resistance certified,8108
58961,11854,1341586540,MT,Infrared,8109
226725,58159,1341586600,RT,Spinach ricotta stuffed shells marinara cheesy delight,8110
43914,104785,1341586660,RE,Ironman challenges are extreme,8111
43549,9704,1341586720,RE,Crypto bridges enable cross-chain movement,8112
93269,11901,1341586780,MT,Labor policy protects workers,8113
16618,16204,1341586840,RT,AI in education adapts learning,8114
9016,4599,1341586900,MT,Collaborative filmmaking succeeds,8115
50230,30218,1341586960,RE,Lane keeping,8116
106282,1276,1341587020,MT,Sketching depicts,8117
143674,63790,1341587080,MT,Dust resistance sealed,8118
287085,62428,1341587140,RE,Radio,8119
76,44,1341587200,MT,Beef broccoli garlic sauce hearty satisfying,8120
31234,9091,1341587260,RE,"Football is more than a game, it is a lifestyle",8121
35304,9951,1341587320,MT,Multi-sig wallets increase security,8122
4199,147421,1341587380,MT,Immigration policy regulates movement,8123
9475,207711,1341587440,MT,AI in games enhances experiences,8124
28452,31836,1341587500,RE,Production teams work together,8125
32972,70380,1341587560,MT,Traffic signs,8126
132650,58736,1341587620,RE,Painting inspires,8127
34796,278585,1341587680,MT,Durability improved,8128
120347,46985,1341587740,MT,X-ray,8129
64999,901,1341587800,RT,Chocolate chip banana muffins soft sweet,8130
25312,11597,1341587860,MT,Basketball courts are where legends are made,8131
91115,10815,1341587920,MT,Hardware wallets protect keys,8132
69891,60525,1341587980,MT,Tax policy funds government,8133
65380,17045,1341588040,RE,AI in cybersecurity detects threats,8134
247514,107937,1341588100,MT,Producers manage logistics,8135
51,350,1341588160,MT,Adaptive cruise,8136
18893,144615,1341588220,MT,Blogging shares,8137
1843,82988,1341588280,RE,Ceramic shield protects,8138
17175,9797,1341588340,RE,Gamma-ray,8139
195807,2143,1341588400,RE,Roasted sweet potatoes rosemary earthy flavorful,8140
7423,2517,1341588460,RT,Soccer brings the world together,8141
91016,3227,1341588520,MT,Software wallets offer convenience,8142
42380,206628,1341588580,RE,Political negotiations resolve disputes,8143
47685,301250,1341588640,RT,AI in privacy preserves data,8144
16216,101261,1341588700,MT,Screenwriters craft dialogue,8145
30218,1542,1341588760,MT,Blind spot,8146
2554,29081,1341588820,RE,Vlogging entertains,8147
208867,180734,1341588880,RE,Glass back supports,8148
215057,12462,1341588940,RT,Optical,8149
33355,3479,1341589000,RT,Chicken enchiladas cheese salsa cheesy spicy,8150
26927,173124,1341589060,MT,Running clears the mind and strengthens the body,8151
227066,114312,1341589120,RE,Cold wallets are offline,8152
6408,100067,1341589180,RE,Compromise enables progress,8153
236994,553,1341589240,MT,AI in cloud computing scales resources,8154
1988,3134,1341589300,RE,Actors interpret scripts,8155
89016,1542,1341589360,MT,Parking assist,8156
7284,21704,1341589420,RT,Podcasting informs,8157
10225,86496,1341589480,RT,Aluminum frame strong,8158
89003,343151,1341589540,RE,Space telescopes,8159
43347,2175,1341589600,RE,Vegetable fried rice eggs simple tasty,8160
210229,456,1341589660,RE,Tennis is a battle of strategy and speed,8161
31231,4368,1341589720,RT,Hot wallets are online,8162
22734,2350,1341589780,RT,Consensus builds agreement,8163
412404,4336,1341589840,MT,AI in edge computing processes locally,8164
135875,50816,1341589900,MT,Directors guide performances,8165
2045,2795,1341589960,RT,Cross-traffic alert,8166
299898,3020,1341590020,RT,Travel podcasts educate,8167
358393,13797,1341590080,RE,Stainless steel premium,8168
54856,5160,1341590140,RT,Hubble,8169
150846,166548,1341590200,RT,Shrimp vegetable stir fry soy sauce quick healthy,8170
9017,66730,1341590260,MT,Swimming is freedom in motion,8171
67032,12389,1341590320,RT,Crypto airdrops reward participation,8172
54258,5113,1341590380,RE,Coalition building strengthens governance,8173
22634,173141,1341590440,MT,AI in IoT connects smart devices,8174
773,5006,1341590500,RE,Cinematographers capture visuals,8175
8517,19153,1341590560,RT,Emergency steering,8176
22408,407912,1341590620,RT,Online communities advise,8177
114428,13640,1341590680,MT,Aerospace grade materials,8178
73319,16527,1341590740,RE,Gaia,8179
229438,180135,1341590800,RE,Baked cod lemon herbs light flavorful,8180
14877,31031,1341590860,RT,Baseball is America’s pastime,8181
9218,12311,1341590920,MT,Token swaps enable liquidity,8182
51762,106758,1341590980,RE,Diplomatic engagement fosters understanding,8183
77656,98637,1341591040,RE,AI in social media moderates content,8184
154365,97524,1341591100,RT,Editors assemble sequences,8185
88209,43722,1341591160,RE,Night vision,8186
38133,237922,1341591220,RE,Social media posts inspire,8187
2670,110897,1341591280,RE,Antenna bands blend,8188
35352,26674,1341591340,RE,Parallax,8189
201659,43276,1341591400,RT,Spinach salad strawberries almonds fresh sweet,8190
27145,80861,1341591460,MT,Cycling is the journey and the destination,8191
300860,43554,1341591520,MT,Smart contract audits prevent exploits,8192
14926,277615,1341591580,MT,International relations maintain peace,8193
18098,43539,1341591640,RT,AI in customer service responds quickly,8194
13879,64541,1341591700,RE,Sound engineers design audio,8195
143992,142148,1341591760,MT,TPMS,8196
204654,24227,1341591820,RT,Digital nomads explore,8197
28115,39977,1341591880,MT,Dual SIM supports,8198
20624,410219,1341591940,RT,Proper motion,8199
41041,167376,1341592000,RT,Chocolate tart raspberry coulis rich tangy,8200
91359,34798,1341592060,RT,Golf requires patience and precision,8201
77548,23422,1341592120,MT,DeFi aggregators maximize yield,8202
123517,280909,1341592180,RE,Global cooperation addresses challenges,8203
6166,269219,1341592240,MT,AI in virtual assistants aids users,8204
4493,6669,1341592300,RE,Composers write scores,8205
7117,152768,1341592360,RT,Fuel efficiency,8206
28913,17676,1341592420,RT,Remote work enables travel,8207
110897,10365,1341592480,RE,eSIM modern,8208
74247,22472,1341592540,RE,Radial velocity,8209
93688,50361,1341592600,RT,Vegetable pot pie puff pastry cozy savory,8210
223728,96622,1341592660,RE,Boxing tests the limits of endurance and will,8211
126458,35375,1341592720,RE,Yield strategies compound rewards,8212
330895,70340,1341592780,RT,Multilateral agreements coordinate action,8213
72174,68206,1341592840,MT,AI in chatbots interacts naturally,8214
2634,13879,1341592900,MT,Visual effects teams enhance scenes,8215
128768,1002,1341592960,RT,Driving modes,8216
62439,27872,1341593020,MT,Workation combines work and leisure,8217
32207,10901,1341593080,MT,Nano SIM traditional,8218
83356,35604,1341593140,MT,3D mapping,8219
195528,296637,1341593200,RE,Chicken dumplings vegetables hearty comfort,8220
160725,6660,1341593260,MT,Volleyball is teamwork and timing,8221
67501,60995,1341593320,MT,Liquidity provision earns fees,8222
15261,111780,1341593380,RE,Policy frameworks guide implementation,8223
5137,48780,1341593440,RE,AI in translation bridges languages,8224
21198,12606,1341593500,MT,Costume departments design attire,8225
75362,59905,1341593560,RT,Engine start-stop,8226
244581,294416,1341593620,RT,Slow travel immerses,8227
17902,451236,1341593680,MT,Storage options vary,8228
69648,10650,1341593740,RT,Structure,8229
12344,92575,1341593800,RE,Apple crisp cinnamon nuts sweet cozy,8230
52469,189839,1341593860,MT,Hockey is fast and unforgiving,8231
8839,14609,1341593920,MT,Synthetic assets mimic real value,8232
65141,327714,1341593980,MT,Strategic planning directs initiatives,8233
132649,5137,1341594040,MT,AI in recommendation engines suggests products,8234
7501,239782,1341594100,MT,Set decorators create environments,8235
309612,11677,1341594160,RE,Regenerative braking,8236
329,242935,1341594220,RE,Fast travel covers more,8237
1250,6549,1341594280,RT,64GB entry,8238
92,50964,1341594340,MT,Disk,8239
18506,196658,1341594400,RE,Shrimp gumbo rice spicy southern goodness,8240
30039,30323,1341594460,RE,Track and field push the human body to extremes,8241
55951,60995,1341594520,MT,Stablecoin pegs maintain stability,8242
12058,61271,1341594580,RE,Risk assessment informs decisions,8243
17507,44183,1341594640,MT,AI in predictive maintenance prevents failures,8244
21749,117319,1341594700,RE,Makeup artists transform,8245
8282,85592,1341594760,MT,Energy management,8246
54021,11710,1341594820,RE,Weekend trips refresh,8247
156686,12013,1341594880,RE,128GB standard,8248
222578,212194,1341594940,MT,Bulge,8249
2320,226725,1341595000,MT,Baked macaroni cheese breadcrumbs cheesy heaven,8250
204728,173993,1341595060,RT,Gymnastics combines grace with strength,8251
114312,12005,1341595120,RE,Algorithmic stablecoins adjust supply,8252
79423,164123,1341595180,RT,Impact evaluation measures outcomes,8253
44863,112683,1341595240,RE,AI in forecasting anticipates demand,8254
37451,118274,1341595300,MT,Stunt coordinators ensure safety,8255
8282,34181,1341595360,RE,Charging apps,8256
39928,23569,1341595420,RE,Day trips explore nearby,8257
30463,109652,1341595480,RE,256GB spacious,8258
14469,166106,1341595540,RE,Halo,8259
117539,76667,1341595600,RE,Lemon pound cake glaze sweet moist,8260
317497,20096,1341595660,RT,Martial arts teach discipline and focus,8261
5071,16681,1341595720,RT,Crypto derivatives hedge exposure,8262
7698,130884,1341595780,RE,Performance metrics track success,8263
44135,229,1341595840,RE,AI in simulation tests scenarios,8264
31975,22555,1341595900,MT,Casting directors select talent,8265
72280,265187,1341595960,MT,Range estimators,8266
29054,103451,1341596020,RE,Excursions entertain,8267
165058,47220,1341596080,RT,512GB ample,8268
334930,4642,1341596140,RT,Spiral arms,8269
5005,199877,1341596200,MT,Roasted cauliflower Parmesan crisp savory,8270
31240,19913,1341596260,MT,Skiing is gliding over winter’s canvas,8271
182906,50733,1341596320,MT,Futures contracts lock prices,8272
10894,144026,1341596380,MT,Stakeholder engagement ensures inclusivity,8273
12012,1478,1341596440,MT,AI in robotics optimizes control,8274
4830,90243,1341596500,MT,Location scouts find settings,8275
84112,101806,1341596560,MT,Trip planners,8276
32977,18313,1341596620,RE,Guided hikes inform,8277
21872,16460,1341596680,RT,1TB massive,8278
6534,132182,1341596740,RE,Bar,8279
46839,2157,1341596800,RT,Beef tacos salsa guacamole fiesta perfection,8280
48070,81405,1341596860,MT,Snowboarding is freedom on a slope,8281
979,1961,1341596920,MT,Options contracts offer choices,8282
13122,114461,1341596980,RE,Public consultation gathers input,8283
301250,20194,1341597040,MT,AI in healthcare monitors vitals,8284
32414,97524,1341597100,MT,Lighting technicians shape mood,8285
187200,14729,1341597160,MT,Navigation traffic,8286
44652,42,1341597220,RE,Adventure tours thrill,8287
56453,39673,1341597280,MT,Pricing varies,8288
17871,46527,1341597340,RT,Warp,8289
21537,27682,1341597400,RE,Vegetable pizza mozzarella basil colorful cheesy,8290
69417,7599,1341597460,RE,Surfing is reading the waves,8291
300860,49685,1341597520,RE,Perpetual swaps are continuous,8292
31084,74421,1341597580,RT,Community forums facilitate dialogue,8293
47666,1553,1341597640,RE,AI in finance detects fraud,8294
358,2572,1341597700,RE,Grip and gaffing support crew,8295
2765,238311,1341597760,RE,Maintenance alerts,8296
50947,42,1341597820,RE,Wildlife tours excite,8297
125593,278811,1341597880,RE,Value retained,8298
17332,303217,1341597940,MT,Flare,8299
15499,138412,1341598000,RT,Chicken quesadilla sour cream cheesy tasty,8300
403,160725,1341598060,RT,Skateboarding is art in motion,8301
60035,33105,1341598120,RE,Leverage amplifies risk,8302
61873,15794,1341598180,RT,Transparency initiatives build trust,8303
98637,219373,1341598240,RT,AI in marketing targets ads,8304
65097,5464,1341598300,RE,Film production involves coordination,8305
14124,24751,1341598360,RT,Diagnostics,8306
14588,172599,1341598420,MT,Birdwatching observes,8307
143674,2266,1341598480,RE,Resale market strong,8308
32195,51702,1341598540,RT,Streams,8309
91500,7401,1341598600,RT,Chocolate truffle cake whipped cream rich indulgent,8310
29477,69643,1341598660,MT,Climbing challenges body and mind,8311
11711,13076,1341598720,MT,Margin calls protect exchanges,8312
190358,14146,1341598780,RE,Open government promotes accountability,8313
17045,6679,1341598840,RT,AI in autonomous vehicles drives safely,8314
161,54488,1341598900,RE,Pre-production plans shoots,8315
443349,10269,1341598960,RT,Service reminders,8316
172599,147252,1341599020,MT,Safari guides explain,8317
358393,23395,1341599080,RT,Trade-in available,8318
22472,52882,1341599140,RT,Tidal remnants,8319
78800,10789,1341599200,MT,Baked chicken thighs garlic herbs golden flavorful,8320
54892,165916,1341599260,MT,Rowing is rhythm and power,8321
67774,919,1341599320,RT,Short selling bets against markets,8322
36114,38817,1341599380,MT,Ethics commissions enforce standards,8323
8956,3795,1341599440,MT,AI in drones manages deliveries,8324
2356,288958,1341599500,RE,Production captures footage,8325
314518,55965,1341599560,RE,Parts replacement,8326
64864,33713,1341599620,RE,Camping connects,8327
325,261343,1341599680,RT,Carrier locked optional,8328
52882,14355,1341599740,RE,Dynamics,8329
523,505,1341599800,MT,Pumpkin spice bread cream cheese frosting autumnal treat,8330
20050,36875,1341599860,RT,Wrestling is strength and technique,8331
33461,2244,1341599920,RE,Long positions profit from growth,8332
20421,8989,1341599980,MT,Anti-corruption measures protect integrity,8333
240450,201103,1341600040,RE,AI in computer vision interprets scenes,8334
81706,62965,1341600100,MT,Post-production finalizes work,8335
1322,93159,1341600160,MT,Fluid levels,8336
132650,50947,1341600220,MT,Backpacking challenges,8337
35729,4309,1341600280,RE,Unlocked versions,8338
510,106925,1341600340,RT,Rotation curve,8339
375668,435809,1341600400,MT,Vegetable stir fry tofu ginger healthy aromatic,8340
8606,10194,1341600460,RT,Badminton is speed and agility,8341
303205,59162,1341600520,RT,Crypto lending platforms offer interest,8342
2193,18309,1341600580,RT,Political reforms improve governance,8343
48502,8889,1341600640,RE,AI in NLP understands text,8344
297,6017,1341600700,RT,Distribution delivers films,8345
30652,2795,1341600760,RT,Tire rotation,8346
74375,35597,1341600820,MT,Luxury cruises relax,8347
1138,85960,1341600880,RE,Network 5G,8348
115543,198177,1341600940,RE,Dark matter,8349
29417,822,1341601000,MT,Shrimp tacos lime crema cabbage fresh tasty,8350
64911,3372,1341601060,RT,Table tennis is quick reflexes and strategy,8351
10710,198081,1341601120,RT,Borrowing requires collateral,8352
137166,9323,1341601180,RE,Electoral reform enhances representation,8353
62110,2992,1341601240,RT,AI in speech recognition transcribes audio,8354
17989,17936,1341601300,MT,Marketing promotes releases,8355
13074,50770,1341601360,MT,Brake inspection,8356
3393,72217,1341601420,RE,River cruises explore,8357
10901,451236,1341601480,RE,LTE supported,8358
207170,14064,1341601540,MT,Orbits,8359
9021,76414,1341601600,RT,Baked ziti sausage mozzarella hearty comfort,8360
66730,463,1341601660,MT,Archery is patience and precision,8361
93181,252993,1341601720,MT,Flash loans execute instant trades,8362
181626,18284,1341601780,RT,Judicial reform strengthens justice,8363
15295,27037,1341601840,MT,AI in GANs generates realistic images,8364
204755,22236,1341601900,RT,Box office revenue measures success,8365
243650,285185,1341601960,MT,Battery,8366
112673,34312,1341602020,MT,Ocean cruises sail,8367
46273,8381,1341602080,RE,Wi-Fi 6,8368
3972,131571,1341602140,MT,Gravitational effects,8369
65552,136629,1341602200,MT,Spinach mushroom omelette cheese breakfast joy,8370
52469,128779,1341602260,MT,Fencing is duel and strategy,8371
17527,28476,1341602320,RE,Decentralized exchanges are permissionless,8372
182825,8016,1341602380,MT,Administrative reform increases efficiency,8373
60512,9352,1341602440,MT,AI in LLMs understands language,8374
81150,7,1341602500,RT,Streaming platforms expand access,8375
406640,95986,1341602560,RT,Coolant,8376
162209,468,1341602620,MT,Island hopping discovers,8377
134095,133572,1341602680,RT,Bluetooth connects,8378
70993,12463,1341602740,RE,Mass distribution,8379
34801,39351,1341602800,MT,Chocolate lava cake vanilla ice cream decadent indulgence,8380
249802,64484,1341602860,MT,Weightlifting is power and determination,8381
2673,4485,1341602920,RE,AMMs set prices algorithmically,8382
14572,43709,1341602980,MT,Civil service reform modernizes bureaucracy,8383
117034,18575,1341603040,MT,AI in transformers processes sequences,8384
244854,43720,1341603100,RE,Home video offers convenience,8385
41692,1134,1341603160,RT,Air filter,8386
18915,251241,1341603220,MT,Desert tours adventure,8387
12937,4182,1341603280,MT,NFC enables,8388
70690,29542,1341603340,MT,Modeling,8389
90718,35248,1341603400,RE,Roasted sweet potatoes honey cinnamon sweet cozy,8390
421847,10264,1341603460,MT,Cheerleading is energy and spirit,8391
2244,832,1341603520,RT,Liquidity incentives attract capital,8392
92066,5335,1341603580,RE,Policy innovation drives progress,8393
34282,154581,1341603640,RT,AI in reinforcement learning trains agents,8394
53817,62216,1341603700,RT,DVDs and Blu-rays preserve content,8395
78827,28170,1341603760,MT,Timing belt,8396
106282,11118,1341603820,MT,Jungle treks explore,8397
47756,5208,1341603880,RT,U1 chip precise,8398
5602,183894,1341603940,MT,Simulation,8399
901,166173,1341604000,RT,Shrimp fried rice vegetables soy sauce quick delicious,8400
9851,82643,1341604060,RE,Lacrosse is speed and skill,8401
31585,7566,1341604120,MT,Impermanent loss is risk of liquidity,8402
20012,64190,1341604180,RE,Technology adoption improves governance,8403
547,12748,1341604240,RT,AI in supervised learning uses labels,8404
55126,11666,1341604300,RT,Digital releases provide instant access,8405
75441,40282,1341604360,RE,Transmission,8406
53504,55443,1341604420,RE,Cave tours fascinate,8407
33831,157359,1341604480,RE,Sensors advance,8408
186184,86368,1341604540,MT,Formation,8409
114027,37567,1341604600,RE,Vegetable lasagna ricotta mozzarella cheesy satisfying,8410
227122,8285,1341604660,RT,Rugby is intensity and teamwork,8411
5590,82858,1341604720,RE,NFT marketplaces trade digital assets,8412
384761,138464,1341604780,RE,Digital transformation enhances services,8413
68317,28166,1341604840,MT,AI in unsupervised learning finds patterns,8414
21686,146922,1341604900,RT,Theater experience captivates,8415
5907,13256,1341604960,RT,Suspension,8416
511,54207,1341605020,MT,Glacier tours amaze,8417
529,29721,1341605080,MT,Accelerometer measures,8418
4740,247440,1341605140,RT,Hierarchical assembly,8419
49180,242934,1341605200,RE,Baked salmon garlic herbs lemon flavorful perfection,8420
169287,31234,1341605260,RE,Cricket is patience and skill,8421
6948,269152,1341605320,MT,Gaming NFTs grant play benefits,8422
43864,2194,1341605380,RE,Data-driven decision-making informs policy,8423
56756,8099,1341605440,RE,AI in semi-supervised learning combines approaches,8424
49179,64987,1341605500,RT,IMAX and 3D enhance immersion,8425
10475,106951,1341605560,RE,Vehicle inspection,8426
251241,2353,1341605620,RE,Volcano tours thrill,8427
172972,15407,1341605680,MT,Gyroscope tracks,8428
14570,33672,1341605740,RT,Initial mass function,8429
22991,28962,1341605800,RT,Chicken tikka wrap chutney spicy tasty,8430
16529,15536,1341605860,RE,Horse riding is trust and balance,8431
2244,6645,1341605920,MT,Metaverse NFTs represent land,8432
8016,67517,1341605980,MT,Evidence-based research supports legislation,8433
57118,102394,1341606040,RE,AI in generative models creates content,8434
52936,51745,1341606100,RT,Sound systems deepen engagement,8435
12159,139524,1341606160,MT,Detailing,8436
146359,51816,1341606220,RT,Mountain climbing challenges,8437
31966,8913,1341606280,RT,Barometer detects,8438
35334,360368,1341606340,MT,Star formation history,8439
196130,65008,1341606400,MT,Beef vegetable stir fry rice soy sauce hearty filling,8440
48070,959,1341606460,RT,Bowling is precision and patience,8441
116924,62072,1341606520,MT,Collectible NFTs hold value,8442
123517,101718,1341606580,RT,Political education empowers citizens,8443
22774,5813,1341606640,MT,AI in robotics simulates movement,8444
53817,16607,1341606700,MT,Popcorn and snacks complete cinema,8445
13275,30513,1341606760,RE,Car wash,8446
52470,55,1341606820,RE,Trekking tests endurance,8447
2662,57766,1341606880,RE,Proximity sensor responds,8448
109401,195029,1341606940,RE,Chemical evolution,8449
94,25284,1341607000,RE,Chocolate mousse whipped cream berries rich indulgence,8450
230569,6912,1341607060,RT,Sailing is harnessing the wind,8451
41796,10907,1341607120,RT,Crypto communities drive adoption,8452
38817,60525,1341607180,MT,Civic participation strengthens democracy,8453
3232,269219,1341607240,RE,AI in autonomous systems drives cars,8454
38277,548,1341607300,RT,Audience reactions enhance experience,8455
13820,13809,1341607360,MT,Waxing,8456
8293,44613,1341607420,RT,Snow adventures excite,8457
39660,2347,1341607480,RE,Ambient light sensor adjusts,8458
4479,449128,1341607540,RT,Populations,8459
2671,8970,1341607600,RE,Vegetable soup noodles herbs comforting healthy,8460
49108,6695,1341607660,RT,Kayaking is rhythm and endurance,8461
4974,50233,1341607720,RT,Crypto influencers shape trends,8462
3691,13518,1341607780,RE,Voter registration encourages engagement,8463
31334,81181,1341607840,RE,AI in ethics ensures responsible AI,8464
11355,394034,1341607900,MT,Film criticism guides interpretation,8465
3235,20483,1341607960,MT,Polishing,8466
47608,60686,1341608020,RE,Skiing thrills,8467
92315,66350,1341608080,MT,LiDAR scans,8468
278652,26674,1341608140,RE,Synthesis,8469
8391,194422,1341608200,MT,Grilled chicken lemon herbs garlic simple tasty,8470
228125,91518,1341608260,RE,Snowshoeing is winter exploration,8471
23422,78701,1341608320,RT,Media coverage affects perception,8472
7951,103080,1341608380,RT,Election monitoring ensures fairness,8473
297144,36392,1341608440,RT,AI bias requires mitigation,8474
39029,23666,1341608500,MT,Movie reviews influence choices,8475
33313,54226,1341608560,RT,Interior cleaning,8476
23569,30857,1341608620,MT,Snowboarding entertains,8477
10859,400577,1341608680,RE,Depth sensing measures,8478
39362,74270,1341608740,RT,Age,8479
98439,26611,1341608800,RT,Apple pie caramel drizzle whipped cream sweet indulgence,8480
84647,11339,1341608860,RE,Skating is elegance on ice,8481
11611,2221,1341608920,RT,Crypto podcasts educate listeners,8482
21296,70102,1341608980,RT,Media literacy informs public,8483
209524,285443,1341609040,RE,AI transparency builds trust,8484
62107,6704,1341609100,RT,Metacritic and Rotten Tomatoes aggregate scores,8485
32526,128799,1341609160,MT,Leather,8486
325463,191812,1341609220,RE,Ice climbing challenges,8487
75798,184519,1341609280,MT,AR experiences immersive,8488
57994,8757,1341609340,RT,Cosmology,8489
42179,65682,1341609400,RE,Pumpkin bread cream cheese frosting nuts autumnal delight,8490
31271,56860,1341609460,RT,Triathlon is ultimate endurance test,8491
11711,29906,1341609520,MT,Blockchain conferences connect participants,8492
74048,328882,1341609580,RE,Public debates foster discussion,8493
126181,133894,1341609640,MT,AI explainability clarifies decisions,8494
115042,7219,1341609700,RT,Awards season celebrates excellence,8495
216056,280,1341609760,MT,Upholstery,8496
98931,122680,1341609820,MT,Dog sledding excites,8497
62358,39673,1341609880,RT,ARKit develops apps,8498
28174,92693,1341609940,RT,Local group,8499
144204,8970,1341610000,MT,Shrimp scampi linguine garlic butter buttery perfection,8500
26004,109001,1341610060,RT,Handball is fast and furious,8501
61332,16538,1341610120,RE,Crypto education spreads knowledge,8502
157348,195048,1341610180,MT,Town halls facilitate interaction,8503
7124,262697,1341610240,RE,AI datasets must be diverse,8504
30799,23642,1341610300,MT,Film festivals recognize achievement,8505
74036,355296,1341610360,RT,Glass,8506
372414,36521,1341610420,MT,Hot springs relax,8507
267290,10924,1341610480,MT,iPhone productivity,8508
165741,3292,1341610540,RE,Andromeda approach,8509
81403,7418,1341610600,RE,Vegetable quiche cheddar spinach savory breakfast,8510
973,28462,1341610660,MT,Diving is grace under pressure,8511
152658,7480,1341610720,MT,Research drives innovation,8512
182825,111780,1341610780,RE,Community outreach promotes awareness,8513
174859,73476,1341610840,RT,AI data preprocessing cleans information,8514
103448,27712,1341610900,RE,Indie showcases spotlight talent,8515
91948,42178,1341610960,MT,Rust prevention,8516
253,21782,1341611020,RE,Spa retreats rejuvenate,8517
37221,3214,1341611080,RT,Safari fast browsing,8518
138635,11854,1341611140,RT,Triangulum influence,8519
10752,91500,1341611200,MT,Baked chicken rosemary thyme garlic golden perfection,8520
181286,59893,1341611260,RE,Ultimate frisbee is strategy and fun,8521
24395,50233,1341611320,RE,Protocol upgrades improve functionality,8522
1292,14146,1341611380,RE,Grassroots organizing mobilizes support,8523
12748,3637,1341611440,RT,AI feature engineering improves models,8524
240806,63223,1341611500,MT,Documentaries raise awareness,8525
6231,865,1341611560,MT,Undercarriage,8526
132650,11118,1341611620,RE,Yoga retreats refresh,8527
7411,3547,1341611680,RE,Mail efficient handling,8528
209539,14070,1341611740,RE,Satellites,8529
4986,2157,1341611800,RE,Chocolate chip cookies walnuts sea salt classic treats,8530
16457,5799,1341611860,RE,Track cycling is speed and tactics,8531
43549,47885,1341611920,RT,Governance proposals guide changes,8532
28976,43709,1341611980,RE,Advocacy campaigns influence policy,8533
11103,22832,1341612040,MT,AI hyperparameter tuning optimizes performance,8534
35434,85735,1341612100,RT,Historical films educate viewers,8535
304700,24751,1341612160,RE,Car covers,8536
43210,288604,1341612220,MT,Meditation centers relax,8537
30069,16335,1341612280,RE,Notes organize,8538
92693,157176,1341612340,MT,Future,8539
49592,180890,1341612400,RT,Roasted carrots thyme honey garlic sweet savory,8540
89408,59985,1341612460,RE,Rock climbing is challenge and thrill,8541
42287,89949,1341612520,MT,Voting ensures community control,8542
36244,9912,1341612580,RE,Lobbying efforts target decision-makers,8543
54039,6674,1341612640,RE,AI model evaluation measures success,8544
95603,21686,1341612700,MT,Biopics inspire reflection,8545
14578,38232,1341612760,RE,Storage,8546
1239,24224,1341612820,RE,Wellness resorts pamper,8547
62903,223014,1341612880,RT,Reminders alert,8548
2233,102320,1341612940,MT,Collision,8549
122469,466,1341613000,RE,Chicken parmesan spaghetti marinara cheesy delight,8550
1104,221491,1341613060,RT,Paragliding is freedom above,8551
34314,84831,1341613120,RE,Staking locks tokens for rewards,8552
30222,324955,1341613180,RE,Think tanks provide analysis,8553
57118,127681,1341613240,RT,AI cross-validation prevents overfitting,8554
62107,130555,1341613300,RT,Fantasy movies spark imagination,8555
2765,42432,1341613360,RE,Driving technique,8556
5478,27179,1341613420,RE,Hiking trails discover,8557
95629,46192,1341613480,RT,Calendar schedule,8558
279316,5859,1341613540,MT,Starburst,8559
349449,20103,1341613600,RE,Beef lasagna ricotta mozzarella marinara hearty comforting,8560
58032,51729,1341613660,RE,Bobsledding is adrenaline and speed,8561
269152,67132,1341613720,RT,Delegated staking entrusts validators,8562
93062,42239,1341613780,RE,Expert testimony informs lawmaking,8563
63344,122786,1341613840,RE,AI in cloud computing scales solutions,8564
66468,85766,1341613900,RE,Sci-fi films explore ideas,8565
26,57024,1341613960,MT,Defensive driving,8566
32564,3294,1341614020,MT,Cycling paths explore,8567
34284,15458,1341614080,RT,Contacts manage,8568
27004,56,1341614140,RE,Gas inflow,8569
15294,72193,1341614200,RE,Vegetable stir fry tofu soy sauce ginger healthy flavorful,8570
8442,68599,1341614260,RT,Curling is strategy and finesse,8571
13778,50267,1341614320,MT,Validator rewards incentivize participation,8572
71871,238225,1341614380,MT,Policy briefs summarize issues,8573
71339,23125,1341614440,RE,AI edge computing reduces latency,8574
18076,74234,1341614500,MT,Horror films thrill,8575
9149,8517,1341614560,RT,Eco-driving,8576
251241,97742,1341614620,RT,Motorcycling adventures thrill,8577
149327,46273,1341614680,MT,Clock alarms,8578
225087,145851,1341614740,RT,Gas outflow,8579
327935,10005,1341614800,RT,Shrimp tacos avocado salsa lime crema fresh vibrant,8580
32226,64484,1341614860,RE,Water polo is strength and endurance,8581
58522,168893,1341614920,MT,Network security depends on nodes,8582
80087,216369,1341614980,RT,White papers propose solutions,8583
242244,412404,1341615040,RT,AI federated learning preserves privacy,8584
1834,426646,1341615100,MT,Action films excite,8585
65000,67097,1341615160,RT,Highway,8586
73496,244581,1341615220,MT,Road trips excite,8587
10924,26655,1341615280,MT,Timers manage,8588
35080,1251,1341615340,RE,Feedback,8589
365,180890,1341615400,MT,Baked ziti mozzarella marinara basil cheesy goodness,8590
22823,96622,1341615460,RT,Speed skating is precision and power,8591
84831,80706,1341615520,RT,Transaction finality ensures reliability,8592
89751,96783,1341615580,RT,Legislative drafting shapes laws,8593
9014,77245,1341615640,MT,AI in quantum computing explores new methods,8594
196379,80477,1341615700,RT,Comedy films entertain,8595
16211,11677,1341615760,RE,City,8596
104320,34312,1341615820,RE,Car rentals freedom,8597
213163,2372,1341615880,RE,Stopwatch activity,8598
47168,136493,1341615940,RE,Supernova,8599
231574,349,1341616000,RT,Spinach mushroom stuffed chicken breast cheese savory delicious,8600
16959,16514,1341616060,RT,Kickboxing is discipline and intensity,8601
117882,40293,1341616120,RE,Consensus algorithms validate activity,8602
308,18309,1341616180,RE,Committee hearings examine details,8603
77656,249872,1341616240,RE,AI in AR enhances experiences,8604
245594,107937,1341616300,MT,Romantic movies move hearts,8605
41692,5281,1341616360,RE,Parking,8606
27071,11036,1341616420,MT,RV trips explore,8607
109652,39660,1341616480,MT,Calculator compute,8608
2156,104774,1341616540,RT,AGN,8609
72658,12483,1341616600,RT,Chocolate brownie sundae chocolate sauce rich indulgence,8610
81405,3998,1341616660,MT,"CrossFit is strength, speed, and stamina",8611
33105,27147,1341616720,RT,Proof-of-Work secures Bitcoin,8612
18450,65141,1341616780,RE,Bill sponsorship advances initiatives,8613
130613,93308,1341616840,RT,AI in VR simulates worlds,8614
228,473,1341616900,MT,Drama films depict struggle,8615
14124,2045,1341616960,RT,Overtaking,8616
46526,90641,1341617020,RT,Campervans travel,8617
4364,6549,1341617080,MT,Weather updates,8618
5859,8711,1341617140,MT,Ecology,8619
92584,22926,1341617200,RT,Vegetable pizza peppers onions olives colorful joy,8620
102591,13516,1341617260,RE,Obstacle courses test mind and body,8621
192260,50325,1341617320,RT,Proof-of-Stake saves energy,8622
182011,14146,1341617380,MT,Floor votes determine passage,8623
11438,48073,1341617440,RE,AI in HCI improves usability,8624
21062,162469,1341617500,RE,Mystery films intrigue,8625
35738,99369,1341617560,RT,Lane change,8626
141853,12755,1341617620,RE,Scenic drives relax,8627
147884,12466,1341617680,RE,Stocks monitor,8628
97478,41278,1341617740,RT,Cosmic web,8629
61890,477,1341617800,RE,Roasted salmon dill lemon garlic aromatic perfection,8630
10340,5669,1341617860,RT,Mountain biking is adventure and skill,8631
18231,11611,1341617920,RT,Delegated Proof-of-Stake empowers voters,8632
68256,20421,1341617980,MT,Executive approval enforces law,8633
60512,4,1341618040,MT,AI in planning optimizes actions,8634
80477,1459,1341618100,RE,Thrillers create tension,8635
6671,110932,1341618160,RE,Signals,8636
11341,81053,1341618220,RE,Panoramic views impress,8637
2050,3979,1341618280,MT,News informs,8638
74270,71311,1341618340,RT,Filaments,8639
95081,136594,1341618400,RE,Chicken pad thai peanuts lime sweet savory,8640
34798,57942,1341618460,MT,Trail running is connection with nature,8641
105315,2161,1341618520,RT,Crypto adoption grows daily,8642
11072,2194,1341618580,RE,Regulatory implementation ensures compliance,8643
99018,7395,1341618640,MT,AI in multi-agent systems coordinates agents,8644
19182,297,1341618700,MT,Adventure films engage,8645
187200,57092,1341618760,RE,Headlights,8646
10574,4134,1341618820,RT,Sunsets inspire,8647
52836,4412,1341618880,RE,Podcasts listen,8648
13501,5038,1341618940,MT,Voids,8649
37428,80748,1341619000,MT,Apple cinnamon pancakes syrup cozy morning treats,8650
75797,19947,1341619060,MT,Snowboarding halfpipe is tricks and courage,8651
364386,113373,1341619120,RE,Institutional investors enter markets,8652
5143,582,1341619180,MT,Administrative oversight monitors execution,8653
6686,89495,1341619240,RE,AI in imitation learning mimics behavior,8654
123611,25007,1341619300,RT,War films depict heroism,8655
285185,38865,1341619360,MT,Horn,8656
484,191812,1341619420,MT,Sunrises awaken,8657
27864,108134,1341619480,RE,Music tunes,8658
109401,37526,1341619540,RE,Clusters,8659
24742,296637,1341619600,RT,Baked chicken wings barbecue sauce sticky delicious,8660
14109,3255,1341619660,RT,Freestyle skiing is creativity and precision,8661
38711,9363,1341619720,RT,Retail traders participate globally,8662
69032,124459,1341619780,MT,Judicial review interprets legality,8663
122786,28166,1341619840,MT,AI in transfer learning adapts knowledge,8664
9210,51613,1341619900,MT,Crime films unravel plots,8665
18325,977,1341619960,MT,Signs,8666
8992,14306,1341620020,RE,Star gazing amazes,8667
272862,22740,1341620080,RE,Apple Music stream,8668
9905,16099,1341620140,RT,Uniqueness,8669
100921,29864,1341620200,RE,Vegetable curry coconut milk creamy flavorful,8670
2373,226536,1341620260,RE,Gym workouts build strength and focus,8671
221484,5207,1341620320,MT,Crypto exchanges enable liquidity,8672
4239,30442,1341620380,MT,Civil society monitors accountability,8673
98203,12824,1341620440,RT,AI in self-supervised learning reduces labels,8674
240806,220,1341620500,RT,Musicals combine music and narrative,8675
35376,50218,1341620560,RT,Lights,8676
204654,44456,1341620620,MT,Northern lights captivate,8677
17312,4344,1341620680,RT,TV shows watch,8678
360368,62428,1341620740,RT,Morphology,8679
57269,24750,1341620800,RE,Chocolate fudge cake ganache indulgent dessert,8680
30525,20050,1341620860,RE,Yoga improves balance and flexibility,8681
62607,58574,1341620920,RT,Fiat onramps simplify access,8682
359339,4199,1341620980,MT,NGOs advocate for change,8683
54200,103612,1341621040,RT,AI in anomaly detection finds outliers,8684
35064,64987,1341621100,RT,Animated films bring creativity,8685
13092,69026,1341621160,MT,Speed,8686
51746,28913,1341621220,MT,Waterfalls mesmerize,8687
134095,41382,1341621280,MT,Movies view,8688
15291,30487,1341621340,MT,Barred spiral,8689
21537,1989,1341621400,MT,Lemon garlic roasted shrimp zesty savory,8690
170806,101837,1341621460,RT,Pilates strengthens core and posture,8691
168893,25089,1341621520,MT,Decentralized finance offers options,8692
13811,10685,1341621580,MT,Political movements mobilize citizens,8693
5793,200195,1341621640,RT,AI in time series predicts sequences,8694
106375,231873,1341621700,RT,Stop-motion offers unique style,8695
9104,14677,1341621760,RT,Roundabouts,8696
59977,52470,1341621820,MT,Lakes reflect,8697
71020,19519,1341621880,RT,Books read,8698
5602,15214,1341621940,RT,Classification,8699
195807,8855,1341622000,RE,Spinach ricotta stuffed shells marinara cheesy delight,8700
122123,12928,1341622060,RT,Parkour is movement art,8701
36618,97187,1341622120,RE,Lending platforms pay interest,8702
80426,2180,1341622180,RT,Social activism promotes justice,8703
35527,1984,1341622240,RE,AI in recommendation systems personalizes content,8704
208328,39523,1341622300,MT,CGI creates fantastical worlds,8705
490,16708,1341622360,RE,Stop,8706
468,37173,1341622420,MT,Rivers flow,8707
10339,126028,1341622480,RE,App Store download,8708
29521,3717,1341622540,RE,Environment,8709
22380,9107,1341622600,RE,Beef broccoli garlic sauce hearty satisfying,8710
48070,132832,1341622660,RT,Street basketball is creativity and fun,8711
24395,364386,1341622720,MT,Borrowers access capital,8712
277615,130884,1341622780,RT,Peaceful protests express dissent,8713
242244,18098,1341622840,RT,AI in knowledge graphs structures data,8714
57122,186758,1341622900,RT,Practical effects provide realism,8715
11692,73227,1341622960,RE,Yield,8716
33480,58411,1341623020,RE,Oceans awe,8717
31917,367035,1341623080,RE,iCloud sync,8718
54856,16527,1341623140,RE,Interactions,8719
77194,281077,1341623200,RE,Chocolate chip banana muffins soft sweet,8720
9863,134560,1341623260,MT,"Beach volleyball is sun, sand, and skill",8721
77516,109527,1341623320,MT,Yield farming maximizes returns,8722
8135,61873,1341623380,MT,Civil disobedience challenges policies,8723
7259,51889,1341623440,MT,AI in sentiment analysis gauges opinions,8724
473,97524,1341623500,MT,Motion capture captures performance,8725
16293,121414,1341623560,RE,Pedestrian,8726
2177,302195,1341623620,MT,Beaches relax,8727
109872,29259,1341623680,RT,Backup protect,8728
255249,2594,1341623740,RE,Tidal forces,8729
135523,67637,1341623800,RT,Roasted sweet potatoes rosemary earthy flavorful,8730
11135,56860,1341623860,RE,Marathons are endurance and determination,8731
5633,11711,1341623920,RT,Liquidity pools provide trading,8732
198004,83921,1341623980,RE,Petitions gather signatures,8733
5147,186674,1341624040,MT,AI in computer vision identifies objects,8734
7525,43440,1341624100,MT,Voice acting conveys emotion,8735
21996,11443,1341624160,RT,School,8736
83957,51816,1341624220,MT,Sand dunes inspire,8737
76290,188238,1341624280,MT,Find My locate,8738
12949,34071,1341624340,MT,Triggers,8739
57269,679,1341624400,RT,Chicken enchiladas cheese salsa cheesy spicy,8740
52514,8385,1341624460,MT,Sprint races are explosive speed,8741
49089,18431,1341624520,RE,Synthetic tokens replicate value,8742
282071,132585,1341624580,MT,Community engagement informs decisions,8743
316,93308,1341624640,RE,AI in NLP summarizes texts,8744
8925,29021,1341624700,MT,Stunt work adds excitement,8745
111391,356,1341624760,RE,Construction,8746
46947,79653,1341624820,RT,Forests tranquil,8747
358538,6951,1341624880,RE,Settings customize,8748
229741,43793,1341624940,RT,Abundance,8749
114610,150846,1341625000,RT,Vegetable fried rice eggs simple tasty,8750
226536,82643,1341625060,MT,Relay races are teamwork and trust,8751
114982,166174,1341625120,RT,Derivatives manage risk,8752
1357,35295,1341625180,MT,Political rallies energize supporters,8753
180857,29482,1341625240,RE,AI in question answering responds,8754
64541,151207,1341625300,MT,Editing shapes pacing,8755
133449,38237,1341625360,RE,Weather,8756
17358,1416,1341625420,RE,Jungles alive,8757
13938,95510,1341625480,MT,Battery health,8758
191347,292088,1341625540,MT,Gradients,8759
107918,231574,1341625600,MT,Shrimp vegetable stir fry soy sauce quick healthy,8760
11135,191049,1341625660,RE,Judo is technique and strength,8761
502,53842,1341625720,RT,Options and futures hedge positions,8762
140393,38445,1341625780,MT,Campaign events connect voters,8763
1274,98637,1341625840,MT,AI in text-to-speech converts words,8764
186,473,1341625900,RT,Color grading enhances visuals,8765
32526,8282,1341625960,RT,Rain,8766
90641,14650,1341626020,RT,Grasslands wide,8767
45137,20367,1341626080,RT,Low Power saves,8768
26674,40886,1341626140,MT,Kinematics,8769
49408,55291,1341626200,RT,Baked cod lemon herbs light flavorful,8770
14877,352288,1341626260,RE,Karate is discipline and focus,8771
43549,34314,1341626320,RE,Stablecoins anchor volatility,8772
35365,43709,1341626380,MT,Candidate speeches inspire action,8773
58549,41425,1341626440,RE,AI in image recognition classifies pictures,8774
31836,21686,1341626500,RT,Lighting sets tone,8775
143548,75042,1341626560,MT,Snow,8776
71112,7313,1341626620,RT,Deserts vast,8777
12251,4364,1341626680,MT,Airplane mode,8778
46265,48437,1341626740,RE,Orbit,8779
48532,168393,1341626800,RT,Spinach salad strawberries almonds fresh sweet,8780
75797,18570,1341626860,RT,Taekwondo is speed and precision,8781
117882,16538,1341626920,RT,Algorithmic adjustments maintain balance,8782
252361,111105,1341626980,RE,Debate performance impacts perception,8783
29296,11998,1341627040,RT,AI in object detection locates items,8784
123611,126503,1341627100,MT,Camera angles influence perspective,8785
3533,19153,1341627160,RE,Ice,8786
33651,242935,1341627220,RE,Canyons impress,8787
59397,31564,1341627280,RE,Do Not Disturb,8788
14805,142114,1341627340,MT,Velocities,8789
28458,36368,1341627400,RE,Chocolate tart raspberry coulis rich tangy,8790
106789,121433,1341627460,RT,Kickball is fun and nostalgia,8791
17178,30400,1341627520,RT,NFTs create digital property,8792
74048,79232,1341627580,MT,Media interviews shape image,8793
20971,297144,1341627640,MT,AI in image segmentation separates regions,8794
11095,19150,1341627700,RE,Framing creates focus,8795
192943,94918,1341627760,MT,Fog,8796
74375,93313,1341627820,RE,Valleys peaceful,8797
141501,50308,1341627880,RT,Screen Time monitor,8798
292088,4730,1341627940,MT,Rotation,8799
523,76455,1341628000,MT,Vegetable pot pie puff pastry cozy savory,8800
9229,3144,1341628060,RT,Softball is teamwork and strategy,8801
191752,19837,1341628120,MT,"Art, collectibles, and gaming thrive",8802
69567,586,1341628180,RE,Press releases communicate policy,8803
255849,66791,1341628240,RE,AI in pose estimation tracks movement,8804
756,38377,1341628300,RE,Lens choice affects aesthetics,8805
58028,53930,1341628360,RT,Night,8806
23979,281202,1341628420,RE,Cliffs dramatic,8807
271558,14602,1341628480,RE,Parental control,8808
144933,32706,1341628540,RE,Dispersion,8809
18038,119425,1341628600,RT,Chicken dumplings vegetables hearty comfort,8810
51742,35180,1341628660,RT,Table football is quick reflexes,8811
47794,6948,1341628720,RT,Metaverse integrates assets,8812
120179,318856,1341628780,MT,Social media engages audiences,8813
8294,4,1341628840,RE,AI in facial recognition identifies people,8814
133418,21198,1341628900,RE,Aspect ratio defines space,8815
93159,8282,1341628960,RT,Tunnel,8816
2138,14650,1341629020,RE,Hills rolling,8817
115612,43544,1341629080,MT,Accessibility support,8818
9762,29378,1341629140,MT,Halo,8819
2348,58159,1341629200,RE,Apple crisp cinnamon nuts sweet cozy,8820
16529,31031,1341629260,RE,Dodgeball is agility and fun,8821
82825,263930,1341629320,MT,Blockchain gaming rewards players,8822
13854,67517,1341629380,RT,Digital campaigns reach voters,8823
15310,71591,1341629440,RT,AI in autonomous driving navigates,8824
15691,41792,1341629500,MT,Tracking shots immerse viewers,8825
240876,57958,1341629560,RE,Bridge,8826
7569,65673,1341629620,RT,Plains endless,8827
9914,131729,1341629680,MT,Magnifier enlarge,8828
703,17117,1341629740,RT,Clusters,8829
77194,37523,1341629800,MT,Shrimp gumbo rice spicy southern goodness,8830
18570,31576,1341629860,RT,Ping pong is fast reflexes,8831
126272,140003,1341629920,RE,Crypto analytics reveal trends,8832
170665,21814,1341629980,RE,Political advertisements persuade opinion,8833
7395,255849,1341630040,RT,AI in drones optimizes flight,8834
4322,394034,1341630100,RE,Dolly shots guide attention,8835
7570,2555,1341630160,RT,Curve,8836
73979,48039,1341630220,RT,Meadows bloom,8837
217458,196786,1341630280,MT,Voice control,8838
130397,46527,1341630340,RE,Evolution,8839
1989,61211,1341630400,RE,Baked macaroni cheese breadcrumbs cheesy heaven,8840
6585,27145,1341630460,MT,Rowing regattas are coordination and power,8841
148719,396,1341630520,MT,On-chain activity shows movement,8842
17155,103249,1341630580,RE,Endorsements enhance credibility,8843
7962,63793,1341630640,RT,AI in robotics automates tasks,8844
74315,27734,1341630700,RT,Crane shots expand scope,8845
24932,86048,1341630760,MT,Hill,8846
50947,7646,1341630820,RE,Gardens colorful,8847
93965,16746,1341630880,MT,Hearing aids,8848
9762,26078,1341630940,RE,SFR,8849
34306,232004,1341631000,RE,Lemon pound cake glaze sweet moist,8850
223728,389,1341631060,RE,Speed climbing is thrill and precision,8851
58574,106,1341631120,MT,Wallet metrics track users,8852
16546,24703,1341631180,RE,Coalition support strengthens position,8853
120630,106469,1341631240,RE,AI in supply chain predicts logistics,8854
7501,387,1341631300,RE,Aerial shots provide perspective,8855
8201,2287,1341631360,RT,Parking lot,8856
183312,34312,1341631420,MT,Botanical marvels,8857
118480,31917,1341631480,MT,Braille display,8858
225087,81,1341631540,MT,Mergers,8859
9798,125279,1341631600,RE,Nothing beats the smell of fresh bread in the morning,8860
6695,38234,1341631660,RE,Powerlifting is raw strength,8861
217199,30225,1341631720,MT,Market sentiment shifts quickly,8862
93751,214,1341631780,RT,Partisan alignment influences votes,8863
80,199570,1341631840,MT,AI in finance automates trading,8864
4537,350982,1341631900,MT,Close-ups reveal emotion,8865
234284,105460,1341631960,RT,Garage,8866
122680,81053,1341632020,RT,Wildlife encounters,8867
8381,172972,1341632080,RT,Shortcuts automate,8868
257868,148429,1341632140,MT,Archaeology,8869
19869,165636,1341632200,RT,Chocolate cake is proof that happiness can be baked,8870
56860,75493,1341632260,RE,Trail biking is adventure,8871
502,3164,1341632320,MT,Trading strategies adapt constantly,8872
91627,10685,1341632380,RE,Bipartisan collaboration fosters compromise,8873
12012,61320,1341632440,RE,AI in marketing personalizes campaigns,8874
39523,30230,1341632500,RT,Medium shots show interaction,8875
465,11677,1341632560,RT,Fuel,8876
14549,1239,1341632620,MT,Birds fly,8877
29805,54301,1341632680,RE,Automation simplify,8878
50299,142114,1341632740,MT,Timeline,8879
48652,37523,1341632800,MT,Freshly brewed coffee makes everything better,8880
82643,101502,1341632860,RE,Obstacle racing is mind and body challenge,8881
5213,28285,1341632920,RT,Stop losses and take profits manage risk,8882
31304,22470,1341632980,MT,Cross-party negotiations solve issues,8883
47159,11521,1341633040,MT,AI in healthcare assists doctors,8884
11355,7151,1341633100,RT,Long shots capture environment,8885
580,68400,1341633160,MT,Service,8886
29692,30857,1341633220,MT,Mammals roam,8887
13640,28715,1341633280,RT,Widgets info,8888
17057,46985,1341633340,RE,Predictions,8889
901,143824,1341633400,RT,A perfect pizza is a circle of joy,8890
6695,38790,1341633460,RT,Skydiving is freedom and courage,8891
10815,88440,1341633520,RT,Bots execute trades,8892
100067,5098,1341633580,RE,Legislative compromise passes bills,8893
68317,7436,1341633640,RE,AI in education adapts learning,8894
14934,5006,1341633700,RE,Film composition balances elements,8895
12266,72280,1341633760,RE,Dealership,8896
8835,244928,1341633820,RT,Reptiles bask,8897
6692,9278,1341633880,RT,Live Text recognize,8898
109401,17057,1341633940,MT,Remnant,8899
20103,240790,1341634000,RT,"Avocado toast is more than a trend, it’s a lifestyle",8900
148702,80507,1341634060,RE,BMX racing is speed and control,8901
12456,105315,1341634120,RE,Indices track performance,8902
10639,6429,1341634180,RT,Executive orders guide action,8903
7271,42936,1341634240,MT,AI in games enhances experiences,8904
10925,4830,1341634300,RT,Rule of thirds guides framing,8905
34333,129960,1341634360,RE,Used,8906
251638,37562,1341634420,MT,Insects buzz,8907
42902,28253,1341634480,RT,Visual Lookup,8908
291,145851,1341634540,MT,Streams,8909
98138,195528,1341634600,RE,Ice cream melts your problems away,8910
52514,23813,1341634660,RE,Triathlons test endurance,8911
85083,69238,1341634720,RT,Regulation shapes markets,8912
6703,7698,1341634780,MT,Cabinet appointments manage departments,8913
64816,69022,1341634840,RT,AI in cybersecurity detects threats,8914
23642,34305,1341634900,RT,Leading lines draw eyes,8915
13074,24335,1341634960,RT,New,8916
26171,7313,1341635020,RT,Marine life thrives,8917
126028,149327,1341635080,RE,Focus mode,8918
71311,66669,1341635140,RT,Debris,8919
8970,52413,1341635200,RE,Homemade soup feels like a warm hug,8920
7477,35180,1341635260,RT,Ironman competitions challenge limits,8921
49610,2178,1341635320,MT,Compliance affects projects,8922
32424,353362,1341635380,RT,Administrative decisions implement law,8923
55185,85479,1341635440,RT,AI in privacy preserves data,8924
21749,30230,1341635500,RT,Depth of field isolates subjects,8925
265187,53930,1341635560,RE,Show,8926
36436,141604,1341635620,MT,Coral reefs flourish,8927
108134,4929,1341635680,RT,Privacy protect,8928
113358,33569,1341635740,RT,Satellites,8929
3125,132118,1341635800,RT,"Pancakes are flat, but joy is stacked",8930
54292,32108,1341635860,RT,Soccer penalty kicks are pressure moments,8931
38009,72466,1341635920,MT,Security audits protect protocols,8932
4720,76050,1341635980,MT,Bureaucratic processes ensure function,8933
26158,10855,1341636040,RE,AI in cloud computing scales resources,8934
136565,356981,1341636100,RT,Focus pulls emphasize detail,8935
38237,58028,1341636160,MT,Expo,8936
252516,37574,1341636220,RE,Fish swim,8937
50338,14584,1341636280,RE,Location services,8938
184606,187844,1341636340,RE,Local group,8939
11449,61211,1341636400,RE,Spices turn a meal into an adventure,8940
227353,266085,1341636460,RE,Basketball free throws are focus and calm,8941
116701,9917,1341636520,RE,Crypto wallets store keys,8942
49176,39106,1341636580,MT,Regulatory enforcement maintains standards,8943
235473,59186,1341636640,MT,AI in edge computing processes locally,8944
117319,6017,1341636700,MT,Camera movement adds energy,8945
3533,20483,1341636760,MT,Concept,8946
134304,102472,1341636820,RE,Dolphins play,8947
4514,15496,1341636880,RT,App Tracking Transparency,8948
338829,186184,1341636940,RE,Mass,8949
49182,29864,1341637000,RT,Sushi is an art form you can eat,8950
1854,25339,1341637060,RT,Football touchdowns are glory,8951
4014,36618,1341637120,RT,Cold wallets stay offline,8952
39106,30222,1341637180,MT,Policy evaluation measures effectiveness,8953
8602,7627,1341637240,MT,AI in IoT connects devices,8954
40266,197061,1341637300,RT,Steadicam smooths motion,8955
4214,129960,1341637360,RT,Prototype,8956
30185,12352,1341637420,RE,Whales surface,8957
26655,42699,1341637480,RE,Camera modes,8958
79783,17057,1341637540,RE,Luminosity,8959
240,296637,1341637600,RE,Tacos are happiness folded in a tortilla,8960
48070,31443,1341637660,RT,Baseball home runs are celebration,8961
762,30400,1341637720,MT,Hardware wallets enhance safety,8962
24099,93167,1341637780,RE,Public administration delivers services,8963
90474,5147,1341637840,RE,AI in social media moderates content,8964
130098,64541,1341637900,MT,Handheld creates realism,8965
17382,97197,1341637960,MT,Tuning,8966
261489,21007,1341638020,MT,Sharks glide,8967
10225,5307,1341638080,MT,Portrait blur,8968
191347,15483,1341638140,MT,Size,8969
190181,170103,1341638200,MT,Pie is love baked into slices,8970
22823,14907,1341638260,RT,Hockey slap shots are power,8971
50285,176522,1341638320,RT,Software wallets offer ease,8972
53966,137166,1341638380,RE,Ethical governance maintains integrity,8973
412404,3795,1341638440,RT,AI in customer service responds,8974
114837,957,1341638500,RE,Drone shots provide aerial views,8975
19872,8756,1341638560,MT,Engine swap,8976
30241,103451,1341638620,RE,Turtles paddle,8977
218218,12937,1341638680,MT,Night mode,8978
79783,12473,1341638740,RT,Coordinates,8979
60739,2175,1341638800,MT,Fresh herbs elevate any dish,8980
63327,2042,1341638860,RT,Tennis aces are precision,8981
99038,117155,1341638920,MT,Multi-sig wallets require consensus,8982
260304,17468,1341638980,RE,Accountability mechanisms monitor performance,8983
110170,62110,1341639040,RT,AI in virtual assistants aids users,8984
24357,168548,1341639100,RT,Time-lapse shows change,8985
11692,182158,1341639160,MT,Turbo,8986
221,170101,1341639220,RE,Seals lounge,8987
23956,176104,1341639280,MT,Cinematic mode,8988
279316,35421,1341639340,RT,Observation,8989
5810,22380,1341639400,RT,Smoothies are a sip of health,8990
69611,959,1341639460,RE,Golf holes-in-one are rare triumphs,8991
19887,66443,1341639520,RT,Phishing scams steal assets,8992
60525,103249,1341639580,MT,Conflict resolution maintains stability,8993
63793,171153,1341639640,RE,AI in chatbots interacts naturally,8994
67282,244854,1341639700,RE,Slow motion emphasizes action,8995
216056,48702,1341639760,RE,Supercharger,8996
74375,46526,1341639820,RE,Penguins waddle,8997
42410,232,1341639880,MT,Slo-mo,8998
186184,9797,1341639940,MT,Telescopes,8999
39464,226725,1341640000,MT,Burgers are simple but never boring,9000
19178,2908,1341640060,RT,Boxing knockouts are decisive,9001
20139,22185,1341640120,RT,Rug pulls wipe investments,9002
93751,20,1341640180,MT,Negotiation skills facilitate agreements,9003
38677,14755,1341640240,RT,AI in translation bridges languages,9004
5082,5406,1341640300,MT,Fast cuts increase tension,9005
50770,107766,1341640360,RT,Suspension,9006
2237,2554,1341640420,RE,Elephants roam,9007
7791,213,1341640480,RE,Time-lapse,9008
131506,37528,1341640540,RT,Parallax,9009
212970,29252,1341640600,RT,Pasta nights are the best nights,9010
16959,8442,1341640660,MT,Swimming relays are teamwork,9011
60995,832,1341640720,RE,Due diligence is essential,9012
327714,91627,1341640780,RE,Diplomatic channels enable dialogue,9013
42894,408904,1341640840,MT,AI in recommendation engines suggests products,9014
13660,170163,1341640900,RT,Montages compress time,9015
87761,137039,1341640960,MT,Brakes,9016
302195,1205,1341641020,MT,Lions hunt,9017
33442,26175,1341641080,RE,Panorama,9018
171466,61753,1341641140,RE,Mapping,9019
13139,5810,1341641200,RE,Cheese makes everything better,9020
51742,4350,1341641260,MT,Gymnastics flips are grace and courage,9021
97187,51749,1341641320,MT,Community trust builds adoption,9022
51755,198004,1341641380,MT,International cooperation addresses global challenges,9023
18575,70236,1341641440,RE,AI in predictive maintenance prevents failures,9024
337192,74234,1341641500,RE,Cross-cutting builds suspense,9025
64643,43677,1341641560,RE,Wheels,9026
30185,2237,1341641620,MT,Tigers stealth,9027
7791,2387,1341641680,RT,Macro shots,9028
2849,145624,1341641740,RT,Structure,9029
308781,29315,1341641800,MT,Garlic bread is a universal language,9030
204837,39666,1341641860,RE,Diving somersaults are perfection,9031
50267,70491,1341641920,MT,Tokenomics determine value,9032
51762,126308,1341641980,RT,Treaties formalize commitments,9033
7259,12686,1341642040,RE,AI in forecasting anticipates demand,9034
80491,191125,1341642100,MT,Flashbacks reveal backstory,9035
29225,31222,1341642160,RT,Tires,9036
97742,43210,1341642220,RE,Bears forage,9037
31305,157722,1341642280,MT,Ultra wide lens,9038
1415,35080,1341642340,RT,Dynamics,9039
6136,63920,1341642400,RT,Fried chicken is comfort on a plate,9040
6695,191049,1341642460,MT,Skateboarding tricks are creativity,9041
7067,314236,1341642520,MT,"Supply, demand, and utility matter",9042
355057,202696,1341642580,RE,Peacekeeping preserves security,9043
81181,79185,1341642640,MT,AI in simulation tests scenarios,9044
75830,5102,1341642700,MT,Foreshadowing hints at events,9045
11443,285185,1341642760,MT,Exhaust,9046
2839,138856,1341642820,RE,Wolves roam,9047
39752,5004,1341642880,RT,Telephoto lens,9048
131571,15483,1341642940,RE,Modeling,9049
91029,106399,1341643000,MT,Lemonade tastes like summer in a glass,9050
82268,31271,1341643060,RT,Surfing big waves is thrill,9051
41796,13076,1341643120,RT,Token burns reduce inflation,9052
67950,67299,1341643180,MT,Sanctions enforce compliance,9053
229447,229,1341643240,MT,AI in robotics optimizes control,9054
115042,25068,1341643300,MT,MacGuffins drive plot,9055
2907,12324,1341643360,RE,Interior,9056
181190,59977,1341643420,RE,Deer graze,9057
76901,2127,1341643480,MT,Optical zoom,9058
38673,34809,1341643540,MT,Formation,9059
34306,167070,1341643600,RT,Breakfast is the most important love story of the day,9060
69611,169754,1341643660,RE,Mountain climbing summits are achievement,9061
62125,39410,1341643720,MT,Airdrops reward engagement,9062
2160,11901,1341643780,MT,Foreign aid supports development,9063
50698,79185,1341643840,MT,AI in healthcare monitors vitals,9064
7785,138242,1341643900,RT,Chekhov's gun ensures payoff,9065
7675,22804,1341643960,RT,Exterior,9066
161907,16824,1341644020,RE,Monkeys swing,9067
61101,8081,1341644080,RT,Digital zoom,9068
21109,7960,1341644140,RT,Populations,9069
74030,326,1341644200,RE,Chocolate chip cookies are childhood memories,9070
169754,13131,1341644260,MT,Cycling time trials are endurance,9071
2288,149796,1341644320,RE,Liquidity mining incentivizes participation,9072
40214,51755,1341644380,MT,Global summits coordinate initiatives,9073
241617,31137,1341644440,MT,AI in finance detects fraud,9074
88716,31926,1341644500,RE,Character development deepens story,9075
70380,77574,1341644560,MT,Lighting,9076
131327,45587,1341644620,RT,Apes observe,9077
4639,6651,1341644680,RT,HDR,9078
120347,7819,1341644740,RE,Age,9079
276033,166548,1341644800,RT,Roasted vegetables have a magic flavor,9080
15039,35180,1341644860,RT,Marathon finishes are victory,9081
297268,236655,1341644920,MT,Staking compounds rewards,9082
30992,96783,1341644980,MT,Multilateral organizations manage issues,9083
2900,297144,1341645040,RT,AI in marketing targets ads,9084
25907,81150,1341645100,RT,Arcs show growth,9085
50219,65159,1341645160,RE,Audio,9086
62619,31551,1341645220,RE,Camels trek,9087
232,71822,1341645280,RT,Panorama stitching,9088
5859,1251,1341645340,RE,Cosmology,9089
268,170103,1341645400,MT,A good stew is a slow-cooked hug,9090
12928,43914,1341645460,RT,Ski jumps are courage,9091
33105,11611,1341645520,RE,Crypto governance enables voting,9092
34625,12498,1341645580,RE,Non-governmental actors influence policy,9093
44863,58847,1341645640,MT,AI in autonomous vehicles drives safely,9094
9941,36045,1341645700,MT,Motivations drive action,9095
282515,4433,1341645760,RT,Navigation,9096
14957,31549,1341645820,RT,Horses gallop,9097
196786,61101,1341645880,RE,Photo editing,9098
302869,5380,1341645940,MT,Future,9099
175283,32204,1341646000,RE,Bagels are the circle of breakfast,9100
9229,6072,1341646060,RT,Snowboard tricks are style,9101
33105,199015,1341646120,RE,DAOs guide projects,9102
195232,327714,1341646180,MT,Policy advocacy drives legislation,9103
22240,23648,1341646240,MT,AI in drones manages deliveries,9104
5628,23220,1341646300,RT,Conflict creates drama,9105
13275,118365,1341646360,MT,Software,9106
56022,89020,1341646420,RT,Donkeys carry,9107
7791,5307,1341646480,MT,Filters,9108
338829,1284,1341646540,MT,Milky Way spans the night sky,9109
75458,10638,1341646600,RE,Donuts are happiness with a hole in the middle,9110
9906,6695,1341646660,MT,Rowing sprints are power,9111
171,104248,1341646720,MT,Proposal voting shapes protocols,9112
88838,50620,1341646780,RT,Political campaigns mobilize communities,9113
1553,22634,1341646840,RT,AI in computer vision interprets scenes,9114
49179,21057,1341646900,RE,Resolution provides closure,9115
107336,31222,1341646960,MT,ECU,9116
138800,254305,1341647020,RE,Mules transport,9117
8208,275111,1341647080,RT,Live Photos,9118
73933,79911,1341647140,MT,Our galaxy is vast,9119
73939,73305,1341647200,RE,Homemade pizza beats delivery any day,9120
39959,1854,1341647260,MT,Wrestling pins are dominance,9121
137329,61138,1341647320,RT,Cross-chain interoperability expands utility,9122
14160,53966,1341647380,RT,Voter engagement ensures democracy,9123
141739,36572,1341647440,RT,AI in NLP understands text,9124
113372,128382,1341647500,RE,Themes explore ideas,9125
55242,31290,1341647560,RT,Track,9126
147149,188858,1341647620,MT,Reindeer pull,9127
128580,31310,1341647680,MT,Memories albums,9128
86822,13638,1341647740,RE,Stars light up the Milky Way,9129
132118,92250,1341647800,MT,Burgers with extra cheese are a bold statement,9130
2908,463,1341647860,RE,Archery bullseyes are skill,9131
225908,4974,1341647920,MT,Bridges connect networks,9132
373653,6618,1341647980,MT,Election monitoring maintains fairness,9133
12748,151791,1341648040,RT,AI in speech recognition transcribes audio,9134
980,8984,1341648100,RE,Symbolism adds meaning,9135
22333,51,1341648160,RT,Racing,9136
48039,164883,1341648220,RT,Oxen plow,9137
57766,2870,1341648280,MT,Shared albums,9138
5245,218995,1341648340,MT,Nebulae color the galaxy,9139
6657,68132,1341648400,MT,Smooth peanut butter always wins,9140
36304,50275,1341648460,RT,Fencing lunges are precision,9141
45605,49685,1341648520,RT,Sidechains scale capacity,9142
6596,16546,1341648580,RT,Electoral commissions oversee voting,9143
229,34282,1341648640,MT,AI in GANs generates realistic images,9144
34802,2402,1341648700,MT,Irony creates depth,9145
31222,126459,1341648760,RE,Drag,9146
50250,2521,1341648820,MT,Goats climb,9147
39977,3277,1341648880,RT,Photo library,9148
35080,12999,1341648940,RT,Black holes lurk unseen,9149
50408,22991,1341649000,MT,Fresh fruit is nature’s candy,9150
230569,19947,1341649060,RE,Weightlifting clean and jerk is power,9151
210094,22781,1341649120,RE,Layer 2 solutions reduce congestion,9152
7698,86066,1341649180,RE,Political parties organize candidates,9153
241617,69642,1341649240,MT,AI in LLMs understands language,9154
92781,957,1341649300,MT,Subtext communicates hidden meaning,9155
61318,13912,1341649360,MT,Circuit,9156
159515,75480,1341649420,RT,Sheep graze,9157
50901,18641,1341649480,RE,iCloud Photos,9158
38642,12949,1341649540,MT,Galactic core is dense,9159
50742,72193,1341649600,RE,Salads are not boring when dressed right,9160
27483,12648,1341649660,RE,Cheer stunts are teamwork,9161
5188,6050,1341649720,RE,Sharding improves efficiency,9162
230465,1253,1341649780,MT,Party conventions nominate leaders,9163
77245,33719,1341649840,RT,AI in transformers processes sequences,9164
140117,23570,1341649900,MT,Dialogue conveys character,9165
68400,48745,1341649960,RT,Drifting,9166
377122,138327,1341650020,RT,Cows feed,9167
232850,409056,1341650080,RT,Storage optimization,9168
74247,44086,1341650140,MT,Spiral arms rotate,9169
327935,74030,1341650200,MT,Soup weather is the best weather,9170
15536,12038,1341650260,MT,Lacrosse goals are celebration,9171
50267,14838,1341650320,RT,Zero-knowledge proofs enhance privacy,9172
21524,58737,1341650380,RE,Primary elections select nominees,9173
44135,69022,1341650440,RE,AI in reinforcement learning trains agents,9174
41395,27712,1341650500,RT,Monologues reveal thought,9175
6231,345629,1341650560,MT,Time attack,9176
174807,78917,1341650620,RE,Pigs root,9177
220557,3362,1341650680,MT,Photo backup,9178
49007,461,1341650740,MT,Solar System orbits the center,9179
341871,133868,1341650800,MT,Breakfast burritos start the day with power,9180
89408,122438,1341650860,RE,Rugby tries are effort rewarded,9181
58522,3164,1341650920,RE,Confidential transactions protect data,9182
31084,8927,1341650980,RE,General elections determine officeholders,9183
71591,1478,1341651040,MT,AI in supervised learning uses labels,9184
10287,97524,1341651100,RT,Voice-over provides insight,9185
11444,216038,1341651160,RT,Autocross,9186
103451,27872,1341651220,MT,Chickens peck,9187
31564,39752,1341651280,MT,Video editing,9188
183894,198177,1341651340,MT,Stellar nurseries form stars,9189
14683,80101,1341651400,MT,Croissants make mornings worth waking up for,9190
436078,1343,1341651460,MT,Cricket wickets are strategic,9191
35375,29600,1341651520,MT,Decentralized identity empowers users,9192
12058,53508,1341651580,MT,Referenda enable direct decision-making,9193
44946,26807,1341651640,RT,AI in unsupervised learning finds patterns,9194
8806,85735,1341651700,RE,Exposition explains context,9195
2555,115382,1341651760,MT,Off-road,9196
32333,23477,1341651820,RT,Ducks swim,9197
271558,125593,1341651880,RE,Clips,9198
90145,7215,1341651940,RE,Supernovae enrich space,9199
2290,54704,1341652000,RT,Chocolate pudding is silky perfection,9200
6660,161961,1341652060,RT,Horse jumps are trust,9201
12983,28063,1341652120,RE,Privacy coins obscure activity,9202
61271,71783,1341652180,RE,Citizen participation legitimizes governance,9203
36572,47159,1341652240,MT,AI in semi-supervised learning combines approaches,9204
5102,443811,1341652300,RT,Subplots enrich narrative,9205
12709,11960,1341652360,MT,Clubs,9206
1277,40253,1341652420,MT,Geese fly,9207
9025,29259,1341652480,RT,iMovie,9208
160541,12440,1341652540,RE,Exoplanets orbit stars,9209
104508,8095,1341652600,RE,Grilled cheese is a childhood hero,9210
11135,318488,1341652660,RE,Bowling strikes are satisfaction,9211
64320,20730,1341652720,MT,Blockchain transparency builds trust,9212
118527,14085,1341652780,MT,Civic education informs electorate,9213
44183,18098,1341652840,RE,AI in generative models creates content,9214
78328,133418,1341652900,RT,Pacing maintains engagement,9215
8201,92774,1341652960,RE,Meets,9216
131327,68278,1341653020,MT,Swans glide,9217
157722,58569,1341653080,RE,Live Photos animate,9218
319196,56449,1341653140,RT,Dark matter shapes the galaxy,9219
43347,59159,1341653200,RE,Mac and cheese is comfort squared,9220
18570,16690,1341653260,RT,Sailing regattas are strategy,9221
176522,34797,1341653320,RE,Crypto adoption increases globally,9222
132404,71783,1341653380,RE,Political literacy encourages involvement,9223
222,100924,1341653440,RT,AI ethics guides responsible use,9224
79100,443811,1341653500,MT,Climax delivers impact,9225
35738,8756,1341653560,RT,Photography,9226
11337,159807,1341653620,RT,Parrots chatter,9227
47220,16335,1341653680,RT,HEIF,9228
16527,36417,1341653740,RT,Galactic halo surrounds,9229
4259,26334,1341653800,MT,Spaghetti tastes better when twirled,9230
80431,4460,1341653860,RT,Kayak rapids are adrenaline,9231
354973,7067,1341653920,RE,Bitcoin dominance fluctuates,9232
132404,318856,1341653980,MT,Grassroots activism drives reform,9233
56038,12122,1341654040,RE,AI bias requires careful analysis,9234
6,5082,1341654100,RT,Denouement resolves plot,9235
50230,8756,1341654160,MT,Videos,9236
248648,54207,1341654220,RT,Eagles soar,9237
62358,22176,1341654280,RE,HEVC,9238
44125,61753,1341654340,RE,Globular clusters shine,9239
7279,12416,1341654400,RE,Ice cream sandwiches are double the joy,9240
15493,9017,1341654460,RT,Skating spins are elegance,9241
44133,35348,1341654520,RE,Altcoin seasons excite traders,9242
38817,93266,1341654580,RT,Civil society strengthens institutions,9243
7690,52474,1341654640,RT,AI transparency improves trust,9244
67215,31926,1341654700,RE,Ending satisfies or surprises,9245
2907,26186,1341654760,MT,Journalism,9246
40150,32977,1341654820,RE,Falcons dive,9247
59195,64652,1341654880,RT,Frame rates,9248
79724,47241,1341654940,RT,Interstellar gas drifts,9249
81403,9107,1341655000,RE,Oatmeal is underrated but powerful,9250
9906,110223,1341655060,MT,Handball goals are fast action,9251
7067,22397,1341655120,RE,Memecoins create hype,9252
31084,12223,1341655180,RT,Advocacy groups influence legislation,9253
4365,95913,1341655240,RT,AI explainability clarifies decisions,9254
2634,52497,1341655300,MT,Sequels continue narrative,9255
56011,1959,1341655360,RT,Magazines,9256
201745,16783,1341655420,RT,Hawks circle,9257
56518,96291,1341655480,RT,4K,9258
35421,247440,1341655540,MT,Cosmic dust scatters light,9259
34306,408,1341655600,RE,Waffles are a breakfast hug,9260
58032,18570,1341655660,RT,Water polo saves are heroic,9261
300860,50202,1341655720,RT,Speculative assets attract risk,9262
192273,18662,1341655780,MT,Lobbying impacts lawmaking,9263
6674,42064,1341655840,MT,AI datasets must be diverse,9264
23761,27635,1341655900,RE,Prequels explore origins,9265
75966,74036,1341655960,RE,Websites,9266
64789,16455,1341656020,RT,Owls hoot,9267
15458,57541,1341656080,RT,1080p,9268
11346,302869,1341656140,MT,Milky Way visible from Earth,9269
37567,28458,1341656200,RT,Fried eggs make mornings brighter,9270
2042,42034,1341656260,RE,Speed skating turns are sharp,9271
113373,152658,1341656320,MT,Long-term holding rewards patience,9272
154619,47010,1341656380,RT,Think tanks research policies,9273
236994,7825,1341656440,RE,AI models learn from data,9274
27036,17989,1341656500,MT,Spin-offs expand universe,9275
57024,38632,1341656560,RT,Forums,9276
102472,2349,1341656620,RE,Travel photography captures,9277
29259,1997,1341656680,MT,720p,9278
7215,369,1341656740,RT,Galactic center hosts Sagittarius A*,9279
26694,6657,1341656800,RE,Cinnamon rolls are sticky little pieces of heaven,9280
158400,221491,1341656860,MT,Kickboxing combos are fluid,9281
140517,33150,1341656920,RE,HODL builds wealth,9282
192273,132857,1341656980,MT,Policy analysis informs debate,9283
149261,208846,1341657040,RE,AI adapts to new information,9284
22555,197061,1341657100,MT,Remakes reinterpret classics,9285
52846,16523,1341657160,MT,Social,9286
3984,26079,1341657220,RT,Drone shots fly,9287
125593,7590,1341657280,MT,Slo-mo 120fps,9288
71888,37430,1341657340,MT,Star density increases inward,9289
138,485,1341657400,RT,Lasagna is layers of love,9290
7599,59893,1341657460,RE,CrossFit WODs test limits,9291
297268,28993,1341657520,MT,FOMO fuels market swings,9292
28664,52941,1341657580,RT,Expert testimony guides lawmakers,9293
29296,58549,1341657640,RE,AI improves efficiency,9294
37582,35434,1341657700,RE,Reboots refresh franchises,9295
5965,327,1341657760,MT,Culture,9296
83432,59636,1341657820,RE,Panoramas expand,9297
33831,66350,1341657880,MT,Slo-mo 240fps,9298
47759,111624,1341657940,RE,Outer rim is sparse,9299
73939,6657,1341658000,RE,Pizza with pineapple is a debate worth having,9300
57882,8398,1341658060,MT,Obstacle course finishes are triumph,9301
41736,16131,1341658120,RT,FUD drives caution,9302
35723,31084,1341658180,RT,Politics shapes nations and policies,9303
9108,220181,1341658240,RE,AI reduces human error,9304
115042,19258,1341658300,RT,Adaptations translate mediums,9305
190207,7540,1341658360,MT,Collection,9306
8293,27135,1341658420,RE,Time-lapses compress,9307
46192,181920,1341658480,RT,Cinematic recording,9308
86813,48350,1341658540,MT,Galactic rotation curves mystery,9309
67505,37567,1341658600,RT,Hot chocolate warms more than your hands,9310
23813,160725,1341658660,MT,Mountain biking trails are adventure,9311
35713,105315,1341658720,RT,Volatility provides opportunity,9312
8303,152942,1341658780,RT,Elections determine leadership,9313
249872,118304,1341658840,RE,AI accelerates research,9314
30799,34555,1341658900,MT,Comics inspire movies,9315
101806,14289,1341658960,RE,Restoration,9316
104320,44613,1341659020,RE,Slow motion highlights,9317
83127,66778,1341659080,RT,Audio zoom,9318
102682,58961,1341659140,RT,Milky Way is billions of years old,9319
95081,4986,1341659200,RE,Tacos Tuesday is a tradition for a reason,9320
206726,50967,1341659260,RT,Trail running paths are exploration,9321
80706,54066,1341659320,RE,Market cycles repeat,9322
206628,182011,1341659380,RT,Voting is a civic duty,9323
47666,12891,1341659440,RE,AI supports decision-making,9324
8806,13239,1341659500,RE,Books become films,9325
129824,15188,1341659560,RT,Hot rods,9326
2349,42173,1341659620,RT,Night photography amazes,9327
31564,53266,1341659680,RT,Noise reduction,9328
47821,198177,1341659740,MT,Milky Way has billions of stars,9329
201659,118088,1341659800,MT,Chicken soup cures everything,9330
959,6644,1341659860,RE,Freestyle skiing tricks are creativity,9331
45421,116924,1341659920,RT,Crypto trends evolve,9332
30097,11542,1341659980,RE,Political debates inform the public,9333
14539,15507,1341660040,MT,AI enhances creativity,9334
6,542,1341660100,MT,Video games are adapted,9335
1912,116191,1341660160,RE,Custom,9336
11365,288604,1341660220,MT,Landscape photography inspires,9337
50935,20399,1341660280,MT,Spatial audio,9338
56,7819,1341660340,MT,Sun is a Milky Way star,9339
84134,156400,1341660400,RT,Fresh bread makes a house feel like home,9340
40261,75493,1341660460,RT,Yoga poses are balance,9341
7020,39511,1341660520,RE,News influences sentiment,9342
80087,71871,1341660580,RT,Campaigns influence opinions,9343
60627,65380,1341660640,RE,AI personalizes experiences,9344
280798,129456,1341660700,RE,Fan films celebrate passion,9345
42689,14677,1341660760,MT,Engineering,9346
2839,16699,1341660820,MT,Street photography observes,9347
52908,75721,1341660880,RE,Dolby Vision,9348
51637,115543,1341660940,RT,Nearby stars include Alpha Centauri,9349
199877,3999,1341661000,RE,Smoothies are a party in a cup,9350
2517,4624,1341661060,RE,Pilates moves are control,9351
50325,116499,1341661120,RE,Media coverage impacts prices,9352
93062,32243,1341661180,RE,Legislation affects society,9353
2360,93258,1341661240,MT,AI is the future of technology,9354
27734,358,1341661300,RE,Short films condense stories,9355
173809,99369,1341661360,MT,Safety,9356
20117,167,1341661420,RE,Portrait photography connects,9357
462,13797,1341661480,RE,ProRAW,9358
14064,53477,1341661540,RE,Orion Arm contains our system,9359
7801,12022,1341661600,RT,Yogurt with honey is simplicity at its best,9360
7423,38695,1341661660,MT,Parkour vaults are agility,9361
40220,51749,1341661720,RE,Exchange listings boost liquidity,9362
659,13233,1341661780,RT,Public policy guides communities,9363
26684,65377,1341661840,MT,Artificial intelligence transforms technology,9364
11967,240806,1341661900,MT,Feature films immerse,9365
107766,88209,1341661960,RT,Efficiency,9366
2179,57319,1341662020,RE,Macro photography details,9367
4514,131729,1341662080,RT,Smart HDR,9368
4479,231650,1341662140,MT,Perseus Arm stretches far,9369
9107,53449,1341662200,MT,Roasted nuts are addictive and healthy,9370
59893,249802,1341662260,RE,Beach volleyball spikes are power,9371
55951,33105,1341662320,RT,Partnership announcements create optimism,9372
47477,60525,1341662380,MT,Government decisions impact lives,9373
8943,203735,1341662440,RE,Machine learning powers AI systems,9374
22512,6669,1341662500,MT,Mini-series explore depth,9375
13685,115382,1341662560,RE,Design,9376
14431,141905,1341662620,RE,Adventure photography thrills,9377
48190,26195,1341662680,MT,AI photography,9378
184606,1896,1341662740,RT,Scutum-Centaurus Arm massive,9379
42907,127964,1341662800,RT,Fish tacos are oceanic bliss,9380
59893,87319,1341662860,RE,Marathon training is discipline,9381
126458,370,1341662920,RE,Protocol upgrades improve functionality,9382
37803,329706,1341662980,RE,Political parties represent ideologies,9383
31137,84,1341663040,RE,Deep learning mimics the human brain,9384
11666,5796,1341663100,RT,Streaming originals reach audiences,9385
50218,87993,1341663160,MT,Market,9386
75480,50305,1341663220,RE,Wildlife photography observes,9387
49464,13640,1341663280,MT,Deep Fusion,9388
1971,79911,1341663340,MT,Galactic bar spans center,9389
991,22991,1341663400,RE,Stir-fry brings the wok to life,9390
119097,3372,1341663460,RE,Sprint practice is speed,9391
114159,93181,1341663520,MT,Smart contract innovations drive DeFi,9392
68729,2084,1341663580,RE,Diplomacy resolves conflicts,9393
23125,22832,1341663640,RE,Neural networks process complex data,9394
85042,179483,1341663700,RE,Limited series tell complete stories,9395
46825,5123,1341663760,MT,Manufacturers,9396
55443,17863,1341663820,MT,Travel writing narrates,9397
10225,147884,1341663880,RT,ISP,9398
84589,52512,1341663940,RE,Milky Way merges with satellites,9399
341871,67505,1341664000,RT,Chocolate mousse is a dreamy dessert,9400
13127,172167,1341664060,MT,Relay handoffs are precision,9401
58574,87129,1341664120,RT,NFT standards evolve,9402
324955,53508,1341664180,MT,International relations maintain peace,9403
8294,122155,1341664240,MT,AI automates repetitive tasks,9404
1574,59945,1341664300,RE,Anthologies provide variety,9405
2287,57024,1341664360,MT,Brands,9406
130816,6694,1341664420,RT,Storytelling informs,9407
3362,7340,1341664480,MT,Display brightness,9408
138635,11854,1341664540,MT,Magellanic Clouds orbit us,9409
23633,231574,1341664600,RE,Curry is a flavorful adventure,9410
2908,965,1341664660,RT,Judo throws are technique,9411
93500,10907,1341664720,MT,Token standards enable interoperability,9412
50282,93184,1341664780,RT,Political campaigns mobilize voters,9413
6674,998,1341664840,MT,Natural language processing understands text,9414
220,34248,1341664900,RT,Documentaries inform,9415
34333,59337,1341664960,RT,Advertising,9416
72839,2258,1341665020,RT,Poetry reflects,9417
116388,114428,1341665080,RE,True Tone,9418
115543,10691,1341665140,RE,Andromeda will collide,9419
133868,251204,1341665200,RT,Ice cream floats are nostalgia in a glass,9420
66730,10987,1341665260,MT,Karate katas are focus,9421
9951,176481,1341665320,RT,Crypto gaming attracts engagement,9422
35723,132857,1341665380,MT,Civil rights protect freedoms,9423
27037,7932,1341665440,RE,Computer vision interprets images,9424
2402,5082,1341665500,RT,Docuseries explore subjects,9425
50218,54226,1341665560,MT,Reviews,9426
16441,2746,1341665620,RT,Memoirs recall,9427
1795,16335,1341665680,RT,ProMotion,9428
207170,23430,1341665740,RE,Milky Way motion measured,9429
58159,435809,1341665800,RE,Quiche is brunch royalty,9430
54892,98433,1341665860,RE,Taekwondo kicks are speed,9431
175065,19944,1341665920,RE,Metaverse projects integrate assets,9432
46328,74604,1341665980,RE,Voting rights ensure equality,9433
51181,29519,1341666040,MT,Speech recognition enables communication,9434
94373,394034,1341666100,MT,Mockumentaries satirize reality,9435
243,78827,1341666160,MT,Ownership,9436
45884,31733,1341666220,MT,Guides instruct,9437
163806,13249,1341666280,RT,Color accuracy,9438
225087,35604,1341666340,RE,Stellar populations differ,9439
43607,289427,1341666400,RE,Pita bread opens a world of fillings,9440
2373,9229,1341666460,MT,Kickball home runs are fun,9441
4123,175065,1341666520,RT,Digital property becomes reality,9442
80087,35723,1341666580,MT,Policy reforms drive change,9443
176110,50200,1341666640,RT,AI chatbots interact with users,9444
190966,191834,1341666700,RT,Experimental films challenge norms,9445
71141,13620,1341666760,RT,Insurance,9446
281202,62904,1341666820,MT,Reviews inform,9447
52908,6658,1341666880,RT,OLED,9448
322484,16174,1341666940,RT,Population I stars young,9449
39464,9964,1341667000,MT,Fried rice is comfort in a bowl,9450
260683,238634,1341667060,RE,Softball doubles are teamwork,9451
8839,105315,1341667120,RE,DeFi aggregators optimize yield,9452
35109,60525,1341667180,RT,Political movements inspire action,9453
35062,17507,1341667240,RE,Robotics integrates AI for automation,9454
49351,10925,1341667300,RE,Independent cinema innovates,9455
32972,11677,1341667360,RT,Registration,9456
405665,95871,1341667420,RT,Tips advise,9457
38046,34963,1341667480,RT,Super Retina,9458
170689,9762,1341667540,RT,Population II stars old,9459
106825,46839,1341667600,RE,Bagel sandwiches are handheld joy,9460
8285,53801,1341667660,RT,Ping pong smashes are reflex,9461
5633,55466,1341667720,MT,Risk management protects capital,9462
68729,2160,1341667780,RE,Protests express public opinion,9463
93337,10063,1341667840,MT,AI algorithms optimize decisions,9464
36681,39523,1341667900,MT,Foreign films broaden perspectives,9465
465,40285,1341667960,RE,Taxes,9466
2882,101118,1341668020,RE,Recommendations help,9467
232850,112050,1341668080,MT,Screen refresh,9468
21949,8110,1341668140,RE,Population III stars first,9469
12344,10964,1341668200,RT,Smoothie bowls are colorful and delicious,9470
33758,38815,1341668260,MT,Dodgeball catches are strategy,9471
104791,31288,1341668320,RE,Education spreads awareness,9472
32243,118818,1341668380,RT,Elected officials serve constituents,9473
131851,220181,1341668440,RE,Predictive analytics forecasts trends,9474
3115,88716,1341668500,RT,Cinematography captures artistry,9475
443349,37503,1341668560,RT,Maintenance,9476
15821,162209,1341668620,RE,Itineraries organize,9477
37221,13797,1341668680,MT,Touch response,9478
31602,209539,1341668740,MT,White dwarfs abound,9479
29233,136111,1341668800,MT,Lemon tart is a sweet and tangy delight,9480
431,122438,1341668860,MT,Table football goals are fast,9481
50733,84831,1341668920,RE,Research drives development,9482
43701,282071,1341668980,RE,Political accountability matters,9483
34262,5375,1341669040,RE,Reinforcement learning improves performance,9484
55964,16970,1341669100,RT,Directorial style defines vision,9485
97197,37503,1341669160,RT,Licenses,9486
165970,41812,1341669220,RE,Maps navigate,9487
235455,80881,1341669280,RE,Haptic feedback,9488
61530,176994,1341669340,RT,Neutron stars exist,9489
33383,19159,1341669400,RE,Chicken wings are a party on a plate,9490
32226,184353,1341669460,RT,Rowing techniques are smooth,9491
145349,173407,1341669520,MT,Community engagement fosters growth,9492
35059,10894,1341669580,RT,Transparency builds trust,9493
41477,7825,1341669640,MT,AI enhances data analysis,9494
240806,121553,1341669700,RT,Editing structures story,9495
32526,138461,1341669760,RE,Recalls,9496
20683,73979,1341669820,RE,Apps assist,9497
3979,7592,1341669880,MT,Gesture navigation,9498
131538,86822,1341669940,MT,Pulsars emit beams,9499
93051,425025,1341670000,RE,Sourdough has character and charm,9500
128559,9091,1341670060,RT,Speed climbing holds are precise,9501
6645,58522,1341670120,MT,Investor participation fuels adoption,9502
4199,10685,1341670180,MT,Corruption undermines democracy,9503
33835,93066,1341670240,MT,AI personalizes user experiences,9504
177572,34555,1341670300,RE,Sound design enhances emotion,9505
59529,55965,1341670360,MT,Warranty,9506
14728,12755,1341670420,RE,Weather forecasts prepare,9507
85960,213163,1341670480,RT,Home indicator,9508
60848,9968,1341670540,RE,Black hole jets,9509
196276,26694,1341670600,MT,Ramen is a bowl of soul,9510
165916,67504,1341670660,RE,Powerlifting deadlifts are strength,9511
49610,11711,1341670720,RE,Blockchain infrastructure expands,9512
2350,308,1341670780,MT,Checks and balances maintain order,9513
201103,322774,1341670840,RT,Autonomous vehicles use AI,9514
84902,292109,1341670900,MT,Music scores create atmosphere,9515
107336,40398,1341670960,RT,Financing,9516
70550,7646,1341671020,RT,Travel alerts warn,9517
92116,11792,1341671080,MT,Side button,9518
61005,12698,1341671140,RT,Interstellar magnetic fields,9519
167007,88564,1341671200,RT,Chocolate bark is simple indulgence,9520
50675,225318,1341671260,RT,Trail biking hills are challenging,9521
50267,130815,1341671320,MT,Smart contract audits prevent exploits,9522
21296,195232,1341671380,RE,Political ideologies guide choices,9523
20191,106469,1341671440,MT,AI in healthcare diagnoses diseases,9524
19870,3146,1341671500,RT,Acting conveys realism,9525
43677,226183,1341671560,RT,Leasing,9526
29692,144615,1341671620,MT,Safety guides protect,9527
7411,238524,1341671680,RT,Volume buttons,9528
461,71311,1341671740,MT,Cosmic rays travel,9529
231574,194422,1341671800,RE,Muffins are breakfast’s gentle touch,9530
173993,44264,1341671860,MT,Obstacle racing challenges are intense,9531
2221,177431,1341671920,RE,Regulatory clarity reduces uncertainty,9532
316130,26629,1341671980,MT,Partisan politics create debate,9533
92500,229,1341672040,RT,AI in finance detects fraud,9534
57122,26753,1341672100,MT,Casting selects talent,9535
51289,14575,1341672160,RT,Rental,9536
209321,20175,1341672220,MT,Emergency contacts assist,9537
1250,31305,1341672280,MT,Silent switch,9538
59998,109401,1341672340,RE,Galactic winds blow,9539
349449,93502,1341672400,MT,Roasted garlic transforms any dish,9540
50329,4602,1341672460,RE,Skydiving jumps are freedom,9541
54550,123135,1341672520,RE,Innovation advances adoption,9542
133133,8209,1341672580,MT,Bipartisanship fosters compromise,9543
70236,22170,1341672640,MT,AI in marketing predicts behavior,9544
80491,22355,1341672700,RT,Production design builds worlds,9545
69815,87993,1341672760,RE,Sharing,9546
377122,781,1341672820,RT,Health tips prevent,9547
1577,5493,1341672880,MT,Power button,9548
131506,56449,1341672940,RT,Star clusters form,9549
81403,65682,1341673000,RE,Bruschetta is a bite of Italy,9550
973,121433,1341673060,MT,BMX stunts are daring,9551
7568,2247,1341673120,RT,Security ensures longevity,9552
15489,50311,1341673180,RE,Lobbying influences legislation,9553
11998,104613,1341673240,RE,AI in education customizes learning,9554
21643,276525,1341673300,MT,Costumes define character,9555
73171,11256,1341673360,RE,Ride-hailing,9556
106658,68278,1341673420,RE,Vaccinations required,9557
133572,50338,1341673480,RE,Lightning,9558
32502,360368,1341673540,RE,Open clusters young,9559
156400,433454,1341673600,RE,Porridge is slow morning comfort,9560
50275,30039,1341673660,RE,Triathlon swimming is endurance,9561
114982,60995,1341673720,RT,Utility drives demand,9562
314,3141,1341673780,RT,Political campaigns fund initiatives,9563
126181,417,1341673840,RT,AI in cybersecurity identifies threats,9564
16607,12514,1341673900,RT,Makeup transforms actors,9565
30714,5123,1341673960,MT,Autonomous,9566
33034,4059,1341674020,RE,Travel medicine advised,9567
49940,10819,1341674080,RT,MagSafe,9568
3024,19879,1341674140,MT,Globular clusters ancient,9569
93502,20011,1341674200,RE,Meatballs in tomato sauce are ultimate comfort,9570
109001,12751,1341674260,MT,Ironman cycling is stamina,9571
39410,6241,1341674320,MT,Scarcity creates value,9572
18284,152137,1341674380,RT,Grassroots movements gain momentum,9573
8889,437,1341674440,RE,AI models learn from data,9574
202812,4285,1341674500,RE,Special effects create spectacle,9575
16293,191140,1341674560,RT,Charging,9576
119333,30231,1341674620,MT,Insurance covers,9577
5493,136607,1341674680,MT,Wireless charging,9578
27004,273,1341674740,RE,Galactic bulge round,9579
34801,102477,1341674800,RE,Spinach salad with nuts is surprisingly delightful,9580
3390,1999,1341674860,RE,Soccer corner kicks are tactical,9581
20522,4509,1341674920,RE,Digital ownership empowers creators,9582
316130,79423,1341674980,MT,Political activism sparks change,9583
103008,285443,1341675040,MT,Supervised learning uses labeled data,9584
162469,5082,1341675100,RT,Visual effects enhance scenes,9585
74228,16523,1341675160,RT,Battery,9586
3138,447409,1341675220,RT,First aid ready,9587
5307,4378,1341675280,RE,Qi,9588
287085,28455,1341675340,RT,Disk thin and wide,9589
110370,97338,1341675400,MT,Cheesecake is creamy happiness,9590
78809,380767,1341675460,RT,Basketball dunks are exciting,9591
113373,175065,1341675520,RE,Tokenized assets transform markets,9592
181626,324955,1341675580,RE,Civil discourse strengthens democracy,9593
41477,44726,1341675640,RT,Unsupervised learning finds patterns,9594
209526,31450,1341675700,RT,Practical effects ground reality,9595
88671,65709,1341675760,RT,Range,9596
58411,62904,1341675820,RE,Travel planning saves,9597
26175,9106,1341675880,MT,Fast charging,9598
432466,9762,1341675940,RE,Halo spherical,9599
327935,144204,1341676000,MT,Falafel is crunchy vegetarian joy,9600
519,51729,1341676060,RT,Football field goals are precision,9601
13778,7717,1341676120,RT,Crypto futures and options hedge positions,9602
182011,93184,1341676180,MT,Media shapes political perception,9603
222,22832,1341676240,RE,Semi-supervised learning combines approaches,9604
344580,1431,1341676300,RT,Stunts provide thrill,9605
29225,9858,1341676360,MT,Wireless,9606
8021,46947,1341676420,MT,Budgeting manages,9607
20367,14731,1341676480,MT,Battery swaps,9608
187844,54486,1341676540,RE,Galactic plane visible,9609
1989,75448,1341676600,RE,Nachos are a party starter,9610
227122,89408,1341676660,RT,Baseball pitches are skill,9611
225908,152531,1341676720,RE,Leverage increases gains and risk,9612
659,69779,1341676780,RE,Political scandals affect trust,9613
80814,222,1341676840,RE,AI adapts to new information,9614
6551,31836,1341676900,RE,Lighting sets mood,9615
42354,3472,1341676960,RT,Grid,9616
181190,310776,1341677020,MT,Packing efficiently,9617
42168,16333,1341677080,MT,Water resistance,9618
303217,34809,1341677140,RT,Dark clouds obscure light,9619
97191,7279,1341677200,RT,Croquette is a crispy little treasure,9620
59332,124861,1341677260,RT,Hockey breakaways are tense,9621
117615,19837,1341677320,MT,Borrowing and lending platforms innovate finance,9622
9912,70424,1341677380,RE,Public opinion drives policy,9623
103439,18098,1341677440,MT,AI improves efficiency,9624
23576,120719,1341677500,RE,Camera work guides attention,9625
735,137242,1341677560,RT,Vehicle-to-grid,9626
16783,73485,1341677620,MT,Luggage organizes,9627
750,50401,1341677680,RT,Dust resistance,9628
2156,44125,1341677740,RT,Emission nebulae glow,9629
44126,18506,1341677800,RE,Fruit tarts are art on a plate,9630
19323,19178,1341677860,MT,Tennis volleys are fast,9631
191752,4375,1341677920,MT,Synthetic assets replicate exposure,9632
39147,30615,1341677980,RE,Referendums empower citizens,9633
203735,186674,1341678040,MT,AI reduces human error,9634
957,423897,1341678100,RE,Framing composes shots,9635
35376,54226,1341678160,MT,Smart,9636
2521,16990,1341678220,RT,Essentials packed,9637
128580,2662,1341678280,RE,Durability,9638
14600,166763,1341678340,RT,Reflection nebulae shine,9639
42179,10638,1341678400,MT,Shepherd’s pie warms both body and soul,9640
34928,38815,1341678460,RT,Golf putts are focus,9641
49974,4751,1341678520,RE,Cross-chain liquidity enhances markets,9642
26486,3376,1341678580,RE,Constitutional law governs nations,9643
1478,22053,1341678640,RE,AI powers smart assistants,9644
19150,191125,1341678700,MT,Color grading adjusts tone,9645
850,309547,1341678760,RE,Connected,9646
2308,33713,1341678820,RE,Clothing versatile,9647
11329,4444,1341678880,RT,Ceramic shield,9648
30228,36556,1341678940,RT,Planetary nebulae fade,9649
43607,43684,1341679000,RE,Smoothie popsicles are summer in your mouth,9650
121293,1828,1341679060,RT,Boxing jabs are quick,9651
11711,95881,1341679120,RE,Blockchain gaming integrates economics,9652
30826,35707,1341679180,RE,Judicial decisions affect policies,9653
100924,105731,1341679240,RE,AI accelerates research,9654
197061,49440,1341679300,MT,Film theory analyzes art,9655
2916,129960,1341679360,RE,V2V,9656
828,52030,1341679420,RE,Footwear comfortable,9657
223014,76290,1341679480,MT,Glass back,9658
57738,6974,1341679540,RE,Supernova remnants expand,9659
52502,32373,1341679600,MT,Breakfast sandwiches make mornings manageable,9660
27029,57279,1341679660,RE,Swimming strokes are technique,9661
30383,54222,1341679720,RE,NFT marketplaces connect creators and collectors,9662
214,118527,1341679780,RE,Executive orders guide action,9663
22053,13808,1341679840,MT,AI in agriculture optimizes yield,9664
35434,677,1341679900,RE,Genre studies categorize,9665
13820,11960,1341679960,RT,V2I,9666
39889,3393,1341680020,RE,Accessories useful,9667
18388,172972,1341680080,MT,Aluminum frame,9668
79783,36417,1341680140,RE,Molecular clouds collapse,9669
9991,206753,1341680200,RE,Pulled pork sliders are messy perfection,9670
214092,11844,1341680260,RE,Gymnastics routines are disciplined,9671
58518,44446,1341680320,RE,Metaverse development builds digital worlds,9672
16546,32424,1341680380,RE,Legislative processes create laws,9673
84,54200,1341680440,MT,AI in logistics streamlines delivery,9674
115042,24357,1341680500,MT,Auteur theory emphasizes vision,9675
34806,151460,1341680560,MT,AI,9676
18893,170862,1341680620,RE,Electronics charged,9677
66778,10339,1341680680,MT,Stainless steel,9678
461,61530,1341680740,MT,Protostars ignite,9679
101238,126091,1341680800,MT,Chocolate fondue brings everyone together,9680
15536,11135,1341680860,MT,Diving entries are perfect,9681
44446,116701,1341680920,RE,Decentralized finance evolves rapidly,9682
9682,8209,1341680980,RE,Political endorsements influence elections,9683
69642,42894,1341681040,RE,AI in manufacturing increases productivity,9684
4285,28273,1341681100,MT,Film history traces evolution,9685
58028,101854,1341681160,MT,ADAS,9686
37574,314122,1341681220,MT,Chargers ready,9687
34629,278585,1341681280,MT,Aerospace materials,9688
41725,18901,1341681340,MT,Main sequence stars,9689
15521,9351,1341681400,RT,Baked brie is cheesy heaven,9690
57279,2697,1341681460,RE,Skateboarding grinds are cool,9691
70066,12389,1341681520,RT,Protocol upgrades ensure competitiveness,9692
53508,22630,1341681580,RE,Political debates highlight issues,9693
12122,95913,1341681640,RE,AI simulations test scenarios,9694
12606,245594,1341681700,MT,Classic films inspire,9695
59520,80009,1341681760,MT,Traffic,9696
3845,68446,1341681820,RT,Adapters fit,9697
54863,21046,1341681880,RT,Antenna bands,9698
33787,12440,1341681940,RT,Red giants expand,9699
120742,7418,1341682000,MT,Pecan pie is nutty comfort,9700
4905,160725,1341682060,RT,Surfing maneuvers are stylish,9701
2673,16538,1341682120,RT,DAO governance democratizes decision-making,9702
13811,20152,1341682180,RT,Campaign promises set expectations,9703
50196,72269,1341682240,MT,AI in gaming enhances realism,9704
356981,337192,1341682300,MT,Cult films gain following,9705
5907,21979,1341682360,RT,Navigation,9706
468,128709,1341682420,RE,Power banks prepared,9707
29721,50350,1341682480,RE,Dual SIM,9708
1251,43518,1341682540,RT,White dwarfs cool,9709
166173,143824,1341682600,MT,Chicken curry smells like home,9710
158400,52469,1341682660,RT,Mountain climbing ropes are essential,9711
156739,87983,1341682720,RT,Staking rewards long-term support,9712
182011,58744,1341682780,RE,Political platforms outline goals,9713
79185,12012,1341682840,MT,AI in entertainment personalizes content,9714
47175,62666,1341682900,MT,Modern cinema innovates,9715
11555,31887,1341682960,RE,Predictive,9716
70080,93313,1341683020,RE,Documents ready,9717
3979,358393,1341683080,RT,eSIM,9718
78528,139746,1341683140,RT,Neutron stars dense,9719
165636,40305,1341683200,RE,Veggie burgers prove flavor isn’t all meat,9720
389,228125,1341683260,RT,Cycling climbs are tough,9721
24967,38009,1341683320,MT,Validator participation secures networks,9722
91040,23727,1341683380,MT,Political strategy drives success,9723
19908,45843,1341683440,RE,AI ethics guides responsible use,9724
99,121028,1341683500,MT,Blockbusters draw crowds,9725
30639,24932,1341683560,RT,Fleet,9726
12352,3424,1341683620,MT,Passports valid,9727
38046,259237,1341683680,RE,Nano SIM,9728
71218,54856,1341683740,MT,Black holes massive,9729
32204,13137,1341683800,RE,Garlic shrimp is seafood magic,9730
389,6643,1341683860,RE,Marathon hydration is crucial,9731
340987,109972,1341683920,RT,Crypto analytics monitor activity,9732
14926,41854,1341683980,RT,Political polling measures support,9733
70037,123417,1341684040,MT,AI biases require mitigation,9734
240806,394034,1341684100,RE,Indie films push boundaries,9735
6331,2907,1341684160,RT,Logistics,9736
154350,47631,1341684220,RT,Visas secured,9737
73941,10896,1341684280,MT,Storage,9738
74295,41278,1341684340,RT,Star formation active,9739
42179,24704,1341684400,RE,Bagels with cream cheese are a classic love story,9740
3300,260698,1341684460,MT,Ski slaloms are tricky,9741
67501,77548,1341684520,RT,On-chain data informs strategy,9742
43673,32424,1341684580,RE,Election campaigns engage voters,9743
129929,255849,1341684640,RE,AI explainability builds trust,9744
26930,37451,1341684700,RT,Streaming shifts distribution,9745
88209,4717,1341684760,MT,Trucking,9746
29081,95871,1341684820,RT,Tickets booked,9747
63143,1548,1341684880,RE,64GB,9748
184606,17332,1341684940,MT,Star death spectacular,9749
47626,14437,1341685000,RT,Roasted carrots are sweet and simple,9750
249,96730,1341685060,RE,Snowboard rails are stylish,9751
6150,9100,1341685120,RE,Wallet tracking reveals adoption,9752
32219,49741,1341685180,RE,Political speeches inspire audiences,9753
103439,26538,1341685240,RT,AI transparency ensures accountability,9754
95377,5082,1341685300,RE,Cinema experiences captivate,9755
26289,102082,1341685360,RE,Transport,9756
30231,7313,1341685420,RE,Accommodation confirmed,9757
126428,95629,1341685480,MT,128GB,9758
1284,21832,1341685540,MT,Galactic evolution ongoing,9759
7533,3584,1341685600,MT,Cobb salad is a full meal in a bowl,9760
69611,2898,1341685660,RE,Rowing cadence is teamwork,9761
31696,10710,1341685720,RE,Market sentiment guides trading,9762
287121,20152,1341685780,MT,Political fundraising supports initiatives,9763
12686,109191,1341685840,RT,AI in climate science models change,9764
10925,292109,1341685900,RE,Film festivals celebrate artistry,9765
6350,490,1341685960,RE,Carpooling,9766
170862,16783,1341686020,MT,Reservations held,9767
278797,81427,1341686080,MT,256GB,9768
13799,222578,1341686140,RT,Milky Way rotates,9769
248220,144099,1341686200,MT,Shepherd’s pie is a hug in a dish,9770
59985,40297,1341686260,MT,Wrestling grips are strong,9771
8603,108224,1341686320,RT,News cycles drive volatility,9772
42170,2180,1341686380,RE,Political rallies energize supporters,9773
23648,5137,1341686440,RE,AI for energy optimization saves resources,9774
12938,157238,1341686500,RE,Awards recognize excellence,9775
182158,19153,1341686560,MT,Mobility,9776
39928,55443,1341686620,RT,Transportation arranged,9777
8598,9278,1341686680,MT,512GB,9778
22806,17460,1341686740,RT,Differential rotation,9779
867,14154,1341686800,RE,Cornbread is golden joy,9780
227353,9017,1341686860,RE,Archery aim is steady,9781
11611,12389,1341686920,RT,Media coverage shapes perception,9782
346917,891,1341686980,RE,Voter registration enables participation,9783
26153,408904,1341687040,RE,AI enhances creativity,9784
423897,208845,1341687100,RE,Box office measures success,9785
31624,2555,1341687160,RE,Sustainable,9786
235593,74783,1341687220,MT,Transfers scheduled,9787
2645,189670,1341687280,MT,1TB,9788
32195,89805,1341687340,RE,Spiral density waves,9789
180890,408,1341687400,MT,Apple crisp is cozy dessert,9790
34798,2373,1341687460,RE,Fencing parries are tactical,9791
806,364386,1341687520,RT,Exchange listings increase exposure,9792
71,91843,1341687580,MT,Civic engagement strengthens democracy,9793
104613,51181,1341687640,RE,AI supports decision-making,9794
78220,68099,1341687700,RT,Critical acclaim influences perception,9795
7540,31028,1341687760,RE,Alternative fuels,9796
14588,4328,1341687820,RE,Guides hired,9797
56518,310048,1341687880,MT,Pricing,9798
59324,72388,1341687940,RT,Galactic bar rotates,9799
76,20011,1341688000,RE,Fruit salad is nature’s candy,9800
98433,122175,1341688060,MT,Weightlifting squats are foundational,9801
31288,9919,1341688120,MT,Partnerships expand ecosystems,9802
16296,67950,1341688180,RT,Policy analysis informs decisions,9803
15310,51704,1341688240,RT,AI in law aids analysis,9804
80491,10925,1341688300,RE,Audience reception guides trends,9805
50230,59915,1341688360,RT,Hydrogen,9806
8293,35369,1341688420,MT,Tours planned,9807
10225,57754,1341688480,MT,Value,9808
42909,93162,1341688540,MT,Interarm regions quiet,9809
181887,94,1341688600,RE,Mushroom risotto is creamy perfection,9810
70120,4460,1341688660,RE,Cheer formations are precise,9811
364386,19887,1341688720,RT,Community voting directs projects,9812
4239,35723,1341688780,RT,Political advisors guide leaders,9813
20273,12122,1341688840,RE,AI in HR streamlines recruitment,9814
357,13239,1341688900,MT,Social media spreads awareness,9815
91948,38632,1341688960,RE,Biofuels,9816
35369,32438,1341689020,RT,Activities booked,9817
238524,95629,1341689080,RE,Resale,9818
40886,9968,1341689140,RE,Dust lanes dark,9819
196130,73337,1341689200,RE,Pulled chicken tacos are easy weeknight bliss,9820
420228,90578,1341689260,RT,Lacrosse passes are quick,9821
30742,47490,1341689320,RT,Tokenomics balance supply and demand,9822
2059,1231,1341689380,MT,Think tanks research policies,9823
68702,58739,1341689440,MT,AI in customer service improves satisfaction,9824
21062,27185,1341689500,MT,Fan communities engage,9825
24220,136170,1341689560,RE,Hybrid,9826
72217,231955,1341689620,MT,Events attended,9827
22176,37820,1341689680,RE,Trade-in,9828
35334,58961,1341689740,RE,Milky Way photographed,9829
39888,40312,1341689800,MT,Grilled vegetables taste smoky and rich,9830
4905,9091,1341689860,RE,Rugby tackles are intense,9831
88801,17172,1341689920,RT,Liquidity incentives attract capital,9832
318856,21296,1341689980,RT,Political commentary shapes opinions,9833
168933,74040,1341690040,MT,AI frameworks simplify development,9834
79100,89925,1341690100,RT,Movie nights create memories,9835
388737,20483,1341690160,RE,Regulations,9836
3419,56733,1341690220,RE,Restaurants reserved,9837
12466,21606,1341690280,MT,Carrier locked,9838
122488,14355,1341690340,MT,Astrophotography popular,9839
360,167007,1341690400,MT,French toast is breakfast luxury,9840
7505,39959,1341690460,RE,Cricket batting is strategic,9841
28476,2866,1341690520,MT,Airdrops engage users,9842
10214,20152,1341690580,MT,Opinion polls track sentiment,9843
220181,38250,1341690640,MT,AI datasets require quality,9844
52490,118381,1341690700,MT,Home viewing provides convenience,9845
73171,75083,1341690760,MT,Emission,9846
188858,363,1341690820,RE,Local cuisine sampled,9847
10140,75846,1341690880,RT,Unlocked,9848
6534,338829,1341690940,RT,Galactic center studied,9849
51168,29315,1341691000,RE,Baked potatoes are simple and satisfying,9850
39666,10446,1341691060,MT,Horse gallops are freedom,9851
241536,309611,1341691120,RE,Token burns manage scarcity,9852
157348,28976,1341691180,RE,Political campaigns utilize media,9853
257094,43597,1341691240,RE,AI in finance manages risk,9854
66468,177746,1341691300,MT,Theater experiences immerse,9855
131668,7214,1341691360,RE,Standards,9856
59636,64864,1341691420,RT,Markets explored,9857
208867,6651,1341691480,MT,Network 5G,9858
44125,252174,1341691540,RE,Infrared reveals,9859
289427,58095,1341691600,RE,Chocolate brownies are intense happiness,9860
77432,2654,1341691660,MT,Bowling spares are satisfying,9861
84831,31696,1341691720,RT,Yield farming maximizes returns,9862
202696,59784,1341691780,RE,Political messaging influences voters,9863
42064,51889,1341691840,RE,AI in healthcare predicts outcomes,9864
50273,353357,1341691900,RE,IMAX and 3D enhance visuals,9865
816,32526,1341691960,MT,Crash,9866
73979,72145,1341692020,RT,Festivals enjoyed,9867
126428,196786,1341692080,MT,LTE,9868
10121,10650,1341692140,RT,Radio waves penetrate,9869
51168,47184,1341692200,RT,Tomato soup and grilled cheese is a classic combo,9870
329707,6695,1341692260,MT,Sailing tacks are sharp,9871
1720,4485,1341692320,MT,DeFi protocols innovate finance,9872
99104,164123,1341692380,MT,Political advertising drives awareness,9873
62673,4567,1341692440,RT,AI speech synthesis generates voices,9874
14554,358,1341692500,RT,Popcorn completes tradition,9875
75966,42432,1341692560,RE,Safety,9876
13641,30185,1341692620,RT,Cultural sites visited,9877
2870,12281,1341692680,RT,Wi-Fi 6,9878
42909,56426,1341692740,RT,X-rays detect high energy,9879
31086,26694,1341692800,RT,Stuffed peppers are a colorful meal,9880
226536,55382,1341692860,MT,Kayak strokes are rhythmic,9881
47490,13700,1341692920,RT,Privacy technologies enhance security,9882
35365,104768,1341692980,MT,Political endorsements signal support,9883
20191,65377,1341693040,MT,AI in IoT powers smart devices,9884
55964,378013,1341693100,RT,Cinema preserves storytelling,9885
285185,107766,1341693160,RT,Environment,9886
172599,93313,1341693220,RE,Historical landmarks seen,9887
54301,4378,1341693280,RE,Bluetooth,9888
35352,278652,1341693340,RE,Gamma rays trace events,9889
242934,68474,1341693400,RE,Guacamole is green gold,9890
61287,128559,1341693460,RE,Skating jumps are beautiful,9891
53885,34719,1341693520,RT,Layer 2 solutions reduce congestion,9892
77616,50282,1341693580,RT,Political leadership requires responsibility,9893
9108,9903,1341693640,RT,AI enables predictive maintenance,9894
77167,677,1341693700,RT,Movies reflect society,9895
42178,14825,1341693760,RT,Recycling,9896
104802,29692,1341693820,RT,Natural wonders admired,9897
68869,15407,1341693880,MT,NFC,9898
17207,38672,1341693940,RT,Microlensing finds planets,9899
2001,167376,1341694000,RT,Lemonade with mint is refreshing magic,9900
10340,23946,1341694060,RE,Handball throws are fast,9901
76165,204760,1341694120,MT,Cross-chain bridges enable interoperability,9902
28664,54223,1341694180,MT,Diplomatic negotiations resolve conflicts,9903
62673,12748,1341694240,RT,AI in supply chain predicts demand,9904
15328,4322,1341694300,RT,Film shapes culture,9905
16708,198048,1341694360,MT,Manufacturing,9906
4652,42922,1341694420,RE,Beaches relaxed,9907
8598,14604,1341694480,RE,U1 chip,9908
497,23430,1341694540,RE,Exoplanets discovered,9909
132118,433454,1341694600,MT,Homemade ice cream beats store-bought every time,9910
19178,38234,1341694660,RT,Water polo passes are precise,9911
122030,156668,1341694720,MT,Sharding scales networks,9912
35707,6929,1341694780,RT,International treaties formalize agreements,9913
297144,104613,1341694840,MT,AI in transportation optimizes routes,9914
12276,115042,1341694900,RE,Art influences thought,9915
170090,14825,1341694960,RE,Cars combine engineering and art,9916
6694,53331,1341695020,RT,Mountains hiked,9917
272862,11876,1341695080,MT,Sensors,9918
6940,144933,1341695140,MT,Stellar motions tracked,9919
65,19424,1341695200,MT,Eggplant parmesan is veggie comfort,9920
26004,4350,1341695260,MT,Speed skating sprints are intense,9921
71277,20730,1341695320,RT,Zero-knowledge proofs protect data,9922
26691,106758,1341695380,RT,Trade agreements impact economies,9923
216246,29482,1341695440,RT,AI in retail personalizes shopping,9924
52497,2689,1341695500,RT,Entertainment connects people,9925
136170,12904,1341695560,RT,Automobiles drive innovation,9926
2258,23979,1341695620,MT,Forests walked,9927
49673,76290,1341695680,MT,Accelerometer,9928
93162,67721,1341695740,MT,Proper motion measured,9929
1647,15521,1341695800,RE,Pesto pasta is a fragrant delight,9930
125327,122438,1341695860,RE,Kickboxing defenses are smart,9931
116499,100127,1341695920,RE,Decentralized identity empowers users,9932
15794,40608,1341695980,RE,Political alliances form coalitions,9933
39124,235473,1341696040,RT,AI in robotics enables autonomy,9934
20263,16607,1341696100,RT,Storytelling evokes emotion,9935
11443,32972,1341696160,RT,Electric vehicles shape the future,9936
52087,413601,1341696220,MT,Deserts trekked,9937
92116,10140,1341696280,MT,Gyroscope,9938
17332,51702,1341696340,RE,Radial velocity known,9939
22627,76414,1341696400,RE,Carrot cake is moist and sweet,9940
35180,61891,1341696460,RE,CrossFit lifts are challenging,9941
154584,50733,1341696520,RE,NFT adoption grows,9942
70102,324955,1341696580,RE,Coalition governments share power,9943
137451,77058,1341696640,RT,AI in language translation bridges gaps,9944
99,168548,1341696700,RT,Characters resonate with viewers,9945
280,59337,1341696760,RT,Hybrid cars balance power and efficiency,9946
281202,67580,1341696820,RE,Rivers crossed,9947
53266,7791,1341696880,RT,Barometer,9948
10121,75780,1341696940,MT,Cepheid variables distance,9949
401447,30973,1341697000,RT,Bruschetta with tomatoes is simple perfection,9950
134505,167245,1341697060,RE,Obstacle climbing is demanding,9951
71277,2288,1341697120,RT,Gaming NFTs reward play,9952
140402,93266,1341697180,MT,Political compromise achieves progress,9953
8889,46754,1341697240,MT,AI in media personalizes recommendations,9954
3134,85856,1341697300,RE,Plots entertain and inform,9955
46752,80920,1341697360,RE,Luxury cars showcase design,9956
8021,253,1341697420,RT,Lakes admired,9957
53266,2387,1341697480,MT,Proximity sensor,9958
124398,257868,1341697540,RE,RR Lyrae variables distance,9959
19843,19159,1341697600,MT,Shrimp scampi is a buttery dream,9960
116495,113517,1341697660,RE,Mountain biking jumps are thrilling,9961
22451,17531,1341697720,RT,Art NFTs enable ownership,9962
58264,54258,1341697780,MT,Policy debates shape legislation,9963
65377,59266,1341697840,RT,AI in social media detects trends,9964
70958,44869,1341697900,RE,Themes explore ideas,9965
67521,3642,1341697960,MT,Sports cars thrill drivers,9966
37341,17676,1341698020,RT,Wildlife observed,9967
98204,49940,1341698080,MT,Ambient light sensor,9968
56333,10128,1341698140,RT,Parallax measures nearby stars,9969
114027,61890,1341698200,RE,Deviled eggs are tiny bites of joy,9970
28250,121433,1341698260,MT,Trail running endurance is tested,9971
18561,10710,1341698320,MT,Metaverse integration creates digital worlds,9972
14890,201077,1341698380,MT,Legislative sessions pass laws,9973
216246,11998,1341698440,MT,AI models require training,9974
67215,542,1341698500,MT,Symbolism adds layers,9975
20111,50218,1341698560,RE,SUVs offer versatility,9976
103451,52030,1341698620,RE,Photography captured,9977
81427,16011,1341698680,MT,LiDAR,9978
32274,54856,1341698740,RT,Galactic archeology studies history,9979
167070,9798,1341698800,RT,Chocolate truffles are rich happiness,9980
230569,302568,1341698860,MT,Freestyle skiing jumps are daring,9981
12375,2236,1341698920,RE,Crypto education spreads knowledge,9982
74604,3239,1341698980,RT,Committee hearings examine issues,9983
27436,79648,1341699040,RT,AI training needs computing power,9984
677,11355,1341699100,RE,Film remains a powerful medium,9985
89016,35354,1341699160,RE,Sedans provide comfort,9986
73496,294416,1341699220,MT,Videography filmed,9987
4693,181920,1341699280,RE,Depth sensing,9988
19844,67721,1341699340,RE,Chemical composition analyzed,9989
4259,10964,1341699400,MT,Clam chowder is creamy and hearty,9990
8902,329707,1341699460,MT,Yoga stretches are mindful,9991
5437,35348,1341699520,RE,Research and development drive innovation,9992
132857,7269,1341699580,MT,Political activism promotes change,9993
162863,207711,1341699640,RE,AI evaluation measures performance,9994
128382,220468,1341699700,RE,Movies inspire imagination,9995
237343,162402,1341699760,RE,Hatchbacks maximize practicality,9996
45391,98212,1341699820,RT,Sketches drawn,9997
86631,128580,1341699880,RT,AR experiences,9998
104774,1251,1341699940,RE,Metallicity varies,9999
